T7D00 000:002.266   SEGGER J-Link V9.14a Log File
T7D00 000:002.473   DLL Compiled: Jan 28 2026 17:11:52
T7D00 000:002.481   Logging started @ 2026-08-20 10:53
T7D00 000:002.489   Process: C:\Users\Rainy\.eclipse\com.renesas.platform_823709855\DebugComp\RA\e2-server-gdb.exe
T7D00 000:002.503 - 2.498ms 
T7D00 000:002.523 JLINK_GetDLLVersion()
T7D00 000:002.531 - 0.009ms returns 91401
T7D00 000:008.624 JLINK_OpenEx(...)
T7D00 000:022.711   Firmware: J-Link OB-RA4M2 compiled Dec 10 2025 15:52:53
T7D00 000:025.244   Firmware: J-Link OB-RA4M2 compiled Dec 10 2025 15:52:53
T7D00 000:043.091   Hardware: V1.00
T7D00 000:043.116   S/N: 1083220728
T7D00 000:043.122   OEM: SEGGER
T7D00 000:043.134   Feature(s): None
T7D00 000:043.836   Bootloader: 2021 May 14
T7D00 000:045.638   USB speed mode: Full speed (12 MBit/s)
T7D00 000:046.140   TELNET listener socket opened on port 19021
T7D00 000:046.375   WEBSRV WEBSRV_Init(): Starting webserver thread(s)
T7D00 000:046.491   WEBSRV Failed to put socket into listener state (port 19080)
T7D00 000:046.605   WEBSRV Webserver running on local port 19081
T7D00 000:046.836   Looking for J-Link GUI Server exe at: C:\Users\Rainy\.eclipse\com.renesas.platform_823709855\DebugComp\RA\ARM\Segger_v9.14.1\JLinkGUIServer.exe
T7D00 000:046.948   Looking for J-Link GUI Server exe at: C:\Program Files\SEGGER\JLink_V942\JLinkGUIServer.exe
T7D00 000:046.988   Forking J-Link GUI Server: C:\Program Files\SEGGER\JLink_V942\JLinkGUIServer.exe
T7D00 000:086.955   J-Link GUI Server info: "J-Link GUI server V9.42 "
T7D00 000:087.329 - 78.693ms returns "O.K."
T7D00 000:087.502 JLINK_ExecCommand("ProjectFile=D:\RA\second\rainy_dual_CPU1/rainy_dual_CPU1 Debug_Attach.jlink", ...). 
T7D00 000:108.598 - 21.098ms returns 0x00
T7D00 000:108.993 JLINK_ExecCommand("device=R7KA8P1KF_CPU1", ...). 
T7D00 000:110.611   Flash bank @ 0x02000000: SFL: Parsing sectorization info from ELF file
T7D00 000:110.629     FlashDevice.SectorInfo[0]: .SectorSize = 0x00000800, .SectorStartAddr = 0x00000000
T7D00 000:110.636   FlashBank @0x02000000: Sectorization info from SFL ELF file ignored because sectorization override from DLL / XML file is active.
T7D00 000:111.030   Flash bank @ 0x02E07400: SFL: Parsing sectorization info from ELF file
T7D00 000:111.040     FlashDevice.SectorInfo[0]: .SectorSize = 0x00000010, .SectorStartAddr = 0x00000000
T7D00 000:111.046   FlashBank @0x02C9F020: Sectorization info from SFL ELF file ignored because sectorization override from DLL / XML file is active.
T7D00 000:111.059   Flash bank @ 0x02E07400: SFL: Parsing sectorization info from ELF file
T7D00 000:111.064     FlashDevice.SectorInfo[0]: .SectorSize = 0x00000010, .SectorStartAddr = 0x00000000
T7D00 000:111.070   FlashBank @0x02E07400: Sectorization info from SFL ELF file ignored because sectorization override from DLL / XML file is active.
T7D00 000:111.088   Flash bank @ 0x12000000: SFL: Parsing sectorization info from ELF file
T7D00 000:111.094     FlashDevice.SectorInfo[0]: .SectorSize = 0x00000800, .SectorStartAddr = 0x00000000
T7D00 000:111.100   FlashBank @0x12000000: Sectorization info from SFL ELF file ignored because sectorization override from DLL / XML file is active.
T7D00 000:111.530   Flash bank @ 0x12E07400: SFL: Parsing sectorization info from ELF file
T7D00 000:111.548     FlashDevice.SectorInfo[0]: .SectorSize = 0x00000010, .SectorStartAddr = 0x00000000
T7D00 000:111.555   FlashBank @0x12C9F4C0: Sectorization info from SFL ELF file ignored because sectorization override from DLL / XML file is active.
T7D00 000:111.571   Flash bank @ 0x12E07400: SFL: Parsing sectorization info from ELF file
T7D00 000:111.578     FlashDevice.SectorInfo[0]: .SectorSize = 0x00000010, .SectorStartAddr = 0x00000000
T7D00 000:111.584   FlashBank @0x12E07780: Sectorization info from SFL ELF file ignored because sectorization override from DLL / XML file is active.
T7D00 000:111.645   Flash bank @ 0x70000000: SFL: Parsing sectorization info from ELF file
T7D00 000:111.651     FlashDevice.SectorInfo[0]: .SectorSize = 0x00010000, .SectorStartAddr = 0x00000000
T7D00 000:118.976   Flash bank @ 0x78000000: SFL: Parsing sectorization info from ELF file
T7D00 000:119.012     FlashDevice.SectorInfo[0]: .SectorSize = 0x00010000, .SectorStartAddr = 0x00000000
T7D00 000:127.114   Flash bank @ 0x80000000: SFL: Parsing sectorization info from ELF file
T7D00 000:127.149     FlashDevice.SectorInfo[0]: .SectorSize = 0x00010000, .SectorStartAddr = 0x00000000
T7D00 000:141.149   Flash bank @ 0x90000000: SFL: Parsing sectorization info from ELF file
T7D00 000:141.180     FlashDevice.SectorInfo[0]: .SectorSize = 0x00010000, .SectorStartAddr = 0x00000000
T7D00 000:154.990   Device "R7KA8P1KF_CPU1" selected.
T7D00 000:155.556 - 46.562ms returns 0x00
T7D00 000:155.599 JLINK_TIF_GetAvailable(...)
T7D00 000:155.902 - 0.301ms 
T7D00 000:155.935 JLINK_TIF_Select(JLINKARM_TIF_SWD)
T7D00 000:156.543 - 0.608ms returns 0x00
T7D00 000:156.565 JLINK_SetSpeed(4000)
T7D00 000:156.653 - 0.089ms 
T7D00 000:156.683 JLINK_ReadMem(0xE000EDF0, 0x4 Bytes, ...)
T7D00 000:156.865   ConfigTargetSettings() start
T7D00 000:156.873    J-Link Script File: Executing ConfigTargetSettings()
T7D00 000:156.880   Configuring FlashDLNoRMWThreshold=0x200 in order to make sure that option bytes programming is done via read-modify-write
T7D00 000:169.872   ConfigTargetSettings() end - Took 12.9ms
T7D00 000:169.886   InitTarget() start
T7D00 000:169.893    J-Link Script File: Executing InitTarget()
T7D00 000:169.898   Identifying target device...
T7D00 000:169.904   SWD selected. Executing JTAG -> SWD switching sequence...
T7D00 000:170.747   Initializing DAP...
T7D00 000:171.558   DAP initialized successfully.
T7D00 000:171.571   Enabling secondary core if necessary...
T7D00 000:172.557     Secondary core already enabled. Performing attach...
T7D00 000:172.583   Determining TrustZone configuration...
T7D00 000:173.498     Secure Debug: Enabled (SSD)
T7D00 000:173.507   Determining currently configured transfer type by reading the AHB-AP CSW register.
T7D00 000:174.077     --> Correct transfer type configured. Done.
T7D00 000:174.086   InitTarget() end - Took 4.19ms
T7D00 000:174.568   Found SW-DP with ID 0x6BA02477
T7D00 000:176.472   DPIDR: 0x6BA02477
T7D00 000:176.484   CoreSight SoC-400 or earlier
T7D00 000:176.494   AP map detection skipped. Manually configured AP map found.
T7D00 000:176.502   AP[0]: AHB-AP (IDR: Not set, ADDR: 0x00000000)
T7D00 000:176.507   AP[1]: APB-AP (IDR: Not set, ADDR: 0x00000000)
T7D00 000:176.513   AP[2]: AHB-AP (IDR: Not set, ADDR: 0x00000000)
T7D00 000:177.314   AP[2]: Core found
T7D00 000:177.322   AP[2]: AHB-AP ROM base: 0xE00FE000
T7D00 000:177.777   CPUID register: 0x410FD214. Implementer code: 0x41 (ARM)
T7D00 000:177.785   Feature set: Mainline
T7D00 000:178.271   Cache: No cache
T7D00 000:178.280   Found Cortex-M33 r0p4, Little endian.
T7D00 000:178.583   -- Max. mem block: 0x0001D328
T7D00 000:179.171   
  ***** Warning: 
T7D00 000:179.178   Cortex-M: NonCacheAwareDebugAHBAP == 1 specified but there is no workaround available for the connected core. Proper debug functionality cannot be guaranteed
T7D00 000:179.406   CPU_ReadMem(4 bytes @ 0xE000EDF0)
T7D00 000:179.824   CPU_WriteMem(4 bytes @ 0xE000EDF0)
T7D00 000:180.156   CPU_ReadMem(4 bytes @ 0xE0002000)
T7D00 000:180.525   FPUnit: 8 code (BP) slots and 0 literal slots
T7D00 000:180.543   CPU_ReadMem(4 bytes @ 0xE000EDFC)
T7D00 000:180.829   CPU_ReadMem(4 bytes @ 0xE0001000)
T7D00 000:181.095   CPU_ReadMem(4 bytes @ 0xE0001000)
T7D00 000:181.354   CPU_ReadMem(4 bytes @ 0xE0001028)
T7D00 000:181.615   CPU_ReadMem(4 bytes @ 0xE0001038)
T7D00 000:181.879   CPU_ReadMem(4 bytes @ 0xE0001048)
T7D00 000:182.169   CPU_ReadMem(4 bytes @ 0xE0001058)
T7D00 000:182.497   CPU_WriteMem(4 bytes @ 0xE0001000)
T7D00 000:182.804   CPU_ReadMem(4 bytes @ 0xE000ED88)
T7D00 000:183.134   CPU_WriteMem(4 bytes @ 0xE000ED88)
T7D00 000:183.402   CPU_ReadMem(4 bytes @ 0xE000ED88)
T7D00 000:183.679   CPU_WriteMem(4 bytes @ 0xE000ED88)
T7D00 000:184.096   CPU_ReadMem(4 bytes @ 0xE000EFB8)
T7D00 000:184.364   Security extension: implemented
T7D00 000:184.373   Secure debug: enabled
T7D00 000:184.379   CoreSight components:
T7D00 000:184.384   ROMTbl[0] @ E00FE000
T7D00 000:184.391   CPU_ReadMem(64 bytes @ 0xE00FE000)
T7D00 000:185.102   CPU_ReadMem(32 bytes @ 0xE00FFFE0)
T7D00 000:185.556   [0][0]: E00FF000 CID B105100D PID 000BB4C9 ROM Table
T7D00 000:185.572   ROMTbl[1] @ E00FF000
T7D00 000:185.587   CPU_ReadMem(64 bytes @ 0xE00FF000)
T7D00 000:186.273   CPU_ReadMem(32 bytes @ 0xE000EFE0)
T7D00 000:186.834   CPU_ReadMem(4 bytes @ 0xE000EFBC)
T7D00 000:187.393   CPU_ReadMem(4 bytes @ 0xE000EFCC)
T7D00 000:187.730   [1][0]: E000E000 CID B105900D PID 000BBD21 DEVARCH 47702A04 DEVTYPE 00 Cortex-M33
T7D00 000:187.744   CPU_ReadMem(32 bytes @ 0xE0001FE0)
T7D00 000:188.188   CPU_ReadMem(4 bytes @ 0xE0001FBC)
T7D00 000:188.508   CPU_ReadMem(4 bytes @ 0xE0001FCC)
T7D00 000:188.773   [1][1]: E0001000 CID B105900D PID 000BBD21 DEVARCH 47701A02 DEVTYPE 00 DWT
T7D00 000:188.780   CPU_ReadMem(32 bytes @ 0xE0002FE0)
T7D00 000:189.253   CPU_ReadMem(4 bytes @ 0xE0002FBC)
T7D00 000:189.541   CPU_ReadMem(4 bytes @ 0xE0002FCC)
T7D00 000:189.806   [1][2]: E0002000 CID B105900D PID 000BBD21 DEVARCH 47701A03 DEVTYPE 00 FPB
T7D00 000:189.815   CPU_ReadMem(32 bytes @ 0xE0000FE0)
T7D00 000:190.327   CPU_ReadMem(4 bytes @ 0xE0000FBC)
T7D00 000:190.628   CPU_ReadMem(4 bytes @ 0xE0000FCC)
T7D00 000:190.903   [1][3]: E0000000 CID B105900D PID 000BBD21 DEVARCH 47701A01 DEVTYPE 43 ITM
T7D00 000:190.914   CPU_ReadMem(32 bytes @ 0xE0041FE0)
T7D00 000:191.377   CPU_ReadMem(4 bytes @ 0xE0041FBC)
T7D00 000:191.679   CPU_ReadMem(4 bytes @ 0xE0041FCC)
T7D00 000:192.003   [1][5]: E0041000 CID B105900D PID 002BBD21 DEVARCH 47724A13 DEVTYPE 13 ETM
T7D00 000:192.012   CPU_ReadMem(32 bytes @ 0xE0042FE0)
T7D00 000:192.476   CPU_ReadMem(4 bytes @ 0xE0042FBC)
T7D00 000:192.762   CPU_ReadMem(4 bytes @ 0xE0042FCC)
T7D00 000:193.081   [1][6]: E0042000 CID B105900D PID 000BBD21 DEVARCH 47701A14 DEVTYPE 14 CSS600-CTI
T7D00 000:193.089   CPU_ReadMem(32 bytes @ 0xE0040FE0)
T7D00 000:193.542   CPU_ReadMem(4 bytes @ 0xE0040FBC)
T7D00 000:193.829   CPU_ReadMem(4 bytes @ 0xE0040FCC)
T7D00 000:194.098   [0][1]: E0040000 CID B105900D PID 000BBD21 DEVARCH 00000000 DEVTYPE 11 TPIU
T7D00 000:194.137   CPU_ReadMem(4 bytes @ 0xE000EDF0)
T7D00 000:194.539   Data:  01 00 10 00
T7D00 000:194.553   Debug reg: DHCSR
T7D00 000:194.560 - 37.876ms returns 0
T7D00 000:194.593 JLINK_ReadMem(0x40204038, 0x4 Bytes, ...)
T7D00 000:194.602   CPU_ReadMem(4 bytes @ 0x40204038)
T7D00 000:195.594   Data:  04 00 00 00
T7D00 000:195.606 - 1.013ms returns 0
T7D00 000:195.646 JLINK_ReadMem(0xE000EDF0, 0x4 Bytes, ...)
T7D00 000:195.655   CPU_ReadMem(4 bytes @ 0xE000EDF0)
T7D00 000:196.109   Data:  01 00 10 00
T7D00 000:196.130   Debug reg: DHCSR
T7D00 000:196.146 - 0.499ms returns 0
T7D00 000:196.202 JLINK_ReadMem(0xE000EDF0, 0x4 Bytes, ...)
T7D00 000:196.208   CPU_ReadMem(4 bytes @ 0xE000EDF0)
T7D00 000:196.557   Data:  01 00 10 00
T7D00 000:196.565   Debug reg: DHCSR
T7D00 000:196.571 - 0.369ms returns 0
T7D00 000:196.594 JLINK_ReadMem(0xE000EDF0, 0x4 Bytes, ...)
T7D00 000:196.600   CPU_ReadMem(4 bytes @ 0xE000EDF0)
T7D00 000:196.951   Data:  01 00 10 00
T7D00 000:196.959   Debug reg: DHCSR
T7D00 000:196.965 - 0.371ms returns 0
T7D00 000:197.013 JLINK_ReadMem(0xE000EDF0, 0x4 Bytes, ...)
T7D00 000:197.019   CPU_ReadMem(4 bytes @ 0xE000EDF0)
T7D00 000:197.341   Data:  01 00 10 00
T7D00 000:197.348   Debug reg: DHCSR
T7D00 000:197.353 - 0.340ms returns 0
T7D00 000:197.377 JLINK_ReadMem(0xE000EDF0, 0x4 Bytes, ...)
T7D00 000:197.383   CPU_ReadMem(4 bytes @ 0xE000EDF0)
T7D00 000:197.837   Data:  01 00 10 00
T7D00 000:197.862   Debug reg: DHCSR
T7D00 000:197.881 - 0.503ms returns 0
T7D00 000:197.911 JLINK_ReadMem(0x40204038, 0x4 Bytes, ...)
T7D00 000:197.917   CPU_ReadMem(4 bytes @ 0x40204038)
T7D00 000:198.453   Data:  04 00 00 00
T7D00 000:198.478 - 0.567ms returns 0
T7D00 000:198.516 JLINK_ReadMem(0xE000EDF0, 0x4 Bytes, ...)
T7D00 000:198.527   CPU_ReadMem(4 bytes @ 0xE000EDF0)
T7D00 000:198.864   Data:  01 00 10 00
T7D00 000:198.873   Debug reg: DHCSR
T7D00 000:198.879 - 0.363ms returns 0
T7D00 000:198.902 JLINK_ReadMem(0xE000EDF0, 0x4 Bytes, ...)
T7D00 000:198.907   CPU_ReadMem(4 bytes @ 0xE000EDF0)
T7D00 000:199.366   Data:  01 00 10 00
T7D00 000:199.373   Debug reg: DHCSR
T7D00 000:199.379 - 0.477ms returns 0
T7D00 000:199.402 JLINK_ReadMem(0x40204030, 0x4 Bytes, ...)
T7D00 000:199.408   CPU_ReadMem(4 bytes @ 0x40204030)
T7D00 000:199.854   Data:  00 00 10 00
T7D00 000:199.876 - 0.474ms returns 0
T7D00 000:200.098 JLINK_SetEndian(ARM_ENDIAN_LITTLE)
T7D00 000:200.104 - 0.006ms returns 0
T7D00 000:200.109 JLINK_SetInitRegsOnReset(OFF)
T7D00 000:200.114 - 0.004ms returns 1
T7D00 000:200.146 JLINK_SetResetType(JLINKARM_CM3_RESET_TYPE_NORMAL)
T7D00 000:200.150 - 0.004ms returns JLINKARM_CM3_RESET_TYPE_NORMAL
T7D00 000:200.157 JLINK_ExecCommand("EnableFlashBPs", ...). 
T7D00 000:200.166 - 0.008ms returns 0x00
T7D00 000:200.172 JLINK_ExecCommand("SetAllowFlashCache = 1", ...). 
T7D00 000:200.177 - 0.005ms returns 0x01
T7D00 000:200.642 JLINK_ExecCommand("SetRestartOnClose = 0", ...). 
T7D00 000:200.651 - 0.008ms returns 0x01
T7D00 000:200.656 JLINK_ExecCommand("SetAllowSimulation = 0", ...). 
T7D00 000:200.664 - 0.007ms returns 0x00
T7D00 000:201.177 JLINK_EnableSoftBPs(ON)
T7D00 000:201.198 - 0.528ms 
T7D00 000:201.211 JLINK_Connect()
T7D00 000:201.597   ConfigTargetSettings() start
T7D00 000:201.619    J-Link Script File: Executing ConfigTargetSettings()
T7D00 000:201.628   Configuring FlashDLNoRMWThreshold=0x200 in order to make sure that option bytes programming is done via read-modify-write
T7D00 000:216.439   ConfigTargetSettings() end - Took 14.8ms
T7D00 000:216.455   InitTarget() start
T7D00 000:216.462    J-Link Script File: Executing InitTarget()
T7D00 000:216.467   Identifying target device...
T7D00 000:216.473   SWD selected. Executing JTAG -> SWD switching sequence...
T7D00 000:217.460   Initializing DAP...
T7D00 000:218.395   DAP initialized successfully.
T7D00 000:218.407   Enabling secondary core if necessary...
T7D00 000:219.370     Secondary core already enabled. Performing attach...
T7D00 000:219.379   Determining TrustZone configuration...
T7D00 000:220.392     Secure Debug: Enabled (SSD)
T7D00 000:220.400   Determining currently configured transfer type by reading the AHB-AP CSW register.
T7D00 000:221.269     --> Correct transfer type configured. Done.
T7D00 000:221.279   InitTarget() end - Took 4.81ms
T7D00 000:221.934   Found SW-DP with ID 0x6BA02477
T7D00 000:224.177   DPIDR: 0x6BA02477
T7D00 000:224.197   CoreSight SoC-400 or earlier
T7D00 000:224.210   AP map detection skipped. Manually configured AP map found.
T7D00 000:224.225   AP[0]: AHB-AP (IDR: Not set, ADDR: 0x00000000)
T7D00 000:224.233   AP[1]: APB-AP (IDR: Not set, ADDR: 0x00000000)
T7D00 000:224.238   AP[2]: AHB-AP (IDR: Not set, ADDR: 0x00000000)
T7D00 000:225.343   AP[2]: Core found
T7D00 000:225.352   AP[2]: AHB-AP ROM base: 0xE00FE000
T7D00 000:225.775   CPUID register: 0x410FD214. Implementer code: 0x41 (ARM)
T7D00 000:225.784   Feature set: Mainline
T7D00 000:226.272   Cache: No cache
T7D00 000:226.281   Found Cortex-M33 r0p4, Little endian.
T7D00 000:226.440   -- Max. mem block: 0x0001D030
T7D00 000:226.452   
  ***** Warning: 
T7D00 000:226.457   Cortex-M: NonCacheAwareDebugAHBAP == 1 specified but there is no workaround available for the connected core. Proper debug functionality cannot be guaranteed
T7D00 000:226.467   CPU_ReadMem(4 bytes @ 0xE000EDF0)
T7D00 000:226.722   CPU_ReadMem(4 bytes @ 0xE0002000)
T7D00 000:226.994   FPUnit: 8 code (BP) slots and 0 literal slots
T7D00 000:227.003   CPU_ReadMem(4 bytes @ 0xE000EDFC)
T7D00 000:227.267   CPU_ReadMem(4 bytes @ 0xE0001000)
T7D00 000:227.536   CPU_ReadMem(4 bytes @ 0xE0001000)
T7D00 000:227.827   CPU_ReadMem(4 bytes @ 0xE0001028)
T7D00 000:228.144   CPU_ReadMem(4 bytes @ 0xE0001038)
T7D00 000:228.407   CPU_ReadMem(4 bytes @ 0xE0001048)
T7D00 000:228.737   CPU_ReadMem(4 bytes @ 0xE0001058)
T7D00 000:229.001   CPU_WriteMem(4 bytes @ 0xE0001000)
T7D00 000:229.331   CPU_ReadMem(4 bytes @ 0xE000ED88)
T7D00 000:229.599   CPU_WriteMem(4 bytes @ 0xE000ED88)
T7D00 000:229.927   CPU_ReadMem(4 bytes @ 0xE000ED88)
T7D00 000:230.268   CPU_WriteMem(4 bytes @ 0xE000ED88)
T7D00 000:230.575   CPU_ReadMem(4 bytes @ 0xE000EFB8)
T7D00 000:230.933   Security extension: implemented
T7D00 000:230.943   Secure debug: enabled
T7D00 000:230.950   CoreSight components:
T7D00 000:230.958   ROMTbl[0] @ E00FE000
T7D00 000:230.968   CPU_ReadMem(64 bytes @ 0xE00FE000)
T7D00 000:231.686   CPU_ReadMem(32 bytes @ 0xE00FFFE0)
T7D00 000:232.195   [0][0]: E00FF000 CID B105100D PID 000BB4C9 ROM Table
T7D00 000:232.213   ROMTbl[1] @ E00FF000
T7D00 000:232.231   CPU_ReadMem(64 bytes @ 0xE00FF000)
T7D00 000:232.866   CPU_ReadMem(32 bytes @ 0xE000EFE0)
T7D00 000:233.492   CPU_ReadMem(4 bytes @ 0xE000EFBC)
T7D00 000:233.824   CPU_ReadMem(4 bytes @ 0xE000EFCC)
T7D00 000:234.079   [1][0]: E000E000 CID B105900D PID 000BBD21 DEVARCH 47702A04 DEVTYPE 00 Cortex-M33
T7D00 000:234.099   CPU_ReadMem(32 bytes @ 0xE0001FE0)
T7D00 000:234.583   CPU_ReadMem(4 bytes @ 0xE0001FBC)
T7D00 000:234.897   CPU_ReadMem(4 bytes @ 0xE0001FCC)
T7D00 000:235.266   [1][1]: E0001000 CID B105900D PID 000BBD21 DEVARCH 47701A02 DEVTYPE 00 DWT
T7D00 000:235.281   CPU_ReadMem(32 bytes @ 0xE0002FE0)
T7D00 000:235.747   CPU_ReadMem(4 bytes @ 0xE0002FBC)
T7D00 000:236.091   CPU_ReadMem(4 bytes @ 0xE0002FCC)
T7D00 000:236.403   [1][2]: E0002000 CID B105900D PID 000BBD21 DEVARCH 47701A03 DEVTYPE 00 FPB
T7D00 000:236.516   CPU_ReadMem(32 bytes @ 0xE0000FE0)
T7D00 000:237.014   CPU_ReadMem(4 bytes @ 0xE0000FBC)
T7D00 000:237.541   CPU_ReadMem(4 bytes @ 0xE0000FCC)
T7D00 000:237.909   [1][3]: E0000000 CID B105900D PID 000BBD21 DEVARCH 47701A01 DEVTYPE 43 ITM
T7D00 000:237.931   CPU_ReadMem(32 bytes @ 0xE0041FE0)
T7D00 000:238.628   CPU_ReadMem(4 bytes @ 0xE0041FBC)
T7D00 000:238.994   CPU_ReadMem(4 bytes @ 0xE0041FCC)
T7D00 000:239.338   [1][5]: E0041000 CID B105900D PID 002BBD21 DEVARCH 47724A13 DEVTYPE 13 ETM
T7D00 000:239.361   CPU_ReadMem(32 bytes @ 0xE0042FE0)
T7D00 000:239.905   CPU_ReadMem(4 bytes @ 0xE0042FBC)
T7D00 000:240.265   CPU_ReadMem(4 bytes @ 0xE0042FCC)
T7D00 000:240.593   [1][6]: E0042000 CID B105900D PID 000BBD21 DEVARCH 47701A14 DEVTYPE 14 CSS600-CTI
T7D00 000:240.620   CPU_ReadMem(32 bytes @ 0xE0040FE0)
T7D00 000:241.133   CPU_ReadMem(4 bytes @ 0xE0040FBC)
T7D00 000:241.445   CPU_ReadMem(4 bytes @ 0xE0040FCC)
T7D00 000:241.754   [0][1]: E0040000 CID B105900D PID 000BBD21 DEVARCH 00000000 DEVTYPE 11 TPIU
T7D00 000:241.776 - 40.564ms returns 0x00
T7D00 000:241.959 JLINK_ReadMem(0xE000EDF0, 0x4 Bytes, ...)
T7D00 000:241.979   CPU_ReadMem(4 bytes @ 0xE000EDF0)
T7D00 000:242.806   Data:  01 00 10 00
T7D00 000:242.819   Debug reg: DHCSR
T7D00 000:242.825 - 0.866ms returns 0
T7D00 000:242.862 JLINK_IsHalted()
T7D00 000:243.172 - 0.309ms returns FALSE
T7D00 000:243.230 JLINK_ReadMem(0x4000F054, 0x1 Bytes, ...)
T7D00 000:243.240   CPU_ReadMem(1 bytes @ 0x4000F054)
T7D00 000:243.655   Data:  01
T7D00 000:243.664 - 0.433ms returns 0
T7D00 000:243.688 JLINK_Halt()
T7D00 000:246.586   
  ***** Warning: 
T7D00 000:246.598   CPU could not be halted
T7D00 000:246.604 - 2.915ms returns 0x01
T7D00 000:246.869 JLINK_ReadReg(XPSR)
T7D00 000:247.265   CPU is running
T7D00 000:247.274   
  ***** Error: 
T7D00 000:247.283   Cannot read register 16 (XPSR) while CPU is running
T7D00 000:247.292 - 0.422ms returns 0x00000000
T1240 003:073.266 JLINK_IsHalted()
T1240 003:073.837 - 0.573ms returns FALSE
T1240 003:073.880 JLINK_IsHalted()
T1240 003:074.191 - 0.310ms returns FALSE
T4FF8 003:079.342 JLINK_GetNumBPUnits(Type = 0xFFFFFF00)
T4FF8 003:079.393 - 0.051ms returns 0x08
T4FF8 003:079.403 JLINK_GetNumWPUnits()
T4FF8 003:079.411 - 0.007ms returns 4
T4FF8 003:079.915 JLINK_GetNumBPUnits(Type = 0xFFFFFF00)
T4FF8 003:079.938 - 0.024ms returns 0x08
T4FF8 003:079.958 JLINK_GetNumWPUnits()
T4FF8 003:079.970 - 0.011ms returns 4
T4FF8 003:080.541 JLINK_GetNumBPUnits(Type = 0xFFFFFF00)
T4FF8 003:080.589 - 0.048ms returns 0x08
T4FF8 003:080.610 JLINK_GetNumWPUnits()
T4FF8 003:080.627 - 0.016ms returns 4
T4FF8 003:081.261 JLINK_ReadMem(0xE000EDF0, 0x4 Bytes, ...)
T4FF8 003:081.290   CPU_ReadMem(4 bytes @ 0xE000EDF0)
T4FF8 003:082.052   Data:  03 00 10 00
T4FF8 003:082.066   Debug reg: DHCSR
T4FF8 003:082.072 - 0.810ms returns 0
T4FF8 003:082.096 JLINK_ReadMem(0x40204038, 0x4 Bytes, ...)
T4FF8 003:082.108   CPU_ReadMem(4 bytes @ 0x40204038)
T4FF8 003:082.578   Data:  04 00 00 00
T4FF8 003:082.593 - 0.496ms returns 0
T4FF8 003:082.615 JLINK_ReadMem(0xE000EDF0, 0x4 Bytes, ...)
T4FF8 003:082.623   CPU_ReadMem(4 bytes @ 0xE000EDF0)
T4FF8 003:082.977   Data:  03 00 10 00
T4FF8 003:083.014   Debug reg: DHCSR
T4FF8 003:083.019 - 0.404ms returns 0
T4FF8 003:083.211 JLINK_GetNumBPUnits(Type = 0xFFFFFF00)
T4FF8 003:083.232 - 0.021ms returns 0x08
T4FF8 003:083.241 JLINK_GetNumWPUnits()
T4FF8 003:083.249 - 0.007ms returns 4
T4FF8 003:084.202 JLINK_GetNumBPUnits(Type = 0xFFFFFF00)
T4FF8 003:084.227 - 0.025ms returns 0x08
T4FF8 003:084.236 JLINK_GetNumWPUnits()
T4FF8 003:084.243 - 0.006ms returns 4
T4FF8 003:084.532 JLINK_ReadReg(XPSR)
T4FF8 003:084.957   CPU is running
T4FF8 003:084.975   
  ***** Error: 
T4FF8 003:084.985   Cannot read register 16 (XPSR) while CPU is running
T4FF8 003:084.996 - 0.464ms returns 0x00000000
T4FF8 003:085.055 JLINK_ReadReg(R15 (PC))
T4FF8 003:085.606   CPU is running
T4FF8 003:085.645   
  ***** Error: 
T4FF8 003:085.659   Cannot read register 15 (R15) while CPU is running
T4FF8 003:085.665 - 0.616ms returns 0x00000000
T4FF8 003:085.919 JLINK_GetNumBPUnits(Type = 0xFFFFFF00)
T4FF8 003:085.929 - 0.010ms returns 0x08
T4FF8 003:085.934 JLINK_GetNumWPUnits()
T4FF8 003:085.938 - 0.003ms returns 4
T4FF8 003:086.176 JLINK_GetNumBPUnits(Type = 0xFFFFFF00)
T4FF8 003:086.186 - 0.010ms returns 0x08
T4FF8 003:086.190 JLINK_GetNumWPUnits()
T4FF8 003:086.195 - 0.004ms returns 4
T4FF8 003:086.443 JLINK_GetNumBPUnits(Type = 0xFFFFFF00)
T4FF8 003:086.453 - 0.009ms returns 0x08
T4FF8 003:086.457 JLINK_GetNumWPUnits()
T4FF8 003:086.461 - 0.003ms returns 4
T1240 003:183.776 JLINK_IsHalted()
T1240 003:184.477 - 0.700ms returns FALSE
T1240 003:184.591 JLINK_IsHalted()
T1240 003:185.006 - 0.413ms returns FALSE
T1240 003:292.439 JLINK_IsHalted()
T1240 003:293.214 - 0.774ms returns FALSE
T1240 003:293.305 JLINK_IsHalted()
T1240 003:293.739 - 0.432ms returns FALSE
T1240 003:402.108 JLINK_IsHalted()
T1240 003:402.843 - 0.734ms returns FALSE
T1240 003:402.933 JLINK_IsHalted()
T1240 003:403.400 - 0.466ms returns FALSE
T1240 003:511.272 JLINK_IsHalted()
T1240 003:511.896 - 0.623ms returns FALSE
T1240 003:511.928 JLINK_IsHalted()
T1240 003:512.329 - 0.400ms returns FALSE
T1240 003:620.856 JLINK_IsHalted()
T1240 003:621.528 - 0.671ms returns FALSE
T1240 003:621.556 JLINK_IsHalted()
T1240 003:622.009 - 0.451ms returns FALSE
T1240 003:729.410 JLINK_IsHalted()
T1240 003:729.849 - 0.438ms returns FALSE
T1240 003:729.899 JLINK_IsHalted()
T1240 003:730.179 - 0.279ms returns FALSE
T1240 003:839.311 JLINK_IsHalted()
T1240 003:840.225 - 0.912ms returns FALSE
T1240 003:840.301 JLINK_IsHalted()
T1240 003:840.753 - 0.451ms returns FALSE
T1240 003:948.496 JLINK_IsHalted()
T1240 003:949.082 - 0.585ms returns FALSE
T1240 003:949.124 JLINK_IsHalted()
T1240 003:949.513 - 0.389ms returns FALSE
T1240 004:058.008 JLINK_IsHalted()
T1240 004:059.391 - 1.382ms returns FALSE
T1240 004:060.128 JLINK_IsHalted()
T1240 004:061.273 - 1.142ms returns FALSE
T1240 004:167.798 JLINK_IsHalted()
T1240 004:168.861 - 1.061ms returns FALSE
T1240 004:168.954 JLINK_IsHalted()
T1240 004:169.666 - 0.711ms returns FALSE
T1240 004:276.413 JLINK_IsHalted()
T1240 004:277.292 - 0.878ms returns FALSE
T1240 004:277.394 JLINK_IsHalted()
T1240 004:277.789 - 0.393ms returns FALSE
T1240 004:386.724 JLINK_IsHalted()
T1240 004:387.549 - 0.824ms returns FALSE
T1240 004:387.597 JLINK_IsHalted()
T1240 004:388.207 - 0.609ms returns FALSE
T1240 004:495.454 JLINK_IsHalted()
T1240 004:496.411 - 0.954ms returns FALSE
T1240 004:496.554 JLINK_IsHalted()
T1240 004:497.027 - 0.472ms returns FALSE
T1240 004:604.449 JLINK_IsHalted()
T1240 004:605.094 - 0.644ms returns FALSE
T1240 004:605.162 JLINK_IsHalted()
T1240 004:605.592 - 0.428ms returns FALSE
T1240 004:714.677 JLINK_IsHalted()
T1240 004:717.430 - 2.752ms returns FALSE
T1240 004:717.536 JLINK_IsHalted()
T1240 004:718.038 - 0.501ms returns FALSE
T1240 004:824.224 JLINK_IsHalted()
T1240 004:824.914 - 0.690ms returns FALSE
T1240 004:825.017 JLINK_IsHalted()
T1240 004:825.630 - 0.612ms returns FALSE
T1240 004:933.244 JLINK_IsHalted()
T1240 004:933.813 - 0.570ms returns FALSE
T1240 004:933.845 JLINK_IsHalted()
T1240 004:934.385 - 0.539ms returns FALSE
T1240 005:042.496 JLINK_IsHalted()
T1240 005:043.488 - 0.991ms returns FALSE
T1240 005:043.597 JLINK_IsHalted()
T1240 005:044.303 - 0.704ms returns FALSE
T1240 005:151.741 JLINK_IsHalted()
T1240 005:152.937 - 1.194ms returns FALSE
T1240 005:153.073 JLINK_IsHalted()
T1240 005:153.827 - 0.752ms returns FALSE
T1240 005:261.109 JLINK_IsHalted()
T1240 005:261.956 - 0.845ms returns FALSE
T1240 005:262.163 JLINK_IsHalted()
T1240 005:262.832 - 0.667ms returns FALSE
T1240 005:371.119 JLINK_IsHalted()
T1240 005:372.088 - 0.967ms returns FALSE
T1240 005:372.268 JLINK_IsHalted()
T1240 005:373.274 - 1.004ms returns FALSE
T1240 005:480.159 JLINK_IsHalted()
T1240 005:480.829 - 0.669ms returns FALSE
T1240 005:480.866 JLINK_IsHalted()
T1240 005:481.377 - 0.509ms returns FALSE
T1240 005:589.718 JLINK_IsHalted()
T1240 005:590.547 - 0.828ms returns FALSE
T1240 005:590.681 JLINK_IsHalted()
T1240 005:591.253 - 0.572ms returns FALSE
T1240 005:699.289 JLINK_IsHalted()
T1240 005:700.423 - 1.132ms returns FALSE
T1240 005:700.641 JLINK_IsHalted()
T1240 005:701.571 - 0.927ms returns FALSE
T1240 005:808.087 JLINK_IsHalted()
T1240 005:809.167 - 1.079ms returns FALSE
T1240 005:809.345 JLINK_IsHalted()
T1240 005:810.102 - 0.756ms returns FALSE
T1240 005:917.293 JLINK_IsHalted()
T1240 005:918.279 - 0.985ms returns FALSE
T1240 005:918.414 JLINK_IsHalted()
T1240 005:918.959 - 0.544ms returns FALSE
T1240 006:027.032 JLINK_IsHalted()
T1240 006:028.582 - 1.548ms returns FALSE
T1240 006:028.658 JLINK_IsHalted()
T1240 006:029.212 - 0.552ms returns FALSE
T1240 006:135.919 JLINK_IsHalted()
T1240 006:136.646 - 0.725ms returns FALSE
T1240 006:136.720 JLINK_IsHalted()
T1240 006:137.337 - 0.615ms returns FALSE
T1240 006:245.153 JLINK_IsHalted()
T1240 006:245.856 - 0.702ms returns FALSE
T1240 006:245.913 JLINK_IsHalted()
T1240 006:246.385 - 0.471ms returns FALSE
T1240 006:355.002 JLINK_IsHalted()
T1240 006:357.283 - 2.279ms returns FALSE
T1240 006:357.368 JLINK_IsHalted()
T1240 006:357.917 - 0.548ms returns FALSE
T1240 006:464.695 JLINK_IsHalted()
T1240 006:465.499 - 0.802ms returns FALSE
T1240 006:465.569 JLINK_IsHalted()
T1240 006:466.119 - 0.549ms returns FALSE
T1240 006:574.299 JLINK_IsHalted()
T1240 006:575.226 - 0.926ms returns FALSE
T1240 006:575.282 JLINK_IsHalted()
T1240 006:575.899 - 0.615ms returns FALSE
T1240 006:683.393 JLINK_IsHalted()
T1240 006:684.537 - 1.144ms returns FALSE
T1240 006:684.691 JLINK_IsHalted()
T1240 006:686.078 - 1.385ms returns FALSE
T1240 006:792.243 JLINK_IsHalted()
T1240 006:792.985 - 0.740ms returns FALSE
T1240 006:793.046 JLINK_IsHalted()
T1240 006:793.520 - 0.473ms returns FALSE
T1240 006:901.411 JLINK_IsHalted()
T1240 006:902.331 - 0.916ms returns FALSE
T1240 006:902.539 JLINK_IsHalted()
T1240 006:904.760 - 2.220ms returns FALSE
T1240 007:011.454 JLINK_IsHalted()
T1240 007:012.063 - 0.607ms returns FALSE
T1240 007:012.098 JLINK_IsHalted()
T1240 007:012.642 - 0.543ms returns FALSE
T1240 007:120.874 JLINK_IsHalted()
T1240 007:121.618 - 0.743ms returns FALSE
T1240 007:121.667 JLINK_IsHalted()
T1240 007:123.298 - 1.629ms returns FALSE
T1240 007:229.787 JLINK_IsHalted()
T1240 007:232.328 - 2.538ms returns FALSE
T1240 007:232.779 JLINK_IsHalted()
T1240 007:233.650 - 0.869ms returns FALSE
T1240 007:338.820 JLINK_IsHalted()
T1240 007:339.637 - 0.816ms returns FALSE
T1240 007:339.708 JLINK_IsHalted()
T1240 007:340.291 - 0.582ms returns FALSE
T1240 007:448.937 JLINK_IsHalted()
T1240 007:449.843 - 0.907ms returns FALSE
T1240 007:450.174 JLINK_IsHalted()
T1240 007:450.797 - 0.622ms returns FALSE
T1240 007:557.547 JLINK_IsHalted()
T1240 007:558.195 - 0.647ms returns FALSE
T1240 007:558.225 JLINK_IsHalted()
T1240 007:558.533 - 0.307ms returns FALSE
T1240 007:667.469 JLINK_IsHalted()
T1240 007:668.269 - 0.799ms returns FALSE
T1240 007:668.389 JLINK_IsHalted()
T1240 007:669.058 - 0.667ms returns FALSE
T1240 007:777.121 JLINK_IsHalted()
T1240 007:777.971 - 0.848ms returns FALSE
T1240 007:778.067 JLINK_IsHalted()
T1240 007:778.578 - 0.510ms returns FALSE
T1240 007:886.473 JLINK_IsHalted()
T1240 007:889.090 - 2.616ms returns FALSE
T1240 007:889.193 JLINK_IsHalted()
T1240 007:889.797 - 0.602ms returns FALSE
T1240 007:995.313 JLINK_IsHalted()
T1240 007:995.883 - 0.569ms returns FALSE
T1240 007:995.964 JLINK_IsHalted()
T1240 007:996.275 - 0.310ms returns FALSE
T1240 008:105.520 JLINK_IsHalted()
T1240 008:106.538 - 1.018ms returns FALSE
T1240 008:106.605 JLINK_IsHalted()
T1240 008:107.349 - 0.742ms returns FALSE
T1240 008:213.885 JLINK_IsHalted()
T1240 008:215.709 - 1.821ms returns FALSE
T1240 008:215.977 JLINK_IsHalted()
T1240 008:219.443 - 3.462ms returns FALSE
T1240 008:323.519 JLINK_IsHalted()
T1240 008:324.633 - 1.113ms returns FALSE
T1240 008:324.832 JLINK_IsHalted()
T1240 008:325.596 - 0.761ms returns FALSE
T1240 008:433.746 JLINK_IsHalted()
T1240 008:434.694 - 0.946ms returns FALSE
T1240 008:434.874 JLINK_IsHalted()
T1240 008:435.725 - 0.850ms returns FALSE
T1240 008:542.898 JLINK_IsHalted()
T1240 008:544.034 - 1.136ms returns FALSE
T1240 008:544.174 JLINK_IsHalted()
T1240 008:544.979 - 0.803ms returns FALSE
T1240 008:651.785 JLINK_IsHalted()
T1240 008:652.965 - 1.177ms returns FALSE
T1240 008:653.240 JLINK_IsHalted()
T1240 008:654.132 - 0.889ms returns FALSE
T1240 008:761.258 JLINK_IsHalted()
T1240 008:762.301 - 1.042ms returns FALSE
T1240 008:762.398 JLINK_IsHalted()
T1240 008:763.012 - 0.612ms returns FALSE
T1240 008:871.210 JLINK_IsHalted()
T1240 008:871.982 - 0.771ms returns FALSE
T1240 008:872.088 JLINK_IsHalted()
T1240 008:872.765 - 0.676ms returns FALSE
T1240 008:979.786 JLINK_IsHalted()
T1240 008:980.468 - 0.681ms returns FALSE
T1240 008:980.518 JLINK_IsHalted()
T1240 008:981.094 - 0.575ms returns FALSE
T1240 009:089.108 JLINK_IsHalted()
T1240 009:089.798 - 0.689ms returns FALSE
T1240 009:089.881 JLINK_IsHalted()
T1240 009:090.430 - 0.547ms returns FALSE
T1240 009:198.467 JLINK_IsHalted()
T1240 009:199.162 - 0.693ms returns FALSE
T1240 009:199.262 JLINK_IsHalted()
T1240 009:199.668 - 0.405ms returns FALSE
T1240 009:308.884 JLINK_IsHalted()
T1240 009:309.913 - 1.027ms returns FALSE
T1240 009:310.135 JLINK_IsHalted()
T1240 009:310.947 - 0.810ms returns FALSE
T1240 009:417.686 JLINK_IsHalted()
T1240 009:418.520 - 0.832ms returns FALSE
T1240 009:418.609 JLINK_IsHalted()
T1240 009:419.248 - 0.638ms returns FALSE
T1240 009:526.817 JLINK_IsHalted()
T1240 009:527.795 - 0.978ms returns FALSE
T1240 009:527.886 JLINK_IsHalted()
T1240 009:530.332 - 2.444ms returns FALSE
T1240 009:636.838 JLINK_IsHalted()
T1240 009:637.606 - 0.766ms returns FALSE
T1240 009:637.729 JLINK_IsHalted()
T1240 009:638.133 - 0.404ms returns FALSE
T1240 009:745.979 JLINK_IsHalted()
T1240 009:746.721 - 0.740ms returns FALSE
T1240 009:746.788 JLINK_IsHalted()
T1240 009:747.446 - 0.656ms returns FALSE
T1240 009:854.932 JLINK_IsHalted()
T1240 009:855.630 - 0.697ms returns FALSE
T1240 009:855.692 JLINK_IsHalted()
T1240 009:856.350 - 0.656ms returns FALSE
T1240 009:964.272 JLINK_IsHalted()
T1240 009:965.135 - 0.861ms returns FALSE
T1240 009:965.291 JLINK_IsHalted()
T1240 009:965.746 - 0.453ms returns FALSE
T1240 010:074.013 JLINK_IsHalted()
T1240 010:074.949 - 0.934ms returns FALSE
T1240 010:075.056 JLINK_IsHalted()
T1240 010:076.619 - 1.560ms returns FALSE
T1240 010:183.627 JLINK_IsHalted()
T1240 010:184.369 - 0.740ms returns FALSE
T1240 010:184.440 JLINK_IsHalted()
T1240 010:186.129 - 1.688ms returns FALSE
T1240 010:292.697 JLINK_IsHalted()
T1240 010:293.412 - 0.713ms returns FALSE
T1240 010:293.495 JLINK_IsHalted()
T1240 010:294.164 - 0.667ms returns FALSE
T1240 010:402.256 JLINK_IsHalted()
T1240 010:403.756 - 1.499ms returns FALSE
T1240 010:403.837 JLINK_IsHalted()
T1240 010:404.425 - 0.586ms returns FALSE
T1240 010:510.830 JLINK_IsHalted()
T1240 010:512.094 - 1.262ms returns FALSE
T1240 010:512.266 JLINK_IsHalted()
T1240 010:513.061 - 0.793ms returns FALSE
T1240 010:621.045 JLINK_IsHalted()
T1240 010:621.928 - 0.881ms returns FALSE
T1240 010:622.010 JLINK_IsHalted()
T1240 010:622.635 - 0.624ms returns FALSE
T1240 010:730.007 JLINK_IsHalted()
T1240 010:730.853 - 0.846ms returns FALSE
T1240 010:730.971 JLINK_IsHalted()
T1240 010:731.442 - 0.470ms returns FALSE
T1240 010:839.118 JLINK_IsHalted()
T1240 010:839.980 - 0.860ms returns FALSE
T1240 010:840.066 JLINK_IsHalted()
T1240 010:840.682 - 0.615ms returns FALSE
T1240 010:948.207 JLINK_IsHalted()
T1240 010:949.280 - 1.072ms returns FALSE
T1240 010:949.423 JLINK_IsHalted()
T1240 010:949.994 - 0.568ms returns FALSE
T1240 011:057.785 JLINK_IsHalted()
T1240 011:062.402 - 4.614ms returns FALSE
T1240 011:062.674 JLINK_IsHalted()
T1240 011:063.368 - 0.694ms returns FALSE
T1240 011:167.047 JLINK_IsHalted()
T1240 011:168.014 - 0.966ms returns FALSE
T1240 011:168.111 JLINK_IsHalted()
T1240 011:168.690 - 0.578ms returns FALSE
T1240 011:276.587 JLINK_IsHalted()
T1240 011:277.443 - 0.854ms returns FALSE
T1240 011:277.546 JLINK_IsHalted()
T1240 011:278.062 - 0.515ms returns FALSE
T1240 011:386.697 JLINK_IsHalted()
T1240 011:387.506 - 0.807ms returns FALSE
T1240 011:387.638 JLINK_IsHalted()
T1240 011:388.514 - 0.873ms returns FALSE
T1240 011:495.470 JLINK_IsHalted()
T1240 011:498.690 - 3.219ms returns FALSE
T1240 011:498.770 JLINK_IsHalted()
T1240 011:501.146 - 2.376ms returns FALSE
T1240 011:605.118 JLINK_IsHalted()
T1240 011:606.134 - 1.013ms returns FALSE
T1240 011:606.310 JLINK_IsHalted()
T1240 011:607.330 - 1.020ms returns FALSE
T1240 011:714.192 JLINK_IsHalted()
T1240 011:715.260 - 1.066ms returns FALSE
T1240 011:715.441 JLINK_IsHalted()
T1240 011:719.859 - 4.417ms returns FALSE
T1240 011:823.565 JLINK_IsHalted()
T1240 011:826.040 - 2.474ms returns FALSE
T1240 011:826.138 JLINK_IsHalted()
T1240 011:826.643 - 0.502ms returns FALSE
T1240 011:933.321 JLINK_IsHalted()
T1240 011:933.808 - 0.486ms returns FALSE
T1240 011:933.847 JLINK_IsHalted()
T1240 011:934.219 - 0.371ms returns FALSE
T1240 012:042.156 JLINK_IsHalted()
T1240 012:043.763 - 1.606ms returns FALSE
T1240 012:043.858 JLINK_IsHalted()
T1240 012:044.518 - 0.659ms returns FALSE
T1240 012:151.728 JLINK_IsHalted()
T1240 012:152.868 - 1.137ms returns FALSE
T1240 012:153.011 JLINK_IsHalted()
T1240 012:153.910 - 0.895ms returns FALSE
T1240 012:261.569 JLINK_IsHalted()
T1240 012:263.408 - 1.838ms returns FALSE
T1240 012:263.494 JLINK_IsHalted()
T1240 012:263.892 - 0.397ms returns FALSE
T1240 012:371.242 JLINK_IsHalted()
T1240 012:371.925 - 0.682ms returns FALSE
T1240 012:371.994 JLINK_IsHalted()
T1240 012:372.553 - 0.557ms returns FALSE
T1240 012:479.946 JLINK_IsHalted()
T1240 012:481.051 - 1.105ms returns FALSE
T1240 012:481.295 JLINK_IsHalted()
T1240 012:481.942 - 0.645ms returns FALSE
T1240 012:589.369 JLINK_IsHalted()
T1240 012:590.202 - 0.833ms returns FALSE
T1240 012:590.307 JLINK_IsHalted()
T1240 012:590.872 - 0.564ms returns FALSE
T1240 012:699.060 JLINK_IsHalted()
T1240 012:700.045 - 0.982ms returns FALSE
T1240 012:700.130 JLINK_IsHalted()
T1240 012:700.839 - 0.707ms returns FALSE
T1240 012:807.976 JLINK_IsHalted()
T1240 012:809.091 - 1.114ms returns FALSE
T1240 012:809.265 JLINK_IsHalted()
T1240 012:811.592 - 2.325ms returns FALSE
T1240 012:918.125 JLINK_IsHalted()
T1240 012:919.101 - 0.973ms returns FALSE
T1240 012:919.267 JLINK_IsHalted()
T1240 012:919.895 - 0.626ms returns FALSE
T1240 013:026.674 JLINK_IsHalted()
T1240 013:027.770 - 1.092ms returns FALSE
T1240 013:027.930 JLINK_IsHalted()
T1240 013:028.638 - 0.707ms returns FALSE
T1240 013:136.142 JLINK_IsHalted()
T1240 013:136.966 - 0.822ms returns FALSE
T1240 013:137.055 JLINK_IsHalted()
T1240 013:137.614 - 0.557ms returns FALSE
T1240 013:245.278 JLINK_IsHalted()
T1240 013:248.028 - 2.747ms returns FALSE
T1240 013:248.214 JLINK_IsHalted()
T1240 013:250.442 - 2.226ms returns FALSE
T1240 013:354.998 JLINK_IsHalted()
T1240 013:357.022 - 2.023ms returns FALSE
T1240 013:357.162 JLINK_IsHalted()
T1240 013:360.131 - 2.968ms returns FALSE
T1240 013:464.290 JLINK_IsHalted()
T1240 013:467.094 - 2.804ms returns FALSE
T1240 013:467.290 JLINK_IsHalted()
T1240 013:470.224 - 2.931ms returns FALSE
T1240 013:574.541 JLINK_IsHalted()
T1240 013:575.309 - 0.766ms returns FALSE
T1240 013:575.390 JLINK_IsHalted()
T1240 013:576.490 - 1.098ms returns FALSE
T1240 013:683.302 JLINK_IsHalted()
T1240 013:683.907 - 0.603ms returns FALSE
T1240 013:683.997 JLINK_IsHalted()
T1240 013:684.459 - 0.460ms returns FALSE
T1240 013:792.810 JLINK_IsHalted()
T1240 013:793.446 - 0.635ms returns FALSE
T1240 013:793.536 JLINK_IsHalted()
T1240 013:793.832 - 0.296ms returns FALSE
T1240 013:901.792 JLINK_IsHalted()
T1240 013:904.630 - 2.837ms returns FALSE
T1240 013:904.741 JLINK_IsHalted()
T1240 013:905.302 - 0.561ms returns FALSE
T1240 014:010.826 JLINK_IsHalted()
T1240 014:015.514 - 4.686ms returns TRUE
T1240 014:015.602 JLINK_ReadReg(XPSR)
T1240 014:015.626   CPU_ReadMem(4 bytes @ 0xE000EE08)
T1240 014:019.451 - 3.848ms returns 0xF9000000
T1240 014:019.541 JLINK_ReadReg(R15 (PC))
T1240 014:019.558 - 0.017ms returns 0x020E1F7C
T1240 014:019.574 JLINK_ReadReg(XPSR)
T1240 014:019.582 - 0.009ms returns 0xF9000000
T1240 014:019.592 JLINK_ReadReg(XPSR)
T1240 014:019.600 - 0.008ms returns 0xF9000000
T1240 014:019.610 JLINK_ReadReg(R15 (PC))
T1240 014:019.618 - 0.008ms returns 0x020E1F7C
T1240 014:019.627 JLINK_ReadReg(XPSR)
T1240 014:019.635 - 0.008ms returns 0xF9000000
T1240 014:019.643 JLINK_ReadReg(XPSR)
T1240 014:019.651 - 0.007ms returns 0xF9000000
T1240 014:019.662 JLINK_ReadMem(0x020E1F7C, 0x1 Bytes, ...)
T1240 014:019.688   CPU_ReadMem(64 bytes @ 0x020E1F40)
T1240 014:020.771    -- Updating C cache (64 bytes @ 0x020E1F40)
T1240 014:020.803    -- Read from C cache (1 bytes @ 0x020E1F7C)
T1240 014:020.818   Data:  00
T1240 014:020.830 - 1.167ms returns 0
T1240 014:020.890 JLINK_IsHalted()
T1240 014:020.904 - 0.013ms returns TRUE
T1240 014:020.915 JLINK_ReadReg(XPSR)
T1240 014:020.928 - 0.012ms returns 0xF9000000
T1240 014:020.938 JLINK_ReadReg(XPSR)
T1240 014:020.947 - 0.008ms returns 0xF9000000
T1240 014:020.957 JLINK_ReadReg(R15 (PC))
T1240 014:020.966 - 0.009ms returns 0x020E1F7C
T1240 014:020.978 JLINK_ReadReg(XPSR)
T1240 014:020.986 - 0.008ms returns 0xF9000000
T1240 014:020.995 JLINK_ReadReg(XPSR)
T1240 014:021.005 - 0.008ms returns 0xF9000000
T1240 014:021.014 JLINK_ReadMem(0x020E1F7C, 0x1 Bytes, ...)
T1240 014:021.026    -- Read from C cache (1 bytes @ 0x020E1F7C)
T1240 014:021.038   Data:  00
T1240 014:021.050 - 0.035ms returns 0
T1240 014:021.155 JLINK_IsHalted()
T1240 014:021.166 - 0.011ms returns TRUE
T1240 014:021.176 JLINK_ReadReg(XPSR)
T1240 014:021.186 - 0.009ms returns 0xF9000000
T1240 014:021.195 JLINK_ReadReg(R15 (PC))
T1240 014:021.203 - 0.008ms returns 0x020E1F7C
T1240 014:021.213 JLINK_ReadReg(XPSR)
T1240 014:021.222 - 0.008ms returns 0xF9000000
T1240 014:021.230 JLINK_ReadReg(XPSR)
T1240 014:021.238 - 0.008ms returns 0xF9000000
T1240 014:021.248 JLINK_ReadReg(R15 (PC))
T1240 014:021.256 - 0.008ms returns 0x020E1F7C
T1240 014:021.266 JLINK_ReadReg(XPSR)
T1240 014:021.275 - 0.008ms returns 0xF9000000
T1240 014:021.283 JLINK_ReadReg(XPSR)
T1240 014:021.293 - 0.008ms returns 0xF9000000
T1240 014:021.301 JLINK_ReadMem(0x020E1F7C, 0x1 Bytes, ...)
T1240 014:021.325    -- Read from C cache (1 bytes @ 0x020E1F7C)
T1240 014:021.342   Data:  00
T1240 014:021.354 - 0.052ms returns 0
T1240 014:021.363 JLINK_IsHalted()
T1240 014:021.370 - 0.007ms returns TRUE
T1240 014:021.379 JLINK_ReadReg(XPSR)
T1240 014:021.387 - 0.008ms returns 0xF9000000
T1240 014:021.397 JLINK_ReadReg(XPSR)
T1240 014:021.405 - 0.008ms returns 0xF9000000
T1240 014:021.414 JLINK_ReadReg(R15 (PC))
T1240 014:021.421 - 0.007ms returns 0x020E1F7C
T1240 014:021.430 JLINK_ReadReg(XPSR)
T1240 014:021.437 - 0.007ms returns 0xF9000000
T1240 014:021.445 JLINK_ReadReg(XPSR)
T1240 014:021.453 - 0.007ms returns 0xF9000000
T1240 014:021.461 JLINK_ReadMem(0x020E1F7C, 0x1 Bytes, ...)
T1240 014:021.469    -- Read from C cache (1 bytes @ 0x020E1F7C)
T1240 014:021.477   Data:  00
T1240 014:021.486 - 0.026ms returns 0
T1240 014:023.130 JLINK_ReadRegs(NumRegs = 20)
T1240 014:023.182   
  R0 (0)        = 0x00                 R1 (1)        = 0x00                 R2 (2)        = 0x00                 R3 (3)        = 0x00              
  R4 (4)        = 0x00                 R5 (5)        = 0x00                 R6 (6)        = 0x00                 R7 (7)        = 0x00              
  R8 (8)        = 0x6D29C403           R9 (9)        = 0x00                 R10 (10)      = 0x20E2224            R11 (11)      = 0xFFFF            
  R12 (12)      = 0x4025E100           R13 (SP) (13) = 0x22180420           R14 (14)      = 0xFFFFFFFF           R15 (PC) (15) = 0x20E1F7C         
  XPSR (16)     = 0xF9000000           MSPLIM (86)   = 0x00                 PSPLIM (87)   = 0x00                 CFBP (20)     = 0x00              
T1240 014:023.195 - 0.066ms returns 0x00
T1240 014:030.768 JLINK_ReadMem(0xE000EDF0, 0x4 Bytes, ...)
T1240 014:030.822   CPU_ReadMem(4 bytes @ 0xE000EDF0)
T1240 014:033.619   Data:  03 00 13 00
T1240 014:033.656   Debug reg: DHCSR
T1240 014:033.667 - 2.900ms returns 0
T1240 014:034.442 JLINK_ReadMem(0x020E1F7C, 0x4 Bytes, ...)
T1240 014:034.475    -- Read from C cache (4 bytes @ 0x020E1F7C)
T1240 014:034.488   Data:  00 F0 06 F8
T1240 014:034.499 - 0.056ms returns 0
T4FF8 014:038.157 JLINK_ReadReg(XPSR)
T4FF8 014:038.203 - 0.045ms returns 0xF9000000
T4FF8 014:038.218 JLINK_ReadReg(R15 (PC))
T4FF8 014:038.227 - 0.010ms returns 0x020E1F7C
T4FF8 014:039.370 JLINK_IsHalted()
T4FF8 014:039.530 - 0.161ms returns TRUE
T4FF8 014:039.544 JLINK_ReadReg(XPSR)
T4FF8 014:039.558 - 0.014ms returns 0xF9000000
T4FF8 014:039.568 JLINK_ReadReg(R15 (PC))
T4FF8 014:039.576 - 0.007ms returns 0x020E1F7C
T4FF8 014:039.586 JLINK_ReadReg(XPSR)
T4FF8 014:039.594 - 0.007ms returns 0xF9000000
T4FF8 014:039.602 JLINK_ReadReg(XPSR)
T4FF8 014:039.608 - 0.007ms returns 0xF9000000
T4FF8 014:039.616 JLINK_ReadReg(R15 (PC))
T4FF8 014:039.624 - 0.007ms returns 0x020E1F7C
T4FF8 014:039.632 JLINK_ReadReg(XPSR)
T4FF8 014:039.640 - 0.007ms returns 0xF9000000
T4FF8 014:039.648 JLINK_ReadReg(XPSR)
T4FF8 014:039.654 - 0.006ms returns 0xF9000000
T4FF8 014:039.662 JLINK_ReadMem(0x020E1F7C, 0x1 Bytes, ...)
T4FF8 014:039.678    -- Read from C cache (1 bytes @ 0x020E1F7C)
T4FF8 014:039.688   Data:  00
T4FF8 014:039.699 - 0.036ms returns 0
T4FF8 014:039.707 JLINK_IsHalted()
T4FF8 014:039.714 - 0.006ms returns TRUE
T4FF8 014:039.722 JLINK_ReadReg(XPSR)
T4FF8 014:039.728 - 0.007ms returns 0xF9000000
T4FF8 014:039.738 JLINK_ReadReg(XPSR)
T4FF8 014:039.746 - 0.007ms returns 0xF9000000
T4FF8 014:039.754 JLINK_ReadReg(R15 (PC))
T4FF8 014:039.762 - 0.007ms returns 0x020E1F7C
T4FF8 014:039.770 JLINK_ReadReg(XPSR)
T4FF8 014:039.778 - 0.006ms returns 0xF9000000
T4FF8 014:039.786 JLINK_ReadReg(XPSR)
T4FF8 014:039.792 - 0.006ms returns 0xF9000000
T4FF8 014:039.800 JLINK_ReadMem(0x020E1F7C, 0x1 Bytes, ...)
T4FF8 014:039.808    -- Read from C cache (1 bytes @ 0x020E1F7C)
T4FF8 014:039.818   Data:  00
T4FF8 014:039.826 - 0.025ms returns 0
T4FF8 014:039.882 JLINK_ReadMem(0xE0001000, 0x4 Bytes, ...)
T4FF8 014:039.896   CPU_ReadMem(4 bytes @ 0xE0001000)
T4FF8 014:040.440   Data:  01 00 00 40
T4FF8 014:040.461   Debug reg: DWT_CTRL
T4FF8 014:040.483 - 0.601ms returns 0
T4FF8 014:040.747 JLINK_WriteMem(0xE0001FB0, 0x8 Bytes, ...)
T4FF8 014:040.763   Data:  00 00 00 00 55 CE AC C5
T4FF8 014:041.082   CPU_WriteMem(8 bytes @ 0xE0001FB0)
T4FF8 014:041.550 - 0.801ms returns 0x8
T4FF8 014:041.622 JLINK_ReadMem(0xE000EDFC, 0x4 Bytes, ...)
T4FF8 014:041.640   CPU_ReadMem(4 bytes @ 0xE000EDFC)
T4FF8 014:042.142   Data:  00 00 10 01
T4FF8 014:042.163   Debug reg: DEMCR
T4FF8 014:042.173 - 0.551ms returns 0
T4FF8 014:047.530 JLINK_ReadMem(0xE0001004, 0x4 Bytes, ...)
T4FF8 014:047.594   CPU_ReadMem(4 bytes @ 0xE0001004)
T4FF8 014:048.334   Data:  DF F1 82 BA
T4FF8 014:048.370   Debug reg: DWT_CYCCNT
T4FF8 014:048.382 - 0.853ms returns 0
T1240 014:060.229 JLINK_ReadMem(0x020E1F7C, 0x4 Bytes, ...)
T1240 014:060.280    -- Read from C cache (4 bytes @ 0x020E1F7C)
T1240 014:060.293   Data:  00 F0 06 F8
T1240 014:060.306 - 0.077ms returns 0
T1240 015:968.099 JLINK_ReadMem(0xE0001004, 0x4 Bytes, ...)
T1240 015:968.322   Data:  DF F1 82 BA
T1240 015:968.354   Debug reg: DWT_CYCCNT
T1240 015:968.374 - 0.278ms returns 0
T1240 015:968.403 JLINK_IsHalted()
T1240 015:969.264 - 0.861ms returns TRUE
T1240 015:973.045 JLINK_ReadMem(0xE0001004, 0x4 Bytes, ...)
T1240 015:973.093   Data:  DF F1 82 BA
T1240 015:973.107   Debug reg: DWT_CYCCNT
T1240 015:973.120 - 0.075ms returns 0
T1240 015:973.133 JLINK_GoEx(MaxEmulInsts = 0, Flags = 0x01)
T1240 015:973.162   CPU_ReadMem(4 bytes @ 0xE0001000)
T1240 015:974.894   Memory map 'after startup completion point' is active
T1240 015:974.926 - 1.793ms 
T1240 016:073.546 JLINK_IsHalted()
T1240 016:074.414 - 0.867ms returns FALSE
T1240 016:074.518 JLINK_IsHalted()
T1240 016:075.136 - 0.614ms returns FALSE
T1240 016:183.435 JLINK_IsHalted()
T1240 016:184.546 - 1.108ms returns FALSE
T1240 016:184.706 JLINK_IsHalted()
T1240 016:185.477 - 0.769ms returns FALSE
T1240 016:292.224 JLINK_IsHalted()
T1240 016:292.746 - 0.520ms returns FALSE
T1240 016:292.779 JLINK_IsHalted()
T1240 016:293.371 - 0.591ms returns FALSE
T1240 016:401.866 JLINK_IsHalted()
T1240 016:403.546 - 1.677ms returns FALSE
T1240 016:403.877 JLINK_IsHalted()
T1240 016:406.077 - 2.197ms returns FALSE
T1240 016:511.560 JLINK_IsHalted()
T1240 016:512.829 - 1.267ms returns FALSE
T1240 016:513.045 JLINK_IsHalted()
T1240 016:514.032 - 0.984ms returns FALSE
T1240 016:620.678 JLINK_IsHalted()
T1240 016:621.982 - 1.302ms returns FALSE
T1240 016:622.174 JLINK_IsHalted()
T1240 016:622.912 - 0.735ms returns FALSE
T1240 016:729.678 JLINK_IsHalted()
T1240 016:730.659 - 0.978ms returns FALSE
T1240 016:730.811 JLINK_IsHalted()
T1240 016:731.539 - 0.724ms returns FALSE
T1240 016:839.582 JLINK_IsHalted()
T1240 016:840.282 - 0.698ms returns FALSE
T1240 016:840.354 JLINK_IsHalted()
T1240 016:840.820 - 0.465ms returns FALSE
T1240 016:948.560 JLINK_IsHalted()
T1240 016:949.460 - 0.899ms returns FALSE
T1240 016:949.602 JLINK_IsHalted()
T1240 016:950.194 - 0.592ms returns FALSE
T4FF8 016:964.632 JLINK_IsHalted()
T4FF8 016:965.228 - 0.596ms returns FALSE
T4FF8 016:965.336 JLINK_IsHalted()
T4FF8 016:965.796 - 0.458ms returns FALSE
T1240 017:058.146 JLINK_IsHalted()
T1240 017:060.270 - 2.123ms returns FALSE
T1240 017:060.424 JLINK_IsHalted()
T1240 017:062.236 - 1.811ms returns FALSE
T1240 017:167.166 JLINK_IsHalted()
T1240 017:168.076 - 0.909ms returns FALSE
T1240 017:168.200 JLINK_IsHalted()
T1240 017:168.700 - 0.497ms returns FALSE
T1240 017:276.724 JLINK_IsHalted()
T1240 017:277.294 - 0.570ms returns FALSE
T1240 017:277.350 JLINK_IsHalted()
T1240 017:277.688 - 0.336ms returns FALSE
T1240 017:386.088 JLINK_IsHalted()
T1240 017:389.880 - 3.791ms returns FALSE
T1240 017:389.978 JLINK_IsHalted()
T1240 017:390.686 - 0.707ms returns FALSE
T1240 017:496.364 JLINK_IsHalted()
T1240 017:499.162 - 2.796ms returns FALSE
T1240 017:499.322 JLINK_IsHalted()
T1240 017:499.914 - 0.590ms returns FALSE
T1240 017:605.018 JLINK_IsHalted()
T1240 017:606.190 - 1.168ms returns FALSE
T1240 017:606.374 JLINK_IsHalted()
T1240 017:607.036 - 0.659ms returns FALSE
T1240 017:713.848 JLINK_IsHalted()
T1240 017:714.558 - 0.709ms returns FALSE
T1240 017:714.618 JLINK_IsHalted()
T1240 017:715.162 - 0.542ms returns FALSE
T1240 017:823.522 JLINK_IsHalted()
T1240 017:824.754 - 1.229ms returns FALSE
T1240 017:825.008 JLINK_IsHalted()
T1240 017:825.520 - 0.511ms returns FALSE
T1240 017:932.900 JLINK_IsHalted()
T1240 017:933.690 - 0.788ms returns FALSE
T1240 017:933.932 JLINK_IsHalted()
T1240 017:934.428 - 0.497ms returns FALSE
T4FF8 017:966.412 JLINK_IsHalted()
T4FF8 017:967.134 - 0.720ms returns FALSE
T4FF8 017:967.232 JLINK_IsHalted()
T4FF8 017:967.868 - 0.635ms returns FALSE
T1240 018:042.910 JLINK_IsHalted()
T1240 018:044.122 - 1.209ms returns FALSE
T1240 018:044.192 JLINK_IsHalted()
T1240 018:044.932 - 0.735ms returns FALSE
T1240 018:152.282 JLINK_IsHalted()
T1240 018:153.240 - 0.956ms returns FALSE
T1240 018:153.380 JLINK_IsHalted()
T1240 018:153.994 - 0.612ms returns FALSE
T1240 018:261.548 JLINK_IsHalted()
T1240 018:263.116 - 1.564ms returns FALSE
T1240 018:263.278 JLINK_IsHalted()
T1240 018:265.260 - 1.981ms returns FALSE
T1240 018:371.046 JLINK_IsHalted()
T1240 018:371.824 - 0.777ms returns FALSE
T1240 018:371.938 JLINK_IsHalted()
T1240 018:372.492 - 0.552ms returns FALSE
T1240 018:479.474 JLINK_IsHalted()
T1240 018:480.446 - 0.971ms returns FALSE
T1240 018:480.556 JLINK_IsHalted()
T1240 018:481.050 - 0.490ms returns FALSE
T1240 018:588.984 JLINK_IsHalted()
T1240 018:589.698 - 0.712ms returns FALSE
T1240 018:589.856 JLINK_IsHalted()
T1240 018:590.382 - 0.525ms returns FALSE
T1240 018:698.516 JLINK_IsHalted()
T1240 018:699.230 - 0.712ms returns FALSE
T1240 018:699.330 JLINK_IsHalted()
T1240 018:699.772 - 0.440ms returns FALSE
T1240 018:807.572 JLINK_IsHalted()
T1240 018:810.116 - 2.543ms returns FALSE
T1240 018:810.222 JLINK_IsHalted()
T1240 018:812.420 - 2.196ms returns FALSE
T1240 018:916.990 JLINK_IsHalted()
T1240 018:919.590 - 2.597ms returns FALSE
T1240 018:919.674 JLINK_IsHalted()
T1240 018:920.234 - 0.558ms returns FALSE
T4FF8 018:968.348 JLINK_IsHalted()
T4FF8 018:969.070 - 0.719ms returns FALSE
T4FF8 018:969.230 JLINK_IsHalted()
T4FF8 018:969.810 - 0.577ms returns FALSE
T1240 019:026.404 JLINK_IsHalted()
T1240 019:027.312 - 0.908ms returns FALSE
T1240 019:027.374 JLINK_IsHalted()
T1240 019:027.992 - 0.617ms returns FALSE
T1240 019:136.412 JLINK_IsHalted()
T1240 019:137.444 - 1.028ms returns FALSE
T1240 019:137.570 JLINK_IsHalted()
T1240 019:138.322 - 0.750ms returns FALSE
T1240 019:246.644 JLINK_IsHalted()
T1240 019:247.726 - 1.081ms returns FALSE
T1240 019:247.898 JLINK_IsHalted()
T1240 019:248.564 - 0.666ms returns FALSE
T1240 019:354.820 JLINK_IsHalted()
T1240 019:355.758 - 0.935ms returns FALSE
T1240 019:355.878 JLINK_IsHalted()
T1240 019:356.534 - 0.656ms returns FALSE
T1240 019:463.952 JLINK_IsHalted()
T1240 019:464.848 - 0.893ms returns FALSE
T1240 019:464.932 JLINK_IsHalted()
T1240 019:465.660 - 0.728ms returns FALSE
T1240 019:573.628 JLINK_IsHalted()
T1240 019:574.914 - 1.284ms returns FALSE
T1240 019:575.130 JLINK_IsHalted()
T1240 019:575.964 - 0.832ms returns FALSE
T1240 019:684.152 JLINK_IsHalted()
T1240 019:687.066 - 2.909ms returns FALSE
T1240 019:687.368 JLINK_IsHalted()
T1240 019:688.298 - 0.929ms returns FALSE
T1240 019:792.052 JLINK_IsHalted()
T1240 019:793.364 - 1.309ms returns FALSE
T1240 019:793.612 JLINK_IsHalted()
T1240 019:794.612 - 1.000ms returns FALSE
T1240 019:901.414 JLINK_IsHalted()
T1240 019:903.104 - 1.686ms returns FALSE
T1240 019:903.254 JLINK_IsHalted()
T1240 019:903.808 - 0.552ms returns FALSE
T4FF8 019:971.710 JLINK_IsHalted()
T4FF8 019:972.500 - 0.789ms returns FALSE
T4FF8 019:972.636 JLINK_IsHalted()
T4FF8 019:973.296 - 0.659ms returns FALSE
T1240 020:011.276 JLINK_IsHalted()
T1240 020:012.032 - 0.755ms returns FALSE
T1240 020:012.164 JLINK_IsHalted()
T1240 020:012.716 - 0.551ms returns FALSE
T1240 020:120.886 JLINK_IsHalted()
T1240 020:123.180 - 2.293ms returns FALSE
T1240 020:123.264 JLINK_IsHalted()
T1240 020:125.316 - 2.050ms returns FALSE
T1240 020:229.468 JLINK_IsHalted()
T1240 020:230.260 - 0.789ms returns FALSE
T1240 020:230.348 JLINK_IsHalted()
T1240 020:231.056 - 0.707ms returns FALSE
T1240 020:339.948 JLINK_IsHalted()
T1240 020:340.656 - 0.706ms returns FALSE
T1240 020:340.764 JLINK_IsHalted()
T1240 020:341.162 - 0.395ms returns FALSE
T1240 020:448.756 JLINK_IsHalted()
T1240 020:449.872 - 1.112ms returns FALSE
T1240 020:449.948 JLINK_IsHalted()
T1240 020:450.562 - 0.611ms returns FALSE
T1240 020:558.862 JLINK_IsHalted()
T1240 020:560.232 - 1.367ms returns FALSE
T1240 020:560.596 JLINK_IsHalted()
T1240 020:561.254 - 0.659ms returns FALSE
T1240 020:667.812 JLINK_IsHalted()
T1240 020:668.980 - 1.166ms returns FALSE
T1240 020:669.104 JLINK_IsHalted()
T1240 020:669.808 - 0.703ms returns FALSE
T1240 020:777.484 JLINK_IsHalted()
T1240 020:778.918 - 1.429ms returns FALSE
T1240 020:779.256 JLINK_IsHalted()
T1240 020:783.066 - 3.807ms returns FALSE
T1240 020:886.094 JLINK_IsHalted()
T1240 020:888.218 - 2.121ms returns FALSE
T1240 020:888.376 JLINK_IsHalted()
T1240 020:890.156 - 1.778ms returns FALSE
T4FF8 020:975.302 JLINK_IsHalted()
T4FF8 020:977.090 - 1.786ms returns FALSE
T4FF8 020:977.236 JLINK_IsHalted()
T4FF8 020:977.892 - 0.655ms returns FALSE
T1240 020:995.230 JLINK_IsHalted()
T1240 020:998.084 - 2.848ms returns FALSE
T1240 020:998.386 JLINK_IsHalted()
T1240 020:999.262 - 0.876ms returns FALSE
T1240 021:105.300 JLINK_IsHalted()
T1240 021:106.544 - 1.242ms returns FALSE
T1240 021:106.728 JLINK_IsHalted()
T1240 021:107.580 - 0.848ms returns FALSE
T1240 021:214.084 JLINK_IsHalted()
T1240 021:214.764 - 0.677ms returns FALSE
T1240 021:214.862 JLINK_IsHalted()
T1240 021:215.550 - 0.686ms returns FALSE
T1240 021:324.278 JLINK_IsHalted()
T1240 021:325.138 - 0.856ms returns FALSE
T1240 021:325.300 JLINK_IsHalted()
T1240 021:325.872 - 0.570ms returns FALSE
T1240 021:433.164 JLINK_IsHalted()
T1240 021:433.994 - 0.828ms returns FALSE
T1240 021:434.080 JLINK_IsHalted()
T1240 021:434.492 - 0.411ms returns FALSE
T1240 021:542.852 JLINK_IsHalted()
T1240 021:543.856 - 1.000ms returns FALSE
T1240 021:543.996 JLINK_IsHalted()
T1240 021:544.628 - 0.630ms returns FALSE
T1240 021:652.144 JLINK_IsHalted()
T1240 021:652.904 - 0.760ms returns FALSE
T1240 021:653.024 JLINK_IsHalted()
T1240 021:653.538 - 0.511ms returns FALSE
T1240 021:760.684 JLINK_IsHalted()
T1240 021:761.386 - 0.699ms returns FALSE
T1240 021:761.456 JLINK_IsHalted()
T1240 021:761.876 - 0.416ms returns FALSE
T1240 021:870.860 JLINK_IsHalted()
T1240 021:871.632 - 0.772ms returns FALSE
T1240 021:871.754 JLINK_IsHalted()
T1240 021:872.280 - 0.526ms returns FALSE
T4FF8 021:977.890 JLINK_IsHalted()
T4FF8 021:978.520 - 0.628ms returns FALSE
T4FF8 021:978.592 JLINK_IsHalted()
T4FF8 021:979.246 - 0.652ms returns FALSE
T1240 021:980.544 JLINK_IsHalted()
T1240 021:981.524 - 0.979ms returns FALSE
T1240 021:981.620 JLINK_IsHalted()
T1240 021:982.228 - 0.606ms returns FALSE
T1240 022:089.142 JLINK_IsHalted()
T1240 022:092.964 - 3.822ms returns FALSE
T1240 022:093.046 JLINK_IsHalted()
T1240 022:096.484 - 3.435ms returns FALSE
T1240 022:198.648 JLINK_IsHalted()
T1240 022:199.600 - 0.950ms returns FALSE
T1240 022:199.674 JLINK_IsHalted()
T1240 022:200.234 - 0.559ms returns FALSE
T1240 022:308.212 JLINK_IsHalted()
T1240 022:309.054 - 0.840ms returns FALSE
T1240 022:309.130 JLINK_IsHalted()
T1240 022:309.662 - 0.531ms returns FALSE
T1240 022:417.868 JLINK_IsHalted()
T1240 022:420.784 - 2.914ms returns FALSE
T1240 022:421.062 JLINK_IsHalted()
T1240 022:421.674 - 0.610ms returns FALSE
T1240 022:526.902 JLINK_IsHalted()
T1240 022:528.254 - 1.351ms returns FALSE
T1240 022:528.340 JLINK_IsHalted()
T1240 022:529.172 - 0.828ms returns FALSE
T1240 022:636.476 JLINK_IsHalted()
T1240 022:638.142 - 1.666ms returns FALSE
T1240 022:638.290 JLINK_IsHalted()
T1240 022:639.058 - 0.766ms returns FALSE
T1240 022:746.308 JLINK_IsHalted()
T1240 022:747.840 - 1.532ms returns FALSE
T1240 022:748.004 JLINK_IsHalted()
T1240 022:749.724 - 1.719ms returns FALSE
T1240 022:854.770 JLINK_IsHalted()
T1240 022:856.030 - 1.257ms returns FALSE
T1240 022:856.232 JLINK_IsHalted()
T1240 022:858.886 - 2.652ms returns FALSE
T1240 022:964.602 JLINK_IsHalted()
T1240 022:965.356 - 0.753ms returns FALSE
T1240 022:965.500 JLINK_IsHalted()
T1240 022:966.364 - 0.864ms returns FALSE
T4FF8 022:980.756 JLINK_IsHalted()
T4FF8 022:981.644 - 0.884ms returns FALSE
T4FF8 022:981.772 JLINK_IsHalted()
T4FF8 022:982.446 - 0.670ms returns FALSE
T1240 023:074.206 JLINK_IsHalted()
T1240 023:078.674 - 4.466ms returns FALSE
T1240 023:078.790 JLINK_IsHalted()
T1240 023:080.548 - 1.754ms returns FALSE
T1240 023:182.640 JLINK_IsHalted()
T1240 023:183.318 - 0.677ms returns FALSE
T1240 023:183.398 JLINK_IsHalted()
T1240 023:183.776 - 0.375ms returns FALSE
T1240 023:292.128 JLINK_IsHalted()
T1240 023:292.738 - 0.608ms returns FALSE
T1240 023:292.796 JLINK_IsHalted()
T1240 023:293.220 - 0.423ms returns FALSE
T1240 023:401.988 JLINK_IsHalted()
T1240 023:403.068 - 1.076ms returns FALSE
T1240 023:403.184 JLINK_IsHalted()
T1240 023:404.520 - 1.335ms returns FALSE
T1240 023:511.358 JLINK_IsHalted()
T1240 023:514.480 - 3.119ms returns FALSE
T1240 023:514.628 JLINK_IsHalted()
T1240 023:515.146 - 0.514ms returns FALSE
T1240 023:620.270 JLINK_IsHalted()
T1240 023:621.202 - 0.930ms returns FALSE
T1240 023:621.300 JLINK_IsHalted()
T1240 023:622.156 - 0.855ms returns FALSE
T1240 023:729.562 JLINK_IsHalted()
T1240 023:731.612 - 2.047ms returns FALSE
T1240 023:731.776 JLINK_IsHalted()
T1240 023:732.436 - 0.655ms returns FALSE
T1240 023:839.366 JLINK_IsHalted()
T1240 023:840.156 - 0.790ms returns FALSE
T1240 023:840.216 JLINK_IsHalted()
T1240 023:840.854 - 0.637ms returns FALSE
T1240 023:949.482 JLINK_IsHalted()
T1240 023:950.370 - 0.886ms returns FALSE
T1240 023:950.500 JLINK_IsHalted()
T1240 023:951.270 - 0.766ms returns FALSE
T4FF8 023:984.650 JLINK_IsHalted()
T4FF8 023:985.664 - 1.011ms returns FALSE
T4FF8 023:985.848 JLINK_IsHalted()
T4FF8 023:988.366 - 2.516ms returns FALSE
T1240 024:058.606 JLINK_IsHalted()
T1240 024:061.640 - 3.031ms returns FALSE
T1240 024:061.852 JLINK_IsHalted()
T1240 024:064.012 - 2.157ms returns FALSE
T1240 024:167.312 JLINK_IsHalted()
T1240 024:169.190 - 1.876ms returns FALSE
T1240 024:169.276 JLINK_IsHalted()
T1240 024:170.182 - 0.904ms returns FALSE
T1240 024:276.654 JLINK_IsHalted()
T1240 024:277.354 - 0.698ms returns FALSE
T1240 024:277.412 JLINK_IsHalted()
T1240 024:277.884 - 0.471ms returns FALSE
T1240 024:386.068 JLINK_IsHalted()
T1240 024:386.792 - 0.722ms returns FALSE
T1240 024:386.852 JLINK_IsHalted()
T1240 024:387.464 - 0.609ms returns FALSE
T1240 024:496.554 JLINK_IsHalted()
T1240 024:500.720 - 4.165ms returns FALSE
T1240 024:500.816 JLINK_IsHalted()
T1240 024:501.336 - 0.517ms returns FALSE
T1240 024:604.522 JLINK_IsHalted()
T1240 024:605.284 - 0.762ms returns FALSE
T1240 024:605.444 JLINK_IsHalted()
T1240 024:605.956 - 0.511ms returns FALSE
T1240 024:713.978 JLINK_IsHalted()
T1240 024:715.562 - 1.582ms returns FALSE
T1240 024:715.708 JLINK_IsHalted()
T1240 024:716.208 - 0.499ms returns FALSE
T1240 024:823.302 JLINK_IsHalted()
T1240 024:824.210 - 0.904ms returns FALSE
T1240 024:824.410 JLINK_IsHalted()
T1240 024:825.164 - 0.750ms returns FALSE
T1240 024:933.454 JLINK_IsHalted()
T1240 024:934.312 - 0.855ms returns FALSE
T1240 024:934.404 JLINK_IsHalted()
T1240 024:936.604 - 2.201ms returns FALSE
T4FF8 024:988.880 JLINK_IsHalted()
T4FF8 024:989.804 - 0.923ms returns FALSE
T4FF8 024:989.890 JLINK_IsHalted()
T4FF8 024:990.616 - 0.725ms returns FALSE
T1240 025:042.796 JLINK_IsHalted()
T1240 025:043.476 - 0.676ms returns FALSE
T1240 025:043.580 JLINK_IsHalted()
T1240 025:044.098 - 0.518ms returns FALSE
T1240 025:151.408 JLINK_IsHalted()
T1240 025:153.594 - 2.182ms returns FALSE
T1240 025:153.770 JLINK_IsHalted()
T1240 025:154.494 - 0.724ms returns FALSE
T1240 025:261.220 JLINK_IsHalted()
T1240 025:262.388 - 1.167ms returns FALSE
T1240 025:262.540 JLINK_IsHalted()
T1240 025:263.184 - 0.641ms returns FALSE
T1240 025:370.646 JLINK_IsHalted()
T1240 025:374.268 - 3.620ms returns FALSE
T1240 025:374.336 JLINK_IsHalted()
T1240 025:374.886 - 0.549ms returns FALSE
T1240 025:480.502 JLINK_IsHalted()
T1240 025:481.480 - 0.975ms returns FALSE
T1240 025:481.602 JLINK_IsHalted()
T1240 025:482.278 - 0.675ms returns FALSE
T1240 025:589.812 JLINK_IsHalted()
T1240 025:590.970 - 1.154ms returns FALSE
T1240 025:591.116 JLINK_IsHalted()
T1240 025:591.960 - 0.841ms returns FALSE
T1240 025:699.174 JLINK_IsHalted()
T1240 025:701.316 - 2.138ms returns FALSE
T1240 025:701.428 JLINK_IsHalted()
T1240 025:702.192 - 0.762ms returns FALSE
T1240 025:808.020 JLINK_IsHalted()
T1240 025:808.926 - 0.906ms returns FALSE
T1240 025:809.010 JLINK_IsHalted()
T1240 025:809.646 - 0.635ms returns FALSE
T1240 025:917.028 JLINK_IsHalted()
T1240 025:919.820 - 2.787ms returns FALSE
T1240 025:920.076 JLINK_IsHalted()
T1240 025:920.946 - 0.867ms returns FALSE
T4FF8 025:992.294 JLINK_IsHalted()
T4FF8 025:993.868 - 1.570ms returns FALSE
T4FF8 025:994.108 JLINK_IsHalted()
T4FF8 025:995.286 - 1.176ms returns FALSE
T1240 026:026.756 JLINK_IsHalted()
T1240 026:029.240 - 2.478ms returns FALSE
T1240 026:029.500 JLINK_IsHalted()
T1240 026:030.380 - 0.877ms returns FALSE
T1240 026:136.240 JLINK_IsHalted()
T1240 026:137.150 - 0.907ms returns FALSE
T1240 026:137.286 JLINK_IsHalted()
T1240 026:137.954 - 0.665ms returns FALSE
T1240 026:245.880 JLINK_IsHalted()
T1240 026:246.572 - 0.691ms returns FALSE
T1240 026:246.662 JLINK_IsHalted()
T1240 026:247.140 - 0.474ms returns FALSE
T1240 026:355.442 JLINK_IsHalted()
T1240 026:356.382 - 0.939ms returns FALSE
T1240 026:356.490 JLINK_IsHalted()
T1240 026:357.106 - 0.615ms returns FALSE
T1240 026:464.530 JLINK_IsHalted()
T1240 026:465.266 - 0.734ms returns FALSE
T1240 026:465.408 JLINK_IsHalted()
T1240 026:465.928 - 0.517ms returns FALSE
T1240 026:574.314 JLINK_IsHalted()
T1240 026:576.252 - 1.937ms returns FALSE
T1240 026:576.366 JLINK_IsHalted()
T1240 026:576.880 - 0.512ms returns FALSE
T1240 026:683.468 JLINK_IsHalted()
T1240 026:684.236 - 0.767ms returns FALSE
T1240 026:684.316 JLINK_IsHalted()
T1240 026:684.904 - 0.588ms returns FALSE
T1240 026:792.058 JLINK_IsHalted()
T1240 026:792.764 - 0.706ms returns FALSE
T1240 026:792.822 JLINK_IsHalted()
T1240 026:793.402 - 0.579ms returns FALSE
T1240 026:901.900 JLINK_IsHalted()
T1240 026:902.820 - 0.918ms returns FALSE
T1240 026:902.892 JLINK_IsHalted()
T1240 026:903.520 - 0.625ms returns FALSE
T4FF8 026:996.628 JLINK_IsHalted()
T4FF8 027:001.504 - 4.876ms returns FALSE
T4FF8 027:001.776 JLINK_IsHalted()
T4FF8 027:006.038 - 4.261ms returns FALSE
T1240 027:011.148 JLINK_IsHalted()
T1240 027:011.930 - 0.778ms returns FALSE
T1240 027:012.044 JLINK_IsHalted()
T1240 027:015.244 - 3.197ms returns FALSE
T1240 027:120.852 JLINK_IsHalted()
T1240 027:121.802 - 0.946ms returns FALSE
T1240 027:121.914 JLINK_IsHalted()
T1240 027:122.496 - 0.580ms returns FALSE
T1240 027:229.526 JLINK_IsHalted()
T1240 027:230.676 - 1.146ms returns FALSE
T1240 027:230.828 JLINK_IsHalted()
T1240 027:231.692 - 0.865ms returns FALSE
T1240 027:339.148 JLINK_IsHalted()
T1240 027:340.188 - 1.036ms returns FALSE
T1240 027:340.342 JLINK_IsHalted()
T1240 027:340.944 - 0.603ms returns FALSE
T1240 027:448.608 JLINK_IsHalted()
T1240 027:449.632 - 1.022ms returns FALSE
T1240 027:449.706 JLINK_IsHalted()
T1240 027:450.278 - 0.574ms returns FALSE
T1240 027:558.730 JLINK_IsHalted()
T1240 027:559.712 - 0.979ms returns FALSE
T1240 027:559.860 JLINK_IsHalted()
T1240 027:560.480 - 0.619ms returns FALSE
T1240 027:667.386 JLINK_IsHalted()
T1240 027:668.326 - 0.938ms returns FALSE
T1240 027:668.420 JLINK_IsHalted()
T1240 027:668.956 - 0.537ms returns FALSE
T1240 027:776.374 JLINK_IsHalted()
T1240 027:777.926 - 1.552ms returns FALSE
T1240 027:778.036 JLINK_IsHalted()
T1240 027:778.672 - 0.637ms returns FALSE
T1240 027:886.006 JLINK_IsHalted()
T1240 027:886.938 - 0.928ms returns FALSE
T1240 027:887.168 JLINK_IsHalted()
T1240 027:889.338 - 2.168ms returns FALSE
T1240 027:995.222 JLINK_IsHalted()
T1240 027:995.988 - 0.747ms returns FALSE
T1240 027:996.106 JLINK_IsHalted()
T1240 027:996.768 - 0.662ms returns FALSE
T4FF8 028:007.638 JLINK_IsHalted()
T4FF8 028:008.276 - 0.637ms returns FALSE
T4FF8 028:008.352 JLINK_IsHalted()
T4FF8 028:008.724 - 0.370ms returns FALSE
T1240 028:104.944 JLINK_IsHalted()
T1240 028:105.908 - 0.959ms returns FALSE
T1240 028:106.012 JLINK_IsHalted()
T1240 028:106.618 - 0.602ms returns FALSE
T1240 028:214.234 JLINK_IsHalted()
T1240 028:215.088 - 0.851ms returns FALSE
T1240 028:215.212 JLINK_IsHalted()
T1240 028:215.904 - 0.693ms returns FALSE
T1240 028:323.788 JLINK_IsHalted()
T1240 028:325.888 - 2.099ms returns FALSE
T1240 028:326.080 JLINK_IsHalted()
T1240 028:326.858 - 0.776ms returns FALSE
T1240 028:433.052 JLINK_IsHalted()
T1240 028:433.900 - 0.846ms returns FALSE
T1240 028:434.028 JLINK_IsHalted()
T1240 028:434.528 - 0.500ms returns FALSE
T1240 028:542.364 JLINK_IsHalted()
T1240 028:543.290 - 0.924ms returns FALSE
T1240 028:543.834 JLINK_IsHalted()
T1240 028:544.560 - 0.723ms returns FALSE
T1240 028:651.956 JLINK_IsHalted()
T1240 028:652.640 - 0.682ms returns FALSE
T1240 028:652.748 JLINK_IsHalted()
T1240 028:653.146 - 0.397ms returns FALSE
T1240 028:760.694 JLINK_IsHalted()
T1240 028:761.476 - 0.779ms returns FALSE
T1240 028:761.584 JLINK_IsHalted()
T1240 028:762.132 - 0.546ms returns FALSE
T1240 028:870.188 JLINK_IsHalted()
T1240 028:870.826 - 0.635ms returns FALSE
T1240 028:870.880 JLINK_IsHalted()
T1240 028:871.290 - 0.410ms returns FALSE
T1240 028:980.372 JLINK_IsHalted()
T1240 028:980.890 - 0.518ms returns FALSE
T1240 028:980.924 JLINK_IsHalted()
T1240 028:981.376 - 0.448ms returns FALSE
T4FF8 029:009.654 JLINK_IsHalted()
T4FF8 029:010.176 - 0.522ms returns FALSE
T4FF8 029:010.208 JLINK_IsHalted()
T4FF8 029:010.630 - 0.422ms returns FALSE
T1240 029:089.814 JLINK_IsHalted()
T1240 029:092.560 - 2.743ms returns FALSE
T1240 029:092.634 JLINK_IsHalted()
T1240 029:093.580 - 0.944ms returns FALSE
T1240 029:199.556 JLINK_IsHalted()
T1240 029:202.566 - 3.009ms returns FALSE
T1240 029:202.836 JLINK_IsHalted()
T1240 029:203.532 - 0.698ms returns FALSE
T1240 029:308.240 JLINK_IsHalted()
T1240 029:310.442 - 2.199ms returns FALSE
T1240 029:310.532 JLINK_IsHalted()
T1240 029:312.986 - 2.452ms returns FALSE
T1240 029:417.964 JLINK_IsHalted()
T1240 029:418.762 - 0.794ms returns FALSE
T1240 029:418.876 JLINK_IsHalted()
T1240 029:420.932 - 2.051ms returns FALSE
T1240 029:527.204 JLINK_IsHalted()
T1240 029:527.926 - 0.720ms returns FALSE
T1240 029:528.032 JLINK_IsHalted()
T1240 029:531.254 - 3.221ms returns FALSE
T1240 029:635.798 JLINK_IsHalted()
T1240 029:636.742 - 0.944ms returns FALSE
T1240 029:636.858 JLINK_IsHalted()
T1240 029:637.296 - 0.438ms returns FALSE
T1240 029:746.048 JLINK_IsHalted()
T1240 029:746.650 - 0.599ms returns FALSE
T1240 029:746.720 JLINK_IsHalted()
T1240 029:747.238 - 0.519ms returns FALSE
T1240 029:855.012 JLINK_IsHalted()
T1240 029:855.744 - 0.729ms returns FALSE
T1240 029:855.834 JLINK_IsHalted()
T1240 029:857.814 - 1.977ms returns FALSE
T1240 029:965.140 JLINK_IsHalted()
T1240 029:965.916 - 0.779ms returns FALSE
T1240 029:966.012 JLINK_IsHalted()
T1240 029:966.630 - 0.615ms returns FALSE
T4FF8 030:011.274 JLINK_IsHalted()
T4FF8 030:011.878 - 0.602ms returns FALSE
T4FF8 030:011.942 JLINK_IsHalted()
T4FF8 030:014.522 - 2.581ms returns FALSE
T1240 030:073.718 JLINK_IsHalted()
T1240 030:074.250 - 0.531ms returns FALSE
T1240 030:074.314 JLINK_IsHalted()
T1240 030:074.604 - 0.292ms returns FALSE
T1240 030:183.508 JLINK_IsHalted()
T1240 030:184.364 - 0.855ms returns FALSE
T1240 030:184.468 JLINK_IsHalted()
T1240 030:185.020 - 0.552ms returns FALSE
T1240 030:292.432 JLINK_IsHalted()
T1240 030:293.574 - 1.138ms returns FALSE
T1240 030:293.692 JLINK_IsHalted()
T1240 030:294.400 - 0.707ms returns FALSE
T1240 030:401.844 JLINK_IsHalted()
T1240 030:402.906 - 1.060ms returns FALSE
T1240 030:403.066 JLINK_IsHalted()
T1240 030:407.110 - 4.042ms returns FALSE
T1240 030:511.108 JLINK_IsHalted()
T1240 030:512.118 - 1.010ms returns FALSE
T1240 030:512.284 JLINK_IsHalted()
T1240 030:512.832 - 0.546ms returns FALSE
T1240 030:621.204 JLINK_IsHalted()
T1240 030:622.020 - 0.811ms returns FALSE
T1240 030:622.128 JLINK_IsHalted()
T1240 030:622.762 - 0.632ms returns FALSE
T1240 030:730.608 JLINK_IsHalted()
T1240 030:731.642 - 1.033ms returns FALSE
T1240 030:731.766 JLINK_IsHalted()
T1240 030:732.496 - 0.727ms returns FALSE
T1240 030:839.152 JLINK_IsHalted()
T1240 030:841.638 - 2.485ms returns FALSE
T1240 030:841.776 JLINK_IsHalted()
T1240 030:843.728 - 1.950ms returns FALSE
T1240 030:948.924 JLINK_IsHalted()
T1240 030:951.382 - 2.457ms returns FALSE
T1240 030:951.476 JLINK_IsHalted()
T1240 030:952.188 - 0.711ms returns FALSE
T4FF8 031:015.558 JLINK_IsHalted()
T4FF8 031:017.482 - 1.924ms returns FALSE
T4FF8 031:017.596 JLINK_IsHalted()
T4FF8 031:018.276 - 0.678ms returns FALSE
T1240 031:057.872 JLINK_IsHalted()
T1240 031:058.800 - 0.925ms returns FALSE
T1240 031:058.886 JLINK_IsHalted()
T1240 031:059.354 - 0.466ms returns FALSE
T1240 031:167.028 JLINK_IsHalted()
T1240 031:167.756 - 0.727ms returns FALSE
T1240 031:167.850 JLINK_IsHalted()
T1240 031:168.388 - 0.537ms returns FALSE
T1240 031:276.656 JLINK_IsHalted()
T1240 031:277.332 - 0.673ms returns FALSE
T1240 031:277.434 JLINK_IsHalted()
T1240 031:278.004 - 0.568ms returns FALSE
T1240 031:386.132 JLINK_IsHalted()
T1240 031:387.060 - 0.926ms returns FALSE
T1240 031:387.232 JLINK_IsHalted()
T1240 031:387.932 - 0.699ms returns FALSE
T1240 031:495.620 JLINK_IsHalted()
T1240 031:497.388 - 1.766ms returns FALSE
T1240 031:497.484 JLINK_IsHalted()
T1240 031:498.000 - 0.515ms returns FALSE
T1240 031:604.650 JLINK_IsHalted()
T1240 031:605.532 - 0.880ms returns FALSE
T1240 031:605.732 JLINK_IsHalted()
T1240 031:606.768 - 1.033ms returns FALSE
T1240 031:713.892 JLINK_IsHalted()
T1240 031:714.636 - 0.744ms returns FALSE
T1240 031:714.746 JLINK_IsHalted()
T1240 031:715.306 - 0.559ms returns FALSE
T1240 031:823.286 JLINK_IsHalted()
T1240 031:824.170 - 0.883ms returns FALSE
T1240 031:824.278 JLINK_IsHalted()
T1240 031:825.108 - 0.827ms returns FALSE
T1240 031:934.188 JLINK_IsHalted()
T1240 031:935.318 - 1.129ms returns FALSE
T1240 031:935.412 JLINK_IsHalted()
T1240 031:936.054 - 0.640ms returns FALSE
T4FF8 032:020.394 JLINK_IsHalted()
T4FF8 032:021.604 - 1.206ms returns FALSE
T4FF8 032:021.716 JLINK_IsHalted()
T4FF8 032:022.656 - 0.937ms returns FALSE
T1240 032:043.008 JLINK_IsHalted()
T1240 032:043.898 - 0.888ms returns FALSE
T1240 032:043.978 JLINK_IsHalted()
T1240 032:044.636 - 0.658ms returns FALSE
T1240 032:152.288 JLINK_IsHalted()
T1240 032:152.992 - 0.703ms returns FALSE
T1240 032:153.068 JLINK_IsHalted()
T1240 032:153.508 - 0.437ms returns FALSE
T1240 032:261.536 JLINK_IsHalted()
T1240 032:263.414 - 1.875ms returns FALSE
T1240 032:263.552 JLINK_IsHalted()
T1240 032:264.650 - 1.098ms returns FALSE
T1240 032:370.614 JLINK_IsHalted()
T1240 032:371.628 - 1.014ms returns FALSE
T1240 032:371.812 JLINK_IsHalted()
T1240 032:372.538 - 0.723ms returns FALSE
T1240 032:480.176 JLINK_IsHalted()
T1240 032:481.312 - 1.132ms returns FALSE
T1240 032:481.494 JLINK_IsHalted()
T1240 032:482.464 - 0.966ms returns FALSE
T1240 032:589.244 JLINK_IsHalted()
T1240 032:590.138 - 0.891ms returns FALSE
T1240 032:590.260 JLINK_IsHalted()
T1240 032:592.332 - 2.072ms returns FALSE
T1240 032:698.224 JLINK_IsHalted()
T1240 032:699.792 - 1.568ms returns FALSE
T1240 032:699.872 JLINK_IsHalted()
T1240 032:700.448 - 0.575ms returns FALSE
T1240 032:808.138 JLINK_IsHalted()
T1240 032:808.790 - 0.651ms returns FALSE
T1240 032:808.922 JLINK_IsHalted()
T1240 032:809.408 - 0.487ms returns FALSE
T1240 032:917.388 JLINK_IsHalted()
T1240 032:918.492 - 1.102ms returns FALSE
T1240 032:918.774 JLINK_IsHalted()
T1240 032:919.446 - 0.670ms returns FALSE
T4FF8 033:024.036 JLINK_IsHalted()
T4FF8 033:024.576 - 0.541ms returns FALSE
T4FF8 033:024.708 JLINK_IsHalted()
T4FF8 033:025.100 - 0.392ms returns FALSE
T1240 033:027.024 JLINK_IsHalted()
T1240 033:027.418 - 0.393ms returns FALSE
T1240 033:027.460 JLINK_IsHalted()
T1240 033:027.750 - 0.290ms returns FALSE
T1240 033:136.442 JLINK_IsHalted()
T1240 033:137.324 - 0.880ms returns FALSE
T1240 033:137.552 JLINK_IsHalted()
T1240 033:137.994 - 0.441ms returns FALSE
T1240 033:245.456 JLINK_IsHalted()
T1240 033:246.212 - 0.753ms returns FALSE
T1240 033:246.294 JLINK_IsHalted()
T1240 033:246.812 - 0.518ms returns FALSE
T1240 033:354.740 JLINK_IsHalted()
T1240 033:356.090 - 1.349ms returns FALSE
T1240 033:356.144 JLINK_IsHalted()
T1240 033:356.608 - 0.464ms returns FALSE
T1240 033:464.060 JLINK_IsHalted()
T1240 033:464.724 - 0.659ms returns FALSE
T1240 033:464.870 JLINK_IsHalted()
T1240 033:466.656 - 1.782ms returns FALSE
T1240 033:573.812 JLINK_IsHalted()
T1240 033:574.516 - 0.701ms returns FALSE
T1240 033:574.600 JLINK_IsHalted()
T1240 033:575.128 - 0.531ms returns FALSE
T1240 033:682.728 JLINK_IsHalted()
T1240 033:683.620 - 0.889ms returns FALSE
T1240 033:683.716 JLINK_IsHalted()
T1240 033:684.280 - 0.561ms returns FALSE
T1240 033:792.000 JLINK_IsHalted()
T1240 033:792.672 - 0.670ms returns FALSE
T1240 033:792.784 JLINK_IsHalted()
T1240 033:793.336 - 0.553ms returns FALSE
T1240 033:901.688 JLINK_IsHalted()
T1240 033:902.668 - 0.979ms returns FALSE
T1240 033:902.760 JLINK_IsHalted()
T1240 033:903.752 - 0.988ms returns FALSE
T1240 034:010.860 JLINK_IsHalted()
T1240 034:011.648 - 0.785ms returns FALSE
T1240 034:011.716 JLINK_IsHalted()
T1240 034:012.296 - 0.576ms returns FALSE
T4FF8 034:025.568 JLINK_IsHalted()
T4FF8 034:026.404 - 0.836ms returns FALSE
T4FF8 034:026.536 JLINK_IsHalted()
T4FF8 034:027.272 - 0.738ms returns FALSE
T1240 034:120.704 JLINK_IsHalted()
T1240 034:121.480 - 0.776ms returns FALSE
T1240 034:121.784 JLINK_IsHalted()
T1240 034:122.672 - 0.884ms returns FALSE
T1240 034:229.932 JLINK_IsHalted()
T1240 034:230.572 - 0.637ms returns FALSE
T1240 034:230.696 JLINK_IsHalted()
T1240 034:231.552 - 0.857ms returns FALSE
T1240 034:338.968 JLINK_IsHalted()
T1240 034:339.740 - 0.771ms returns FALSE
T1240 034:339.808 JLINK_IsHalted()
T1240 034:340.344 - 0.532ms returns FALSE
T1240 034:448.908 JLINK_IsHalted()
T1240 034:450.720 - 1.809ms returns FALSE
T1240 034:450.840 JLINK_IsHalted()
T1240 034:451.444 - 0.598ms returns FALSE
T1240 034:558.348 JLINK_IsHalted()
T1240 034:558.956 - 0.608ms returns FALSE
T1240 034:559.020 JLINK_IsHalted()
T1240 034:559.384 - 0.365ms returns FALSE
T1240 034:667.436 JLINK_IsHalted()
T1240 034:668.152 - 0.712ms returns FALSE
T1240 034:668.220 JLINK_IsHalted()
T1240 034:668.748 - 0.527ms returns FALSE
T1240 034:776.368 JLINK_IsHalted()
T1240 034:777.244 - 0.874ms returns FALSE
T1240 034:777.352 JLINK_IsHalted()
T1240 034:777.976 - 0.626ms returns FALSE
T1240 034:886.536 JLINK_IsHalted()
T1240 034:887.416 - 0.875ms returns FALSE
T1240 034:887.496 JLINK_IsHalted()
T1240 034:887.976 - 0.483ms returns FALSE
T1240 034:995.624 JLINK_IsHalted()
T1240 034:996.616 - 0.990ms returns FALSE
T1240 034:996.756 JLINK_IsHalted()
T1240 034:997.176 - 0.418ms returns FALSE
T4FF8 035:028.368 JLINK_IsHalted()
T4FF8 035:029.032 - 0.662ms returns FALSE
T4FF8 035:029.120 JLINK_IsHalted()
T4FF8 035:029.608 - 0.487ms returns FALSE
T1240 035:104.968 JLINK_IsHalted()
T1240 035:105.632 - 0.665ms returns FALSE
T1240 035:105.700 JLINK_IsHalted()
T1240 035:106.164 - 0.462ms returns FALSE
T1240 035:214.424 JLINK_IsHalted()
T1240 035:216.704 - 2.279ms returns FALSE
T1240 035:216.788 JLINK_IsHalted()
T1240 035:219.008 - 2.220ms returns FALSE
T1240 035:324.444 JLINK_IsHalted()
T1240 035:326.816 - 2.369ms returns FALSE
T1240 035:326.932 JLINK_IsHalted()
T1240 035:327.332 - 0.400ms returns FALSE
T1240 035:433.200 JLINK_IsHalted()
T1240 035:434.472 - 1.272ms returns FALSE
T1240 035:434.540 JLINK_IsHalted()
T1240 035:435.112 - 0.572ms returns FALSE
T1240 035:542.472 JLINK_IsHalted()
T1240 035:544.696 - 2.224ms returns FALSE
T1240 035:544.768 JLINK_IsHalted()
T1240 035:545.544 - 0.773ms returns FALSE
T1240 035:651.392 JLINK_IsHalted()
T1240 035:652.392 - 0.995ms returns FALSE
T1240 035:652.584 JLINK_IsHalted()
T1240 035:653.320 - 0.732ms returns FALSE
T1240 035:761.464 JLINK_IsHalted()
T1240 035:764.816 - 3.350ms returns FALSE
T1240 035:764.944 JLINK_IsHalted()
T1240 035:765.400 - 0.456ms returns FALSE
T1240 035:870.056 JLINK_IsHalted()
T1240 035:870.872 - 0.811ms returns FALSE
T1240 035:870.956 JLINK_IsHalted()
T1240 035:871.632 - 0.672ms returns FALSE
T1240 035:979.964 JLINK_IsHalted()
T1240 035:980.664 - 0.695ms returns FALSE
T1240 035:980.776 JLINK_IsHalted()
T1240 035:981.252 - 0.477ms returns FALSE
T4FF8 036:030.216 JLINK_IsHalted()
T4FF8 036:031.448 - 1.231ms returns FALSE
T4FF8 036:031.564 JLINK_IsHalted()
T4FF8 036:032.036 - 0.471ms returns FALSE
T1240 036:089.556 JLINK_IsHalted()
T1240 036:090.408 - 0.851ms returns FALSE
T1240 036:090.504 JLINK_IsHalted()
T1240 036:091.208 - 0.699ms returns FALSE
T1240 036:198.432 JLINK_IsHalted()
T1240 036:199.048 - 0.615ms returns FALSE
T1240 036:199.136 JLINK_IsHalted()
T1240 036:199.624 - 0.484ms returns FALSE
T1240 036:307.940 JLINK_IsHalted()
T1240 036:308.752 - 0.809ms returns FALSE
T1240 036:308.812 JLINK_IsHalted()
T1240 036:309.280 - 0.467ms returns FALSE
T1240 036:418.324 JLINK_IsHalted()
T1240 036:419.516 - 1.192ms returns FALSE
T1240 036:419.636 JLINK_IsHalted()
T1240 036:420.408 - 0.768ms returns FALSE
T1240 036:526.668 JLINK_IsHalted()
T1240 036:527.496 - 0.825ms returns FALSE
T1240 036:527.564 JLINK_IsHalted()
T1240 036:528.192 - 0.625ms returns FALSE
T1240 036:636.384 JLINK_IsHalted()
T1240 036:640.148 - 3.764ms returns FALSE
T1240 036:640.264 JLINK_IsHalted()
T1240 036:641.112 - 0.848ms returns FALSE
T1240 036:746.072 JLINK_IsHalted()
T1240 036:746.932 - 0.858ms returns FALSE
T1240 036:747.080 JLINK_IsHalted()
T1240 036:748.924 - 1.844ms returns FALSE
T1240 036:854.552 JLINK_IsHalted()
T1240 036:856.160 - 1.608ms returns FALSE
T1240 036:856.268 JLINK_IsHalted()
T1240 036:857.016 - 0.741ms returns FALSE
T1240 036:964.576 JLINK_IsHalted()
T1240 036:965.460 - 0.883ms returns FALSE
T1240 036:965.568 JLINK_IsHalted()
T1240 036:966.176 - 0.604ms returns FALSE
T4FF8 037:033.536 JLINK_IsHalted()
T4FF8 037:034.808 - 1.271ms returns FALSE
T4FF8 037:035.004 JLINK_IsHalted()
T4FF8 037:035.896 - 0.887ms returns FALSE
T1240 037:073.356 JLINK_IsHalted()
T1240 037:074.128 - 0.771ms returns FALSE
T1240 037:074.264 JLINK_IsHalted()
T1240 037:074.908 - 0.641ms returns FALSE
T1240 037:182.888 JLINK_IsHalted()
T1240 037:183.652 - 0.759ms returns FALSE
T1240 037:183.732 JLINK_IsHalted()
T1240 037:184.128 - 0.398ms returns FALSE
T1240 037:292.828 JLINK_IsHalted()
T1240 037:293.612 - 0.779ms returns FALSE
T1240 037:293.708 JLINK_IsHalted()
T1240 037:294.240 - 0.528ms returns FALSE
T1240 037:401.960 JLINK_IsHalted()
T1240 037:402.884 - 0.925ms returns FALSE
T1240 037:402.984 JLINK_IsHalted()
T1240 037:403.648 - 0.659ms returns FALSE
T1240 037:511.360 JLINK_IsHalted()
T1240 037:512.296 - 0.933ms returns FALSE
T1240 037:512.440 JLINK_IsHalted()
T1240 037:513.012 - 0.569ms returns FALSE
T1240 037:621.120 JLINK_IsHalted()
T1240 037:621.944 - 0.827ms returns FALSE
T1240 037:622.152 JLINK_IsHalted()
T1240 037:623.004 - 0.852ms returns FALSE
T1240 037:729.656 JLINK_IsHalted()
T1240 037:730.324 - 0.669ms returns FALSE
T1240 037:730.392 JLINK_IsHalted()
T1240 037:730.788 - 0.393ms returns FALSE
T1240 037:839.784 JLINK_IsHalted()
T1240 037:840.536 - 0.747ms returns FALSE
T1240 037:840.600 JLINK_IsHalted()
T1240 037:841.180 - 0.579ms returns FALSE
T1240 037:948.780 JLINK_IsHalted()
T1240 037:949.600 - 0.819ms returns FALSE
T1240 037:949.720 JLINK_IsHalted()
T1240 037:950.376 - 0.652ms returns FALSE
T4FF8 038:036.948 JLINK_IsHalted()
T4FF8 038:037.648 - 0.699ms returns FALSE
T4FF8 038:037.804 JLINK_IsHalted()
T4FF8 038:038.404 - 0.598ms returns FALSE
T1240 038:057.548 JLINK_IsHalted()
T1240 038:058.616 - 1.066ms returns FALSE
T1240 038:058.768 JLINK_IsHalted()
T1240 038:059.420 - 0.651ms returns FALSE
T1240 038:167.548 JLINK_IsHalted()
T1240 038:168.380 - 0.832ms returns FALSE
T1240 038:168.544 JLINK_IsHalted()
T1240 038:169.048 - 0.504ms returns FALSE
T1240 038:277.192 JLINK_IsHalted()
T1240 038:277.860 - 0.663ms returns FALSE
T1240 038:277.980 JLINK_IsHalted()
T1240 038:278.600 - 0.617ms returns FALSE
T1240 038:386.164 JLINK_IsHalted()
T1240 038:387.288 - 1.120ms returns FALSE
T1240 038:387.448 JLINK_IsHalted()
T1240 038:388.340 - 0.890ms returns FALSE
T1240 038:496.440 JLINK_IsHalted()
T1240 038:497.816 - 1.377ms returns FALSE
T1240 038:498.104 JLINK_IsHalted()
T1240 038:501.772 - 3.666ms returns FALSE
T1240 038:605.936 JLINK_IsHalted()
T1240 038:607.324 - 1.386ms returns FALSE
T1240 038:607.528 JLINK_IsHalted()
T1240 038:608.200 - 0.669ms returns FALSE
T1240 038:713.800 JLINK_IsHalted()
T1240 038:714.668 - 0.866ms returns FALSE
T1240 038:714.776 JLINK_IsHalted()
T1240 038:715.352 - 0.573ms returns FALSE
T1240 038:823.880 JLINK_IsHalted()
T1240 038:824.744 - 0.862ms returns FALSE
T1240 038:824.936 JLINK_IsHalted()
T1240 038:825.560 - 0.627ms returns FALSE
T1240 038:932.712 JLINK_IsHalted()
T1240 038:933.804 - 1.088ms returns FALSE
T1240 038:934.020 JLINK_IsHalted()
T1240 038:934.776 - 0.757ms returns FALSE
T4FF8 039:040.096 JLINK_IsHalted()
T4FF8 039:040.836 - 0.735ms returns FALSE
T4FF8 039:040.916 JLINK_IsHalted()
T4FF8 039:041.304 - 0.385ms returns FALSE
T1240 039:043.100 JLINK_IsHalted()
T1240 039:043.580 - 0.479ms returns FALSE
T1240 039:043.640 JLINK_IsHalted()
T1240 039:044.024 - 0.381ms returns FALSE
T1240 039:151.732 JLINK_IsHalted()
T1240 039:152.580 - 0.845ms returns FALSE
T1240 039:152.728 JLINK_IsHalted()
T1240 039:153.472 - 0.738ms returns FALSE
T1240 039:261.220 JLINK_IsHalted()
T1240 039:261.840 - 0.620ms returns FALSE
T1240 039:261.980 JLINK_IsHalted()
T1240 039:262.408 - 0.427ms returns FALSE
T1240 039:371.028 JLINK_IsHalted()
T1240 039:372.016 - 0.985ms returns FALSE
T1240 039:372.116 JLINK_IsHalted()
T1240 039:372.516 - 0.398ms returns FALSE
T1240 039:479.688 JLINK_IsHalted()
T1240 039:480.372 - 0.681ms returns FALSE
T1240 039:480.452 JLINK_IsHalted()
T1240 039:480.936 - 0.483ms returns FALSE
T1240 039:589.020 JLINK_IsHalted()
T1240 039:589.784 - 0.764ms returns FALSE
T1240 039:589.892 JLINK_IsHalted()
T1240 039:590.516 - 0.624ms returns FALSE
T1240 039:699.236 JLINK_IsHalted()
T1240 039:700.132 - 0.895ms returns FALSE
T1240 039:700.200 JLINK_IsHalted()
T1240 039:700.744 - 0.538ms returns FALSE
T1240 039:808.800 JLINK_IsHalted()
T1240 039:809.756 - 0.954ms returns FALSE
T1240 039:809.912 JLINK_IsHalted()
T1240 039:810.752 - 0.839ms returns FALSE
T1240 039:917.236 JLINK_IsHalted()
T1240 039:918.656 - 1.420ms returns FALSE
T1240 039:918.864 JLINK_IsHalted()
T1240 039:919.576 - 0.714ms returns FALSE
T1240 040:027.208 JLINK_IsHalted()
T1240 040:028.044 - 0.837ms returns FALSE
T1240 040:028.188 JLINK_IsHalted()
T1240 040:028.992 - 0.802ms returns FALSE
T4FF8 040:043.128 JLINK_IsHalted()
T4FF8 040:045.584 - 2.455ms returns FALSE
T4FF8 040:045.784 JLINK_IsHalted()
T4FF8 040:046.512 - 0.726ms returns FALSE
T1240 040:136.328 JLINK_IsHalted()
T1240 040:137.436 - 1.104ms returns FALSE
T1240 040:137.600 JLINK_IsHalted()
T1240 040:138.448 - 0.847ms returns FALSE
T1240 040:246.180 JLINK_IsHalted()
T1240 040:246.884 - 0.703ms returns FALSE
T1240 040:246.940 JLINK_IsHalted()
T1240 040:247.792 - 0.849ms returns FALSE
T1240 040:355.084 JLINK_IsHalted()
T1240 040:356.088 - 1.001ms returns FALSE
T1240 040:356.548 JLINK_IsHalted()
T1240 040:357.636 - 1.084ms returns FALSE
T1240 040:464.820 JLINK_IsHalted()
T1240 040:465.832 - 1.008ms returns FALSE
T1240 040:465.940 JLINK_IsHalted()
T1240 040:468.312 - 2.372ms returns FALSE
T1240 040:574.056 JLINK_IsHalted()
T1240 040:575.056 - 0.998ms returns FALSE
T1240 040:575.176 JLINK_IsHalted()
T1240 040:576.220 - 1.046ms returns FALSE
T1240 040:683.128 JLINK_IsHalted()
T1240 040:683.840 - 0.712ms returns FALSE
T1240 040:683.912 JLINK_IsHalted()
T1240 040:684.452 - 0.537ms returns FALSE
T1240 040:792.068 JLINK_IsHalted()
T1240 040:793.464 - 1.400ms returns FALSE
T1240 040:793.584 JLINK_IsHalted()
T1240 040:794.044 - 0.462ms returns FALSE
T1240 040:901.432 JLINK_IsHalted()
T1240 040:902.088 - 0.654ms returns FALSE
T1240 040:902.156 JLINK_IsHalted()
T1240 040:902.568 - 0.413ms returns FALSE
T1240 041:012.120 JLINK_IsHalted()
T1240 041:012.752 - 0.631ms returns FALSE
T1240 041:012.856 JLINK_IsHalted()
T1240 041:013.428 - 0.567ms returns FALSE
T4FF8 041:047.468 JLINK_IsHalted()
T4FF8 041:048.216 - 0.748ms returns FALSE
T4FF8 041:048.304 JLINK_IsHalted()
T4FF8 041:049.152 - 0.846ms returns FALSE
T1240 041:120.396 JLINK_IsHalted()
T1240 041:121.224 - 0.822ms returns FALSE
T1240 041:121.336 JLINK_IsHalted()
T1240 041:122.104 - 0.767ms returns FALSE
T1240 041:230.608 JLINK_IsHalted()
T1240 041:231.656 - 1.043ms returns FALSE
T1240 041:231.792 JLINK_IsHalted()
T1240 041:232.660 - 0.864ms returns FALSE
T1240 041:339.384 JLINK_IsHalted()
T1240 041:340.532 - 1.144ms returns FALSE
T1240 041:340.656 JLINK_IsHalted()
T1240 041:341.204 - 0.544ms returns FALSE
T1240 041:448.428 JLINK_IsHalted()
T1240 041:449.452 - 1.024ms returns FALSE
T1240 041:449.644 JLINK_IsHalted()
T1240 041:450.224 - 0.578ms returns FALSE
T1240 041:557.868 JLINK_IsHalted()
T1240 041:558.740 - 0.872ms returns FALSE
T1240 041:558.852 JLINK_IsHalted()
T1240 041:559.248 - 0.394ms returns FALSE
T1240 041:667.312 JLINK_IsHalted()
T1240 041:667.860 - 0.548ms returns FALSE
T1240 041:667.912 JLINK_IsHalted()
T1240 041:668.296 - 0.381ms returns FALSE
T1240 041:777.152 JLINK_IsHalted()
T1240 041:777.768 - 0.614ms returns FALSE
T1240 041:777.864 JLINK_IsHalted()
T1240 041:778.472 - 0.610ms returns FALSE
T1240 041:886.776 JLINK_IsHalted()
T1240 041:888.152 - 1.373ms returns FALSE
T1240 041:888.236 JLINK_IsHalted()
T1240 041:888.616 - 0.379ms returns FALSE
T1240 041:995.968 JLINK_IsHalted()
T1240 041:996.576 - 0.609ms returns FALSE
T1240 041:996.632 JLINK_IsHalted()
T1240 041:996.996 - 0.363ms returns FALSE
T4FF8 042:050.820 JLINK_IsHalted()
T4FF8 042:051.808 - 0.986ms returns FALSE
T4FF8 042:051.984 JLINK_IsHalted()
T4FF8 042:052.576 - 0.590ms returns FALSE
T1240 042:105.296 JLINK_IsHalted()
T1240 042:106.200 - 0.905ms returns FALSE
T1240 042:106.344 JLINK_IsHalted()
T1240 042:106.844 - 0.502ms returns FALSE
T1240 042:213.876 JLINK_IsHalted()
T1240 042:214.648 - 0.768ms returns FALSE
T1240 042:214.752 JLINK_IsHalted()
T1240 042:215.376 - 0.623ms returns FALSE
T1240 042:324.232 JLINK_IsHalted()
T1240 042:324.904 - 0.673ms returns FALSE
T1240 042:324.984 JLINK_IsHalted()
T1240 042:325.460 - 0.470ms returns FALSE
T1240 042:432.800 JLINK_IsHalted()
T1240 042:433.568 - 0.765ms returns FALSE
T1240 042:433.696 JLINK_IsHalted()
T1240 042:434.552 - 0.853ms returns FALSE
T1240 042:542.520 JLINK_IsHalted()
T1240 042:543.480 - 0.952ms returns FALSE
T1240 042:543.604 JLINK_IsHalted()
T1240 042:544.340 - 0.732ms returns FALSE
T1240 042:652.288 JLINK_IsHalted()
T1240 042:653.292 - 1.000ms returns FALSE
T1240 042:653.448 JLINK_IsHalted()
T1240 042:654.192 - 0.742ms returns FALSE
T1240 042:761.224 JLINK_IsHalted()
T1240 042:761.868 - 0.639ms returns FALSE
T1240 042:761.932 JLINK_IsHalted()
T1240 042:762.392 - 0.456ms returns FALSE
T1240 042:870.228 JLINK_IsHalted()
T1240 042:871.280 - 1.051ms returns FALSE
T1240 042:871.352 JLINK_IsHalted()
T1240 042:871.848 - 0.494ms returns FALSE
T1240 042:979.656 JLINK_IsHalted()
T1240 042:980.532 - 0.874ms returns FALSE
T1240 042:980.604 JLINK_IsHalted()
T1240 042:981.272 - 0.663ms returns FALSE
T4FF8 043:052.732 JLINK_IsHalted()
T4FF8 043:053.548 - 0.815ms returns FALSE
T4FF8 043:053.664 JLINK_IsHalted()
T4FF8 043:054.428 - 0.765ms returns FALSE
T1240 043:088.940 JLINK_IsHalted()
T1240 043:089.920 - 0.977ms returns FALSE
T1240 043:090.008 JLINK_IsHalted()
T1240 043:090.652 - 0.641ms returns FALSE
T1240 043:198.744 JLINK_IsHalted()
T1240 043:199.496 - 0.750ms returns FALSE
T1240 043:199.588 JLINK_IsHalted()
T1240 043:200.072 - 0.483ms returns FALSE
T1240 043:308.580 JLINK_IsHalted()
T1240 043:309.272 - 0.695ms returns FALSE
T1240 043:309.352 JLINK_IsHalted()
T1240 043:309.892 - 0.539ms returns FALSE
T1240 043:417.212 JLINK_IsHalted()
T1240 043:418.068 - 0.850ms returns FALSE
T1240 043:418.136 JLINK_IsHalted()
T1240 043:418.644 - 0.504ms returns FALSE
T1240 043:526.856 JLINK_IsHalted()
T1240 043:527.900 - 1.045ms returns FALSE
T1240 043:528.024 JLINK_IsHalted()
T1240 043:528.704 - 0.675ms returns FALSE
T1240 043:637.056 JLINK_IsHalted()
T1240 043:638.228 - 1.173ms returns FALSE
T1240 043:638.416 JLINK_IsHalted()
T1240 043:639.292 - 0.872ms returns FALSE
T1240 043:745.364 JLINK_IsHalted()
T1240 043:746.264 - 0.898ms returns FALSE
T1240 043:746.368 JLINK_IsHalted()
T1240 043:748.476 - 2.107ms returns FALSE
T1240 043:855.376 JLINK_IsHalted()
T1240 043:857.208 - 1.833ms returns FALSE
T1240 043:857.292 JLINK_IsHalted()
T1240 043:858.232 - 0.936ms returns FALSE
T1240 043:964.104 JLINK_IsHalted()
T1240 043:964.616 - 0.508ms returns FALSE
T1240 043:964.692 JLINK_IsHalted()
T1240 043:965.184 - 0.489ms returns FALSE
T4FF8 044:055.640 JLINK_IsHalted()
T4FF8 044:057.348 - 1.708ms returns FALSE
T4FF8 044:057.480 JLINK_IsHalted()
T4FF8 044:058.252 - 0.771ms returns FALSE
T1240 044:073.732 JLINK_IsHalted()
T1240 044:074.568 - 0.835ms returns FALSE
T1240 044:074.692 JLINK_IsHalted()
T1240 044:075.528 - 0.837ms returns FALSE
T1240 044:183.316 JLINK_IsHalted()
T1240 044:184.052 - 0.734ms returns FALSE
T1240 044:184.136 JLINK_IsHalted()
T1240 044:184.760 - 0.626ms returns FALSE
T1240 044:292.568 JLINK_IsHalted()
T1240 044:293.172 - 0.600ms returns FALSE
T1240 044:293.240 JLINK_IsHalted()
T1240 044:293.672 - 0.430ms returns FALSE
T1240 044:401.964 JLINK_IsHalted()
T1240 044:402.648 - 0.680ms returns FALSE
T1240 044:402.792 JLINK_IsHalted()
T1240 044:403.464 - 0.669ms returns FALSE
T1240 044:512.164 JLINK_IsHalted()
T1240 044:512.856 - 0.688ms returns FALSE
T1240 044:512.908 JLINK_IsHalted()
T1240 044:513.408 - 0.497ms returns FALSE
T1240 044:620.776 JLINK_IsHalted()
T1240 044:621.532 - 0.755ms returns FALSE
T1240 044:621.624 JLINK_IsHalted()
T1240 044:622.120 - 0.497ms returns FALSE
T1240 044:730.388 JLINK_IsHalted()
T1240 044:731.320 - 0.931ms returns FALSE
T1240 044:731.444 JLINK_IsHalted()
T1240 044:732.184 - 0.742ms returns FALSE
T1240 044:839.016 JLINK_IsHalted()
T1240 044:839.896 - 0.884ms returns FALSE
T1240 044:839.980 JLINK_IsHalted()
T1240 044:840.528 - 0.546ms returns FALSE
T1240 044:949.024 JLINK_IsHalted()
T1240 044:949.840 - 0.813ms returns FALSE
T1240 044:949.932 JLINK_IsHalted()
T1240 044:950.484 - 0.547ms returns FALSE
T1240 045:058.204 JLINK_IsHalted()
T1240 045:059.580 - 1.372ms returns FALSE
T1240 045:059.720 JLINK_IsHalted()
T1240 045:060.416 - 0.696ms returns FALSE
T4FF8 045:060.648 JLINK_IsHalted()
T4FF8 045:065.652 - 5.000ms returns FALSE
T4FF8 045:065.736 JLINK_IsHalted()
T4FF8 045:066.168 - 0.436ms returns FALSE
T1240 045:167.168 JLINK_IsHalted()
T1240 045:169.720 - 2.550ms returns FALSE
T1240 045:169.808 JLINK_IsHalted()
T1240 045:170.492 - 0.681ms returns FALSE
T1240 045:276.632 JLINK_IsHalted()
T1240 045:277.476 - 0.840ms returns FALSE
T1240 045:277.588 JLINK_IsHalted()
T1240 045:278.132 - 0.540ms returns FALSE
T1240 045:385.784 JLINK_IsHalted()
T1240 045:386.488 - 0.707ms returns FALSE
T1240 045:386.572 JLINK_IsHalted()
T1240 045:387.004 - 0.430ms returns FALSE
T1240 045:496.072 JLINK_IsHalted()
T1240 045:496.768 - 0.690ms returns FALSE
T1240 045:496.864 JLINK_IsHalted()
T1240 045:497.396 - 0.529ms returns FALSE
T1240 045:604.564 JLINK_IsHalted()
T1240 045:605.528 - 0.965ms returns FALSE
T1240 045:605.700 JLINK_IsHalted()
T1240 045:606.648 - 0.946ms returns FALSE
T1240 045:714.396 JLINK_IsHalted()
T1240 045:715.252 - 0.852ms returns FALSE
T1240 045:715.380 JLINK_IsHalted()
T1240 045:715.888 - 0.509ms returns FALSE
T1240 045:823.932 JLINK_IsHalted()
T1240 045:824.380 - 0.447ms returns FALSE
T1240 045:824.432 JLINK_IsHalted()
T1240 045:824.788 - 0.353ms returns FALSE
T1240 045:933.260 JLINK_IsHalted()
T1240 045:934.632 - 1.371ms returns FALSE
T1240 045:934.708 JLINK_IsHalted()
T1240 045:935.204 - 0.494ms returns FALSE
T1240 046:042.196 JLINK_IsHalted()
T1240 046:042.872 - 0.676ms returns FALSE
T1240 046:042.960 JLINK_IsHalted()
T1240 046:043.560 - 0.594ms returns FALSE
T4FF8 046:068.216 JLINK_IsHalted()
T4FF8 046:074.932 - 6.710ms returns FALSE
T4FF8 046:075.064 JLINK_IsHalted()
T4FF8 046:081.200 - 6.135ms returns FALSE
T1240 046:151.496 JLINK_IsHalted()
T1240 046:152.296 - 0.794ms returns FALSE
T1240 046:152.360 JLINK_IsHalted()
T1240 046:152.972 - 0.611ms returns FALSE
T1240 046:261.084 JLINK_IsHalted()
T1240 046:261.724 - 0.639ms returns FALSE
T1240 046:261.784 JLINK_IsHalted()
T1240 046:262.232 - 0.446ms returns FALSE
T1240 046:370.492 JLINK_IsHalted()
T1240 046:371.256 - 0.764ms returns FALSE
T1240 046:371.332 JLINK_IsHalted()
T1240 046:371.960 - 0.628ms returns FALSE
T1240 046:480.012 JLINK_IsHalted()
T1240 046:480.948 - 0.934ms returns FALSE
T1240 046:481.108 JLINK_IsHalted()
T1240 046:481.744 - 0.635ms returns FALSE
T1240 046:589.256 JLINK_IsHalted()
T1240 046:590.008 - 0.745ms returns FALSE
T1240 046:590.068 JLINK_IsHalted()
T1240 046:590.512 - 0.444ms returns FALSE
T1240 046:699.524 JLINK_IsHalted()
T1240 046:700.528 - 1.003ms returns FALSE
T1240 046:700.616 JLINK_IsHalted()
T1240 046:701.248 - 0.634ms returns FALSE
T1240 046:807.848 JLINK_IsHalted()
T1240 046:808.348 - 0.500ms returns FALSE
T1240 046:808.424 JLINK_IsHalted()
T1240 046:808.928 - 0.504ms returns FALSE
T1240 046:917.144 JLINK_IsHalted()
T1240 046:917.716 - 0.567ms returns FALSE
T1240 046:917.792 JLINK_IsHalted()
T1240 046:918.232 - 0.440ms returns FALSE
T1240 047:026.392 JLINK_IsHalted()
T1240 047:027.064 - 0.671ms returns FALSE
T1240 047:027.148 JLINK_IsHalted()
T1240 047:027.572 - 0.420ms returns FALSE
T4FF8 047:082.888 JLINK_IsHalted()
T4FF8 047:083.960 - 1.071ms returns FALSE
T4FF8 047:084.128 JLINK_IsHalted()
T4FF8 047:084.784 - 0.654ms returns FALSE
T1240 047:135.680 JLINK_IsHalted()
T1240 047:136.504 - 0.820ms returns FALSE
T1240 047:136.584 JLINK_IsHalted()
T1240 047:137.176 - 0.589ms returns FALSE
T1240 047:246.072 JLINK_IsHalted()
T1240 047:247.128 - 1.058ms returns FALSE
T1240 047:247.296 JLINK_IsHalted()
T1240 047:247.864 - 0.566ms returns FALSE
T1240 047:355.412 JLINK_IsHalted()
T1240 047:356.096 - 0.681ms returns FALSE
T1240 047:356.184 JLINK_IsHalted()
T1240 047:356.684 - 0.499ms returns FALSE
T1240 047:464.112 JLINK_IsHalted()
T1240 047:464.688 - 0.572ms returns FALSE
T1240 047:464.760 JLINK_IsHalted()
T1240 047:465.192 - 0.435ms returns FALSE
T1240 047:573.532 JLINK_IsHalted()
T1240 047:576.244 - 2.707ms returns FALSE
T1240 047:576.392 JLINK_IsHalted()
T1240 047:577.388 - 0.995ms returns FALSE
T1240 047:683.124 JLINK_IsHalted()
T1240 047:684.100 - 0.978ms returns FALSE
T1240 047:684.184 JLINK_IsHalted()
T1240 047:684.868 - 0.685ms returns FALSE
T1240 047:792.248 JLINK_IsHalted()
T1240 047:793.068 - 0.817ms returns FALSE
T1240 047:793.208 JLINK_IsHalted()
T1240 047:793.788 - 0.582ms returns FALSE
T1240 047:901.896 JLINK_IsHalted()
T1240 047:902.696 - 0.800ms returns FALSE
T1240 047:902.796 JLINK_IsHalted()
T1240 047:903.528 - 0.726ms returns FALSE
T1240 048:011.308 JLINK_IsHalted()
T1240 048:014.540 - 3.233ms returns FALSE
T1240 048:014.716 JLINK_IsHalted()
T1240 048:019.064 - 4.349ms returns FALSE
T4FF8 048:085.548 JLINK_IsHalted()
T4FF8 048:086.392 - 0.841ms returns FALSE
T4FF8 048:086.504 JLINK_IsHalted()
T4FF8 048:087.040 - 0.537ms returns FALSE
T1240 048:120.520 JLINK_IsHalted()
T1240 048:121.372 - 0.847ms returns FALSE
T1240 048:121.444 JLINK_IsHalted()
T1240 048:122.364 - 0.921ms returns FALSE
T1240 048:229.508 JLINK_IsHalted()
T1240 048:230.088 - 0.578ms returns FALSE
T1240 048:230.152 JLINK_IsHalted()
T1240 048:230.580 - 0.424ms returns FALSE
T1240 048:339.192 JLINK_IsHalted()
T1240 048:339.992 - 0.801ms returns FALSE
T1240 048:340.084 JLINK_IsHalted()
T1240 048:340.824 - 0.739ms returns FALSE
T1240 048:448.700 JLINK_IsHalted()
T1240 048:449.608 - 0.904ms returns FALSE
T1240 048:449.748 JLINK_IsHalted()
T1240 048:450.420 - 0.668ms returns FALSE
T1240 048:558.432 JLINK_IsHalted()
T1240 048:559.256 - 0.822ms returns FALSE
T1240 048:559.424 JLINK_IsHalted()
T1240 048:559.856 - 0.433ms returns FALSE
T1240 048:667.904 JLINK_IsHalted()
T1240 048:669.048 - 1.140ms returns FALSE
T1240 048:669.192 JLINK_IsHalted()
T1240 048:669.832 - 0.642ms returns FALSE
T1240 048:777.336 JLINK_IsHalted()
T1240 048:778.648 - 1.311ms returns FALSE
T1240 048:778.752 JLINK_IsHalted()
T1240 048:779.320 - 0.568ms returns FALSE
T1240 048:886.236 JLINK_IsHalted()
T1240 048:886.956 - 0.722ms returns FALSE
T1240 048:887.116 JLINK_IsHalted()
T1240 048:887.688 - 0.571ms returns FALSE
T1240 048:995.940 JLINK_IsHalted()
T1240 048:996.900 - 0.955ms returns FALSE
T1240 048:996.984 JLINK_IsHalted()
T1240 048:997.592 - 0.605ms returns FALSE
T4FF8 049:091.964 JLINK_IsHalted()
T4FF8 049:092.792 - 0.828ms returns FALSE
T4FF8 049:092.940 JLINK_IsHalted()
T4FF8 049:093.672 - 0.733ms returns FALSE
T1240 049:104.912 JLINK_IsHalted()
T1240 049:105.640 - 0.727ms returns FALSE
T1240 049:105.772 JLINK_IsHalted()
T1240 049:106.292 - 0.519ms returns FALSE
T1240 049:213.880 JLINK_IsHalted()
T1240 049:214.608 - 0.723ms returns FALSE
T1240 049:214.672 JLINK_IsHalted()
T1240 049:215.208 - 0.535ms returns FALSE
T1240 049:323.800 JLINK_IsHalted()
T1240 049:324.488 - 0.685ms returns FALSE
T1240 049:324.600 JLINK_IsHalted()
T1240 049:325.300 - 0.696ms returns FALSE
T1240 049:433.152 JLINK_IsHalted()
T1240 049:434.268 - 1.112ms returns FALSE
T1240 049:434.368 JLINK_IsHalted()
T1240 049:436.000 - 1.630ms returns FALSE
T1240 049:542.664 JLINK_IsHalted()
T1240 049:543.708 - 1.048ms returns FALSE
T1240 049:543.808 JLINK_IsHalted()
T1240 049:544.508 - 0.698ms returns FALSE
T1240 049:651.316 JLINK_IsHalted()
T1240 049:652.068 - 0.748ms returns FALSE
T1240 049:652.232 JLINK_IsHalted()
T1240 049:652.868 - 0.635ms returns FALSE
T1240 049:761.624 JLINK_IsHalted()
T1240 049:762.296 - 0.672ms returns FALSE
T1240 049:762.360 JLINK_IsHalted()
T1240 049:762.940 - 0.577ms returns FALSE
T1240 049:870.928 JLINK_IsHalted()
T1240 049:871.960 - 1.027ms returns FALSE
T1240 049:872.092 JLINK_IsHalted()
T1240 049:872.740 - 0.645ms returns FALSE
T1240 049:980.092 JLINK_IsHalted()
T1240 049:980.852 - 0.754ms returns FALSE
T1240 049:980.948 JLINK_IsHalted()
T1240 049:981.588 - 0.638ms returns FALSE
T1240 050:090.072 JLINK_IsHalted()
T1240 050:091.100 - 1.028ms returns FALSE
T1240 050:091.288 JLINK_IsHalted()
T1240 050:091.976 - 0.688ms returns FALSE
T4FF8 050:094.772 JLINK_IsHalted()
T4FF8 050:095.332 - 0.560ms returns FALSE
T4FF8 050:095.432 JLINK_IsHalted()
T4FF8 050:096.004 - 0.572ms returns FALSE
T1240 050:198.376 JLINK_IsHalted()
T1240 050:199.224 - 0.848ms returns FALSE
T1240 050:199.352 JLINK_IsHalted()
T1240 050:199.892 - 0.539ms returns FALSE
T1240 050:308.012 JLINK_IsHalted()
T1240 050:308.772 - 0.755ms returns FALSE
T1240 050:308.852 JLINK_IsHalted()
T1240 050:309.736 - 0.885ms returns FALSE
T1240 050:417.976 JLINK_IsHalted()
T1240 050:419.112 - 0.995ms returns FALSE
T1240 050:419.240 JLINK_IsHalted()
T1240 050:419.924 - 0.684ms returns FALSE
T1240 050:526.992 JLINK_IsHalted()
T1240 050:527.696 - 0.704ms returns FALSE
T1240 050:527.776 JLINK_IsHalted()
T1240 050:528.400 - 0.622ms returns FALSE
T1240 050:636.808 JLINK_IsHalted()
T1240 050:637.852 - 1.043ms returns FALSE
T1240 050:637.936 JLINK_IsHalted()
T1240 050:638.464 - 0.523ms returns FALSE
T1240 050:746.064 JLINK_IsHalted()
T1240 050:747.152 - 1.088ms returns FALSE
T1240 050:747.236 JLINK_IsHalted()
T1240 050:749.112 - 1.874ms returns FALSE
T1240 050:854.760 JLINK_IsHalted()
T1240 050:855.436 - 0.676ms returns FALSE
T1240 050:855.544 JLINK_IsHalted()
T1240 050:856.080 - 0.529ms returns FALSE
T1240 050:964.552 JLINK_IsHalted()
T1240 050:965.836 - 1.278ms returns FALSE
T1240 050:966.044 JLINK_IsHalted()
T1240 050:966.868 - 0.821ms returns FALSE
T1240 051:073.868 JLINK_IsHalted()
T1240 051:074.872 - 1.003ms returns FALSE
T1240 051:075.068 JLINK_IsHalted()
T1240 051:075.780 - 0.709ms returns FALSE
T4FF8 051:097.028 JLINK_IsHalted()
T4FF8 051:099.172 - 2.144ms returns FALSE
T4FF8 051:099.272 JLINK_IsHalted()
T4FF8 051:099.932 - 0.661ms returns FALSE
T1240 051:183.944 JLINK_IsHalted()
T1240 051:184.664 - 0.718ms returns FALSE
T1240 051:184.748 JLINK_IsHalted()
T1240 051:185.576 - 0.826ms returns FALSE
T1240 051:292.584 JLINK_IsHalted()
T1240 051:293.312 - 0.726ms returns FALSE
T1240 051:293.412 JLINK_IsHalted()
T1240 051:294.008 - 0.593ms returns FALSE
T1240 051:402.280 JLINK_IsHalted()
T1240 051:403.040 - 0.760ms returns FALSE
T1240 051:403.128 JLINK_IsHalted()
T1240 051:403.792 - 0.662ms returns FALSE
T1240 051:511.676 JLINK_IsHalted()
T1240 051:512.688 - 1.008ms returns FALSE
T1240 051:512.852 JLINK_IsHalted()
T1240 051:513.768 - 0.913ms returns FALSE
T1240 051:620.056 JLINK_IsHalted()
T1240 051:620.872 - 0.815ms returns FALSE
T1240 051:621.060 JLINK_IsHalted()
T1240 051:621.672 - 0.612ms returns FALSE
T1240 051:729.616 JLINK_IsHalted()
T1240 051:730.572 - 0.956ms returns FALSE
T1240 051:730.668 JLINK_IsHalted()
T1240 051:731.312 - 0.641ms returns FALSE
T1240 051:839.044 JLINK_IsHalted()
T1240 051:839.784 - 0.737ms returns FALSE
T1240 051:839.912 JLINK_IsHalted()
T1240 051:840.508 - 0.592ms returns FALSE
T1240 051:948.248 JLINK_IsHalted()
T1240 051:949.272 - 1.023ms returns FALSE
T1240 051:949.400 JLINK_IsHalted()
T1240 051:949.920 - 0.523ms returns FALSE
T1240 052:058.344 JLINK_IsHalted()
T1240 052:059.088 - 0.745ms returns FALSE
T1240 052:059.236 JLINK_IsHalted()
T1240 052:059.768 - 0.533ms returns FALSE
T4FF8 052:102.112 JLINK_IsHalted()
T4FF8 052:103.012 - 0.897ms returns FALSE
T4FF8 052:103.144 JLINK_IsHalted()
T4FF8 052:105.656 - 2.513ms returns FALSE
T1240 052:167.856 JLINK_IsHalted()
T1240 052:168.648 - 0.789ms returns FALSE
T1240 052:168.756 JLINK_IsHalted()
T1240 052:169.448 - 0.694ms returns FALSE
T1240 052:276.504 JLINK_IsHalted()
T1240 052:277.248 - 0.739ms returns FALSE
T1240 052:277.352 JLINK_IsHalted()
T1240 052:277.956 - 0.601ms returns FALSE
T1240 052:386.988 JLINK_IsHalted()
T1240 052:387.736 - 0.744ms returns FALSE
T1240 052:387.796 JLINK_IsHalted()
T1240 052:391.052 - 3.259ms returns FALSE
T1240 052:495.100 JLINK_IsHalted()
T1240 052:495.872 - 0.767ms returns FALSE
T1240 052:495.960 JLINK_IsHalted()
T1240 052:496.656 - 0.690ms returns FALSE
T1240 052:604.652 JLINK_IsHalted()
T1240 052:605.464 - 0.806ms returns FALSE
T1240 052:605.620 JLINK_IsHalted()
T1240 052:606.316 - 0.696ms returns FALSE
T1240 052:713.960 JLINK_IsHalted()
T1240 052:715.068 - 1.107ms returns FALSE
T1240 052:715.144 JLINK_IsHalted()
T1240 052:715.880 - 0.733ms returns FALSE
T1240 052:825.032 JLINK_IsHalted()
T1240 052:828.972 - 3.940ms returns FALSE
T1240 052:829.168 JLINK_IsHalted()
T1240 052:829.960 - 0.793ms returns FALSE
T1240 052:933.016 JLINK_IsHalted()
T1240 052:933.944 - 0.928ms returns FALSE
T1240 052:934.276 JLINK_IsHalted()
T1240 052:935.196 - 0.919ms returns FALSE
T1240 053:042.340 JLINK_IsHalted()
T1240 053:043.908 - 1.567ms returns FALSE
T1240 053:044.072 JLINK_IsHalted()
T1240 053:044.828 - 0.754ms returns FALSE
T4FF8 053:106.248 JLINK_IsHalted()
T4FF8 053:107.196 - 0.946ms returns FALSE
T4FF8 053:107.320 JLINK_IsHalted()
T4FF8 053:107.936 - 0.614ms returns FALSE
T1240 053:152.664 JLINK_IsHalted()
T1240 053:153.640 - 0.974ms returns FALSE
T1240 053:153.808 JLINK_IsHalted()
T1240 053:155.496 - 1.685ms returns FALSE
T1240 053:261.172 JLINK_IsHalted()
T1240 053:262.160 - 0.987ms returns FALSE
T1240 053:262.232 JLINK_IsHalted()
T1240 053:262.648 - 0.417ms returns FALSE
T1240 053:370.120 JLINK_IsHalted()
T1240 053:372.960 - 2.835ms returns FALSE
T1240 053:373.080 JLINK_IsHalted()
T1240 053:373.596 - 0.517ms returns FALSE
T1240 053:479.720 JLINK_IsHalted()
T1240 053:480.648 - 0.925ms returns FALSE
T1240 053:480.908 JLINK_IsHalted()
T1240 053:481.452 - 0.543ms returns FALSE
T1240 053:589.040 JLINK_IsHalted()
T1240 053:589.904 - 0.862ms returns FALSE
T1240 053:590.056 JLINK_IsHalted()
T1240 053:592.504 - 2.448ms returns FALSE
T1240 053:699.192 JLINK_IsHalted()
T1240 053:700.236 - 1.042ms returns FALSE
T1240 053:700.344 JLINK_IsHalted()
T1240 053:701.056 - 0.705ms returns FALSE
T1240 053:808.108 JLINK_IsHalted()
T1240 053:809.048 - 0.942ms returns FALSE
T1240 053:809.160 JLINK_IsHalted()
T1240 053:809.612 - 0.456ms returns FALSE
T1240 053:917.012 JLINK_IsHalted()
T1240 053:917.760 - 0.746ms returns FALSE
T1240 053:917.880 JLINK_IsHalted()
T1240 053:918.408 - 0.519ms returns FALSE
T1240 054:027.340 JLINK_IsHalted()
T1240 054:028.140 - 0.797ms returns FALSE
T1240 054:028.204 JLINK_IsHalted()
T1240 054:028.728 - 0.522ms returns FALSE
T4FF8 054:110.668 JLINK_IsHalted()
T4FF8 054:111.340 - 0.668ms returns FALSE
T4FF8 054:111.404 JLINK_IsHalted()
T4FF8 054:112.332 - 0.928ms returns FALSE
T1240 054:136.724 JLINK_IsHalted()
T1240 054:137.320 - 0.599ms returns FALSE
T1240 054:137.368 JLINK_IsHalted()
T1240 054:137.736 - 0.366ms returns FALSE
T1240 054:245.736 JLINK_IsHalted()
T1240 054:246.356 - 0.619ms returns FALSE
T1240 054:246.456 JLINK_IsHalted()
T1240 054:247.008 - 0.552ms returns FALSE
T1240 054:354.856 JLINK_IsHalted()
T1240 054:355.924 - 1.066ms returns FALSE
T1240 054:356.140 JLINK_IsHalted()
T1240 054:358.676 - 2.531ms returns FALSE
T1240 054:464.884 JLINK_IsHalted()
T1240 054:465.664 - 0.776ms returns FALSE
T1240 054:465.792 JLINK_IsHalted()
T1240 054:466.476 - 0.684ms returns FALSE
T1240 054:573.384 JLINK_IsHalted()
T1240 054:575.480 - 2.092ms returns FALSE
T1240 054:575.584 JLINK_IsHalted()
T1240 054:577.556 - 1.967ms returns FALSE
T1240 054:682.880 JLINK_IsHalted()
T1240 054:683.808 - 0.928ms returns FALSE
T1240 054:683.916 JLINK_IsHalted()
T1240 054:685.900 - 1.982ms returns FALSE
T1240 054:792.236 JLINK_IsHalted()
T1240 054:794.132 - 1.899ms returns FALSE
T1240 054:794.216 JLINK_IsHalted()
T1240 054:795.180 - 0.963ms returns FALSE
T1240 054:902.100 JLINK_IsHalted()
T1240 054:904.268 - 2.164ms returns FALSE
T1240 054:904.364 JLINK_IsHalted()
T1240 054:906.388 - 2.020ms returns FALSE
T1240 055:011.640 JLINK_IsHalted()
T1240 055:014.048 - 2.405ms returns FALSE
T1240 055:014.216 JLINK_IsHalted()
T1240 055:016.832 - 2.617ms returns FALSE
T4FF8 055:112.392 JLINK_IsHalted()
T4FF8 055:113.896 - 1.499ms returns FALSE
T4FF8 055:114.008 JLINK_IsHalted()
T4FF8 055:114.536 - 0.524ms returns FALSE
T1240 055:121.076 JLINK_IsHalted()
T1240 055:121.932 - 0.857ms returns FALSE
T1240 055:122.036 JLINK_IsHalted()
T1240 055:122.572 - 0.534ms returns FALSE
T1240 055:230.344 JLINK_IsHalted()
T1240 055:231.688 - 1.343ms returns FALSE
T1240 055:231.936 JLINK_IsHalted()
T1240 055:232.748 - 0.812ms returns FALSE
T1240 055:338.924 JLINK_IsHalted()
T1240 055:339.960 - 1.034ms returns FALSE
T1240 055:340.172 JLINK_IsHalted()
T1240 055:340.704 - 0.531ms returns FALSE
T1240 055:449.304 JLINK_IsHalted()
T1240 055:450.060 - 0.753ms returns FALSE
T1240 055:450.176 JLINK_IsHalted()
T1240 055:452.520 - 2.313ms returns FALSE
T1240 055:558.552 JLINK_IsHalted()
T1240 055:559.348 - 0.794ms returns FALSE
T1240 055:559.424 JLINK_IsHalted()
T1240 055:560.056 - 0.636ms returns FALSE
T1240 055:667.532 JLINK_IsHalted()
T1240 055:668.384 - 0.846ms returns FALSE
T1240 055:668.456 JLINK_IsHalted()
T1240 055:669.196 - 0.742ms returns FALSE
T1240 055:776.844 JLINK_IsHalted()
T1240 055:777.708 - 0.865ms returns FALSE
T1240 055:777.832 JLINK_IsHalted()
T1240 055:778.444 - 0.615ms returns FALSE
T1240 055:886.228 JLINK_IsHalted()
T1240 055:888.552 - 2.323ms returns FALSE
T1240 055:888.620 JLINK_IsHalted()
T1240 055:889.056 - 0.434ms returns FALSE
T1240 055:996.632 JLINK_IsHalted()
T1240 055:997.612 - 0.979ms returns FALSE
T1240 055:997.784 JLINK_IsHalted()
T1240 055:998.408 - 0.615ms returns FALSE
T1240 056:104.568 JLINK_IsHalted()
T1240 056:105.384 - 0.812ms returns FALSE
T1240 056:105.496 JLINK_IsHalted()
T1240 056:106.184 - 0.682ms returns FALSE
T4FF8 056:116.172 JLINK_IsHalted()
T4FF8 056:116.884 - 0.707ms returns FALSE
T4FF8 056:116.980 JLINK_IsHalted()
T4FF8 056:117.716 - 0.738ms returns FALSE
T1240 056:214.696 JLINK_IsHalted()
T1240 056:215.372 - 0.673ms returns FALSE
T1240 056:215.496 JLINK_IsHalted()
T1240 056:216.224 - 0.723ms returns FALSE
T1240 056:323.628 JLINK_IsHalted()
T1240 056:324.600 - 0.969ms returns FALSE
T1240 056:324.724 JLINK_IsHalted()
T1240 056:325.524 - 0.798ms returns FALSE
T1240 056:433.524 JLINK_IsHalted()
T1240 056:434.380 - 0.861ms returns FALSE
T1240 056:434.488 JLINK_IsHalted()
T1240 056:434.952 - 0.457ms returns FALSE
T1240 056:542.888 JLINK_IsHalted()
T1240 056:543.744 - 0.854ms returns FALSE
T1240 056:543.864 JLINK_IsHalted()
T1240 056:544.384 - 0.514ms returns FALSE
T1240 056:652.184 JLINK_IsHalted()
T1240 056:652.808 - 0.621ms returns FALSE
T1240 056:652.872 JLINK_IsHalted()
T1240 056:653.272 - 0.402ms returns FALSE
T1240 056:761.280 JLINK_IsHalted()
T1240 056:761.932 - 0.654ms returns FALSE
T1240 056:762.004 JLINK_IsHalted()
T1240 056:762.376 - 0.368ms returns FALSE
T1240 056:870.284 JLINK_IsHalted()
T1240 056:870.976 - 0.694ms returns FALSE
T1240 056:871.096 JLINK_IsHalted()
T1240 056:871.596 - 0.496ms returns FALSE
T1240 056:980.328 JLINK_IsHalted()
T1240 056:981.152 - 0.826ms returns FALSE
T1240 056:981.240 JLINK_IsHalted()
T1240 056:981.868 - 0.622ms returns FALSE
T1240 057:088.812 JLINK_IsHalted()
T1240 057:089.800 - 0.987ms returns FALSE
T1240 057:089.920 JLINK_IsHalted()
T1240 057:090.488 - 0.569ms returns FALSE
T4FF8 057:119.176 JLINK_IsHalted()
T4FF8 057:119.924 - 0.750ms returns FALSE
T4FF8 057:120.032 JLINK_IsHalted()
T4FF8 057:120.608 - 0.574ms returns FALSE
T1240 057:198.740 JLINK_IsHalted()
T1240 057:199.372 - 0.631ms returns FALSE
T1240 057:199.476 JLINK_IsHalted()
T1240 057:199.924 - 0.444ms returns FALSE
T1240 057:308.492 JLINK_IsHalted()
T1240 057:309.256 - 0.763ms returns FALSE
T1240 057:309.332 JLINK_IsHalted()
T1240 057:310.892 - 1.562ms returns FALSE
T1240 057:417.912 JLINK_IsHalted()
T1240 057:419.240 - 1.325ms returns FALSE
T1240 057:419.416 JLINK_IsHalted()
T1240 057:420.172 - 0.754ms returns FALSE
T1240 057:526.412 JLINK_IsHalted()
T1240 057:527.144 - 0.728ms returns FALSE
T1240 057:527.224 JLINK_IsHalted()
T1240 057:527.880 - 0.651ms returns FALSE
T1240 057:635.776 JLINK_IsHalted()
T1240 057:636.616 - 0.840ms returns FALSE
T1240 057:636.788 JLINK_IsHalted()
T1240 057:637.388 - 0.600ms returns FALSE
T1240 057:745.336 JLINK_IsHalted()
T1240 057:747.064 - 1.730ms returns FALSE
T1240 057:747.212 JLINK_IsHalted()
T1240 057:747.840 - 0.627ms returns FALSE
T1240 057:855.432 JLINK_IsHalted()
T1240 057:856.392 - 0.964ms returns FALSE
T1240 057:856.500 JLINK_IsHalted()
T1240 057:860.052 - 3.555ms returns FALSE
T1240 057:964.504 JLINK_IsHalted()
T1240 057:966.836 - 2.330ms returns FALSE
T1240 057:966.984 JLINK_IsHalted()
T1240 057:967.712 - 0.727ms returns FALSE
T1240 058:073.344 JLINK_IsHalted()
T1240 058:074.216 - 0.865ms returns FALSE
T1240 058:074.328 JLINK_IsHalted()
T1240 058:074.792 - 0.460ms returns FALSE
T4FF8 058:122.580 JLINK_IsHalted()
T4FF8 058:123.276 - 0.693ms returns FALSE
T4FF8 058:123.456 JLINK_IsHalted()
T4FF8 058:124.032 - 0.574ms returns FALSE
T1240 058:183.272 JLINK_IsHalted()
T1240 058:184.012 - 0.740ms returns FALSE
T1240 058:184.108 JLINK_IsHalted()
T1240 058:184.692 - 0.582ms returns FALSE
T1240 058:292.148 JLINK_IsHalted()
T1240 058:292.768 - 0.622ms returns FALSE
T1240 058:292.840 JLINK_IsHalted()
T1240 058:293.272 - 0.435ms returns FALSE
T1240 058:402.476 JLINK_IsHalted()
T1240 058:403.220 - 0.739ms returns FALSE
T1240 058:403.316 JLINK_IsHalted()
T1240 058:405.784 - 2.465ms returns FALSE
T1240 058:511.592 JLINK_IsHalted()
T1240 058:512.520 - 0.926ms returns FALSE
T1240 058:512.640 JLINK_IsHalted()
T1240 058:513.208 - 0.571ms returns FALSE
T1240 058:621.176 JLINK_IsHalted()
T1240 058:622.260 - 1.076ms returns FALSE
T1240 058:622.344 JLINK_IsHalted()
T1240 058:622.900 - 0.556ms returns FALSE
T1240 058:729.896 JLINK_IsHalted()
T1240 058:731.224 - 1.333ms returns FALSE
T1240 058:731.372 JLINK_IsHalted()
T1240 058:731.928 - 0.558ms returns FALSE
T1240 058:839.576 JLINK_IsHalted()
T1240 058:840.204 - 0.625ms returns FALSE
T1240 058:840.288 JLINK_IsHalted()
T1240 058:840.660 - 0.371ms returns FALSE
T1240 058:948.728 JLINK_IsHalted()
T1240 058:949.528 - 0.800ms returns FALSE
T1240 058:949.656 JLINK_IsHalted()
T1240 058:950.120 - 0.463ms returns FALSE
T1240 059:059.000 JLINK_IsHalted()
T1240 059:059.648 - 0.640ms returns FALSE
T1240 059:059.704 JLINK_IsHalted()
T1240 059:060.172 - 0.468ms returns FALSE
T4FF8 059:124.952 JLINK_IsHalted()
T4FF8 059:127.592 - 2.635ms returns FALSE
T4FF8 059:128.008 JLINK_IsHalted()
T4FF8 059:128.600 - 0.594ms returns FALSE
T1240 059:167.192 JLINK_IsHalted()
T1240 059:167.944 - 0.750ms returns FALSE
T1240 059:168.024 JLINK_IsHalted()
T1240 059:168.468 - 0.440ms returns FALSE
T1240 059:277.032 JLINK_IsHalted()
T1240 059:277.784 - 0.750ms returns FALSE
T1240 059:277.880 JLINK_IsHalted()
T1240 059:279.924 - 2.042ms returns FALSE
T1240 059:387.040 JLINK_IsHalted()
T1240 059:389.588 - 2.544ms returns FALSE
T1240 059:389.684 JLINK_IsHalted()
T1240 059:390.824 - 1.139ms returns FALSE
T1240 059:496.216 JLINK_IsHalted()
T1240 059:500.660 - 4.439ms returns FALSE
T1240 059:500.876 JLINK_IsHalted()
T1240 059:502.208 - 1.326ms returns FALSE
T1240 059:605.472 JLINK_IsHalted()
T1240 059:610.816 - 5.342ms returns FALSE
T1240 059:611.020 JLINK_IsHalted()
T1240 059:611.864 - 0.847ms returns FALSE
T1240 059:714.112 JLINK_IsHalted()
T1240 059:714.912 - 0.795ms returns FALSE
T1240 059:715.016 JLINK_IsHalted()
T1240 059:715.840 - 0.819ms returns FALSE
T1240 059:824.032 JLINK_IsHalted()
T1240 059:826.100 - 2.062ms returns FALSE
T1240 059:826.280 JLINK_IsHalted()
T1240 059:826.912 - 0.631ms returns FALSE
T1240 059:933.048 JLINK_IsHalted()
T1240 059:933.940 - 0.890ms returns FALSE
T1240 059:934.068 JLINK_IsHalted()
T1240 059:934.624 - 0.554ms returns FALSE
T1240 060:042.904 JLINK_IsHalted()
T1240 060:045.288 - 2.378ms returns FALSE
T1240 060:045.352 JLINK_IsHalted()
T1240 060:045.912 - 0.561ms returns FALSE
T4FF8 060:130.092 JLINK_IsHalted()
T4FF8 060:131.180 - 1.082ms returns FALSE
T4FF8 060:131.316 JLINK_IsHalted()
T4FF8 060:132.416 - 1.093ms returns FALSE
T1240 060:152.328 JLINK_IsHalted()
T1240 060:153.032 - 0.698ms returns FALSE
T1240 060:153.100 JLINK_IsHalted()
T1240 060:153.836 - 0.733ms returns FALSE
T1240 060:260.916 JLINK_IsHalted()
T1240 060:261.736 - 0.819ms returns FALSE
T1240 060:261.812 JLINK_IsHalted()
T1240 060:264.920 - 3.111ms returns FALSE
T1240 060:370.388 JLINK_IsHalted()
T1240 060:371.288 - 0.901ms returns FALSE
T1240 060:371.424 JLINK_IsHalted()
T1240 060:372.000 - 0.575ms returns FALSE
T1240 060:480.008 JLINK_IsHalted()
T1240 060:480.616 - 0.603ms returns FALSE
T1240 060:480.680 JLINK_IsHalted()
T1240 060:481.068 - 0.390ms returns FALSE
T1240 060:589.036 JLINK_IsHalted()
T1240 060:589.944 - 0.905ms returns FALSE
T1240 060:590.036 JLINK_IsHalted()
T1240 060:590.952 - 0.909ms returns FALSE
T1240 060:699.028 JLINK_IsHalted()
T1240 060:699.976 - 0.942ms returns FALSE
T1240 060:700.076 JLINK_IsHalted()
T1240 060:702.924 - 2.845ms returns FALSE
T1240 060:808.256 JLINK_IsHalted()
T1240 060:809.228 - 0.971ms returns FALSE
T1240 060:809.452 JLINK_IsHalted()
T1240 060:810.272 - 0.822ms returns FALSE
T1240 060:917.064 JLINK_IsHalted()
T1240 060:918.252 - 1.186ms returns FALSE
T1240 060:918.388 JLINK_IsHalted()
T1240 060:919.020 - 0.630ms returns FALSE
T1240 061:026.356 JLINK_IsHalted()
T1240 061:027.520 - 1.158ms returns FALSE
T1240 061:027.732 JLINK_IsHalted()
T1240 061:030.156 - 2.425ms returns FALSE
T4FF8 061:133.472 JLINK_IsHalted()
T4FF8 061:134.772 - 1.298ms returns FALSE
T4FF8 061:134.936 JLINK_IsHalted()
T4FF8 061:137.600 - 2.658ms returns FALSE
T1240 061:137.772 JLINK_IsHalted()
T1240 061:138.656 - 0.881ms returns FALSE
T1240 061:138.764 JLINK_IsHalted()
T1240 061:139.476 - 0.712ms returns FALSE
T1240 061:245.548 JLINK_IsHalted()
T1240 061:246.536 - 0.985ms returns FALSE
T1240 061:246.708 JLINK_IsHalted()
T1240 061:248.424 - 1.719ms returns FALSE
T1240 061:355.040 JLINK_IsHalted()
T1240 061:357.760 - 2.718ms returns FALSE
T1240 061:357.864 JLINK_IsHalted()
T1240 061:358.472 - 0.612ms returns FALSE
T1240 061:463.948 JLINK_IsHalted()
T1240 061:465.108 - 1.152ms returns FALSE
T1240 061:465.236 JLINK_IsHalted()
T1240 061:465.824 - 0.591ms returns FALSE
T1240 061:573.704 JLINK_IsHalted()
T1240 061:574.568 - 0.861ms returns FALSE
T1240 061:574.700 JLINK_IsHalted()
T1240 061:575.168 - 0.466ms returns FALSE
T1240 061:683.392 JLINK_IsHalted()
T1240 061:684.256 - 0.867ms returns FALSE
T1240 061:684.384 JLINK_IsHalted()
T1240 061:684.936 - 0.549ms returns FALSE
T1240 061:792.780 JLINK_IsHalted()
T1240 061:793.492 - 0.709ms returns FALSE
T1240 061:793.624 JLINK_IsHalted()
T1240 061:794.144 - 0.515ms returns FALSE
T1240 061:901.416 JLINK_IsHalted()
T1240 061:902.380 - 0.969ms returns FALSE
T1240 061:902.484 JLINK_IsHalted()
T1240 061:903.016 - 0.530ms returns FALSE
T1240 062:010.904 JLINK_IsHalted()
T1240 062:011.688 - 0.776ms returns FALSE
T1240 062:011.796 JLINK_IsHalted()
T1240 062:012.424 - 0.625ms returns FALSE
T1240 062:120.352 JLINK_IsHalted()
T1240 062:121.320 - 0.960ms returns FALSE
T1240 062:121.464 JLINK_IsHalted()
T1240 062:121.992 - 0.519ms returns FALSE
T4FF8 062:139.360 JLINK_IsHalted()
T4FF8 062:140.104 - 0.742ms returns FALSE
T4FF8 062:140.280 JLINK_IsHalted()
T4FF8 062:140.936 - 0.650ms returns FALSE
T1240 062:230.132 JLINK_IsHalted()
T1240 062:231.252 - 1.119ms returns FALSE
T1240 062:231.436 JLINK_IsHalted()
T1240 062:231.968 - 0.533ms returns FALSE
T1240 062:339.480 JLINK_IsHalted()
T1240 062:340.232 - 0.743ms returns FALSE
T1240 062:340.312 JLINK_IsHalted()
T1240 062:340.684 - 0.371ms returns FALSE
T1240 062:448.200 JLINK_IsHalted()
T1240 062:449.324 - 1.097ms returns FALSE
T1240 062:449.408 JLINK_IsHalted()
T1240 062:449.932 - 0.524ms returns FALSE
T1240 062:558.028 JLINK_IsHalted()
T1240 062:559.072 - 1.041ms returns FALSE
T1240 062:559.168 JLINK_IsHalted()
T1240 062:559.736 - 0.566ms returns FALSE
T1240 062:667.892 JLINK_IsHalted()
T1240 062:668.648 - 0.754ms returns FALSE
T1240 062:668.744 JLINK_IsHalted()
T1240 062:669.268 - 0.522ms returns FALSE
T1240 062:777.608 JLINK_IsHalted()
T1240 062:778.520 - 0.913ms returns FALSE
T1240 062:778.632 JLINK_IsHalted()
T1240 062:779.744 - 1.110ms returns FALSE
T1240 062:886.796 JLINK_IsHalted()
T1240 062:888.032 - 1.231ms returns FALSE
T1240 062:888.224 JLINK_IsHalted()
T1240 062:890.368 - 2.137ms returns FALSE
T1240 062:995.668 JLINK_IsHalted()
T1240 062:996.436 - 0.768ms returns FALSE
T1240 062:996.524 JLINK_IsHalted()
T1240 062:997.048 - 0.523ms returns FALSE
T1240 063:104.552 JLINK_IsHalted()
T1240 063:105.396 - 0.841ms returns FALSE
T1240 063:105.484 JLINK_IsHalted()
T1240 063:105.920 - 0.431ms returns FALSE
T4FF8 063:142.024 JLINK_IsHalted()
T4FF8 063:142.924 - 0.898ms returns FALSE
T4FF8 063:143.064 JLINK_IsHalted()
T4FF8 063:143.640 - 0.574ms returns FALSE
T1240 063:214.312 JLINK_IsHalted()
T1240 063:215.080 - 0.768ms returns FALSE
T1240 063:215.156 JLINK_IsHalted()
T1240 063:215.724 - 0.571ms returns FALSE
T1240 063:323.944 JLINK_IsHalted()
T1240 063:324.628 - 0.685ms returns FALSE
T1240 063:324.728 JLINK_IsHalted()
T1240 063:325.352 - 0.616ms returns FALSE
T1240 063:433.384 JLINK_IsHalted()
T1240 063:434.196 - 0.810ms returns FALSE
T1240 063:434.264 JLINK_IsHalted()
T1240 063:434.636 - 0.371ms returns FALSE
T1240 063:542.408 JLINK_IsHalted()
T1240 063:548.920 - 6.514ms returns FALSE
T1240 063:548.972 JLINK_IsHalted()
T1240 063:549.356 - 0.383ms returns FALSE
T1240 063:652.212 JLINK_IsHalted()
T1240 063:653.288 - 1.075ms returns FALSE
T1240 063:653.368 JLINK_IsHalted()
T1240 063:653.932 - 0.559ms returns FALSE
T1240 063:760.940 JLINK_IsHalted()
T1240 063:761.568 - 0.624ms returns FALSE
T1240 063:761.620 JLINK_IsHalted()
T1240 063:762.040 - 0.421ms returns FALSE
T1240 063:871.064 JLINK_IsHalted()
T1240 063:872.200 - 1.132ms returns FALSE
T1240 063:872.300 JLINK_IsHalted()
T1240 063:872.896 - 0.594ms returns FALSE
T1240 063:979.944 JLINK_IsHalted()
T1240 063:980.844 - 0.894ms returns FALSE
T1240 063:980.972 JLINK_IsHalted()
T1240 063:981.736 - 0.760ms returns FALSE
T1240 064:089.920 JLINK_IsHalted()
T1240 064:091.208 - 1.282ms returns FALSE
T1240 064:091.500 JLINK_IsHalted()
T1240 064:092.276 - 0.772ms returns FALSE
T4FF8 064:144.076 JLINK_IsHalted()
T4FF8 064:144.960 - 0.881ms returns FALSE
T4FF8 064:145.056 JLINK_IsHalted()
T4FF8 064:146.184 - 1.125ms returns FALSE
T1240 064:198.336 JLINK_IsHalted()
T1240 064:199.308 - 0.969ms returns FALSE
T1240 064:199.392 JLINK_IsHalted()
T1240 064:199.924 - 0.528ms returns FALSE
T1240 064:307.768 JLINK_IsHalted()
T1240 064:308.856 - 1.086ms returns FALSE
T1240 064:308.984 JLINK_IsHalted()
T1240 064:310.776 - 1.790ms returns FALSE
T1240 064:417.320 JLINK_IsHalted()
T1240 064:418.964 - 1.647ms returns FALSE
T1240 064:419.232 JLINK_IsHalted()
T1240 064:420.128 - 0.899ms returns FALSE
T1240 064:527.224 JLINK_IsHalted()
T1240 064:530.680 - 3.452ms returns FALSE
T1240 064:530.824 JLINK_IsHalted()
T1240 064:531.596 - 0.773ms returns FALSE
T1240 064:636.792 JLINK_IsHalted()
T1240 064:638.036 - 1.239ms returns FALSE
T1240 064:638.164 JLINK_IsHalted()
T1240 064:639.048 - 0.882ms returns FALSE
T1240 064:745.656 JLINK_IsHalted()
T1240 064:748.888 - 3.233ms returns FALSE
T1240 064:749.112 JLINK_IsHalted()
T1240 064:749.792 - 0.680ms returns FALSE
T1240 064:855.316 JLINK_IsHalted()
T1240 064:858.248 - 2.931ms returns FALSE
T1240 064:858.452 JLINK_IsHalted()
T1240 064:862.744 - 4.288ms returns FALSE
T1240 064:964.916 JLINK_IsHalted()
T1240 064:965.624 - 0.710ms returns FALSE
T1240 064:965.772 JLINK_IsHalted()
T1240 064:966.336 - 0.560ms returns FALSE
T1240 065:073.496 JLINK_IsHalted()
T1240 065:074.508 - 1.007ms returns FALSE
T1240 065:074.744 JLINK_IsHalted()
T1240 065:075.372 - 0.624ms returns FALSE
T4FF8 065:147.032 JLINK_IsHalted()
T4FF8 065:148.020 - 0.983ms returns FALSE
T4FF8 065:148.136 JLINK_IsHalted()
T4FF8 065:148.768 - 0.632ms returns FALSE
T1240 065:182.664 JLINK_IsHalted()
T1240 065:183.576 - 0.916ms returns FALSE
T1240 065:183.648 JLINK_IsHalted()
T1240 065:184.268 - 0.619ms returns FALSE
T1240 065:292.276 JLINK_IsHalted()
T1240 065:295.192 - 2.921ms returns FALSE
T1240 065:295.336 JLINK_IsHalted()
T1240 065:295.936 - 0.598ms returns FALSE
T1240 065:401.704 JLINK_IsHalted()
T1240 065:402.388 - 0.684ms returns FALSE
T1240 065:402.516 JLINK_IsHalted()
T1240 065:403.084 - 0.565ms returns FALSE
T1240 065:511.048 JLINK_IsHalted()
T1240 065:512.088 - 1.041ms returns FALSE
T1240 065:512.236 JLINK_IsHalted()
T1240 065:513.076 - 0.836ms returns FALSE
T1240 065:620.704 JLINK_IsHalted()
T1240 065:621.592 - 0.882ms returns FALSE
T1240 065:621.748 JLINK_IsHalted()
T1240 065:622.516 - 0.765ms returns FALSE
T1240 065:729.556 JLINK_IsHalted()
T1240 065:730.452 - 0.892ms returns FALSE
T1240 065:730.568 JLINK_IsHalted()
T1240 065:731.128 - 0.561ms returns FALSE
T1240 065:839.320 JLINK_IsHalted()
T1240 065:840.244 - 0.919ms returns FALSE
T1240 065:840.320 JLINK_IsHalted()
T1240 065:840.936 - 0.609ms returns FALSE
T1240 065:948.472 JLINK_IsHalted()
T1240 065:949.964 - 1.486ms returns FALSE
T1240 065:950.068 JLINK_IsHalted()
T1240 065:950.952 - 0.878ms returns FALSE
T1240 066:058.496 JLINK_IsHalted()
T1240 066:059.512 - 1.015ms returns FALSE
T1240 066:059.680 JLINK_IsHalted()
T1240 066:061.944 - 2.266ms returns FALSE
T4FF8 066:149.908 JLINK_IsHalted()
T4FF8 066:151.112 - 1.196ms returns FALSE
T4FF8 066:151.304 JLINK_IsHalted()
T4FF8 066:152.152 - 0.846ms returns FALSE
T1240 066:167.476 JLINK_IsHalted()
T1240 066:168.468 - 0.990ms returns FALSE
T1240 066:168.664 JLINK_IsHalted()
T1240 066:169.400 - 0.737ms returns FALSE
T1240 066:276.856 JLINK_IsHalted()
T1240 066:277.612 - 0.753ms returns FALSE
T1240 066:277.708 JLINK_IsHalted()
T1240 066:278.388 - 0.677ms returns FALSE
T1240 066:386.304 JLINK_IsHalted()
T1240 066:388.244 - 1.936ms returns FALSE
T1240 066:388.332 JLINK_IsHalted()
T1240 066:388.832 - 0.498ms returns FALSE
T1240 066:496.148 JLINK_IsHalted()
T1240 066:496.832 - 0.685ms returns FALSE
T1240 066:496.908 JLINK_IsHalted()
T1240 066:497.304 - 0.399ms returns FALSE
T1240 066:604.692 JLINK_IsHalted()
T1240 066:605.492 - 0.802ms returns FALSE
T1240 066:605.592 JLINK_IsHalted()
T1240 066:606.124 - 0.529ms returns FALSE
T1240 066:713.920 JLINK_IsHalted()
T1240 066:714.560 - 0.640ms returns FALSE
T1240 066:714.648 JLINK_IsHalted()
T1240 066:715.032 - 0.388ms returns FALSE
T1240 066:823.948 JLINK_IsHalted()
T1240 066:825.172 - 1.218ms returns FALSE
T1240 066:825.352 JLINK_IsHalted()
T1240 066:826.356 - 1.007ms returns FALSE
T1240 066:933.672 JLINK_IsHalted()
T1240 066:935.016 - 1.342ms returns FALSE
T1240 066:935.208 JLINK_IsHalted()
T1240 066:935.968 - 0.758ms returns FALSE
T1240 067:042.284 JLINK_IsHalted()
T1240 067:044.984 - 2.698ms returns FALSE
T1240 067:045.176 JLINK_IsHalted()
T1240 067:045.932 - 0.754ms returns FALSE
T1240 067:152.672 JLINK_IsHalted()
T1240 067:154.704 - 2.027ms returns FALSE
T1240 067:154.800 JLINK_IsHalted()
T1240 067:155.376 - 0.573ms returns FALSE
T4FF8 067:155.512 JLINK_IsHalted()
T4FF8 067:156.072 - 0.559ms returns FALSE
T4FF8 067:156.144 JLINK_IsHalted()
T4FF8 067:156.688 - 0.534ms returns FALSE
T1240 067:260.944 JLINK_IsHalted()
T1240 067:261.744 - 0.795ms returns FALSE
T1240 067:261.856 JLINK_IsHalted()
T1240 067:262.408 - 0.547ms returns FALSE
T1240 067:370.816 JLINK_IsHalted()
T1240 067:371.840 - 1.021ms returns FALSE
T1240 067:371.960 JLINK_IsHalted()
T1240 067:372.648 - 0.684ms returns FALSE
T1240 067:480.984 JLINK_IsHalted()
T1240 067:481.912 - 0.927ms returns FALSE
T1240 067:482.120 JLINK_IsHalted()
T1240 067:482.928 - 0.806ms returns FALSE
T1240 067:589.424 JLINK_IsHalted()
T1240 067:590.320 - 0.898ms returns FALSE
T1240 067:590.408 JLINK_IsHalted()
T1240 067:590.896 - 0.487ms returns FALSE
T1240 067:698.496 JLINK_IsHalted()
T1240 067:699.312 - 0.808ms returns FALSE
T1240 067:699.440 JLINK_IsHalted()
T1240 067:699.992 - 0.556ms returns FALSE
T1240 067:808.104 JLINK_IsHalted()
T1240 067:808.672 - 0.568ms returns FALSE
T1240 067:808.752 JLINK_IsHalted()
T1240 067:809.160 - 0.409ms returns FALSE
T1240 067:917.952 JLINK_IsHalted()
T1240 067:918.960 - 1.008ms returns FALSE
T1240 067:919.128 JLINK_IsHalted()
T1240 067:919.704 - 0.574ms returns FALSE
T1240 068:027.112 JLINK_IsHalted()
T1240 068:028.264 - 1.147ms returns FALSE
T1240 068:028.432 JLINK_IsHalted()
T1240 068:029.240 - 0.814ms returns FALSE
T1240 068:136.168 JLINK_IsHalted()
T1240 068:137.072 - 0.906ms returns FALSE
T1240 068:137.144 JLINK_IsHalted()
T1240 068:137.800 - 0.650ms returns FALSE
T4FF8 068:158.672 JLINK_IsHalted()
T4FF8 068:159.376 - 0.701ms returns FALSE
T4FF8 068:159.440 JLINK_IsHalted()
T4FF8 068:159.872 - 0.433ms returns FALSE
T1240 068:246.176 JLINK_IsHalted()
T1240 068:246.808 - 0.634ms returns FALSE
T1240 068:246.928 JLINK_IsHalted()
T1240 068:247.408 - 0.478ms returns FALSE
T1240 068:354.776 JLINK_IsHalted()
T1240 068:355.464 - 0.686ms returns FALSE
T1240 068:355.600 JLINK_IsHalted()
T1240 068:356.176 - 0.576ms returns FALSE
T1240 068:464.912 JLINK_IsHalted()
T1240 068:465.808 - 0.903ms returns FALSE
T1240 068:465.904 JLINK_IsHalted()
T1240 068:466.408 - 0.499ms returns FALSE
T1240 068:573.528 JLINK_IsHalted()
T1240 068:574.416 - 0.891ms returns FALSE
T1240 068:574.496 JLINK_IsHalted()
T1240 068:575.232 - 0.733ms returns FALSE
T1240 068:682.736 JLINK_IsHalted()
T1240 068:683.352 - 0.611ms returns FALSE
T1240 068:683.408 JLINK_IsHalted()
T1240 068:683.824 - 0.408ms returns FALSE
T1240 068:792.648 JLINK_IsHalted()
T1240 068:793.328 - 0.685ms returns FALSE
T1240 068:793.392 JLINK_IsHalted()
T1240 068:793.832 - 0.433ms returns FALSE
T1240 068:902.160 JLINK_IsHalted()
T1240 068:902.784 - 0.628ms returns FALSE
T1240 068:902.856 JLINK_IsHalted()
T1240 068:903.376 - 0.515ms returns FALSE
T1240 069:010.896 JLINK_IsHalted()
T1240 069:011.664 - 0.766ms returns FALSE
T1240 069:011.736 JLINK_IsHalted()
T1240 069:012.200 - 0.462ms returns FALSE
T1240 069:120.800 JLINK_IsHalted()
T1240 069:121.952 - 1.148ms returns FALSE
T1240 069:122.096 JLINK_IsHalted()
T1240 069:122.712 - 0.621ms returns FALSE
T4FF8 069:160.080 JLINK_IsHalted()
T4FF8 069:161.448 - 1.359ms returns FALSE
T4FF8 069:161.624 JLINK_IsHalted()
T4FF8 069:162.160 - 0.535ms returns FALSE
T1240 069:230.392 JLINK_IsHalted()
T1240 069:231.440 - 1.039ms returns FALSE
T1240 069:231.528 JLINK_IsHalted()
T1240 069:232.144 - 0.618ms returns FALSE
T1240 069:338.960 JLINK_IsHalted()
T1240 069:339.592 - 0.632ms returns FALSE
T1240 069:339.664 JLINK_IsHalted()
T1240 069:340.424 - 0.760ms returns FALSE
T1240 069:448.824 JLINK_IsHalted()
T1240 069:451.416 - 2.592ms returns FALSE
T1240 069:451.560 JLINK_IsHalted()
T1240 069:453.880 - 2.320ms returns FALSE
T1240 069:558.408 JLINK_IsHalted()
T1240 069:560.200 - 1.789ms returns FALSE
T1240 069:560.280 JLINK_IsHalted()
T1240 069:560.688 - 0.402ms returns FALSE
T1240 069:667.752 JLINK_IsHalted()
T1240 069:668.288 - 0.536ms returns FALSE
T1240 069:668.400 JLINK_IsHalted()
T1240 069:668.816 - 0.412ms returns FALSE
T1240 069:776.496 JLINK_IsHalted()
T1240 069:777.360 - 0.859ms returns FALSE
T1240 069:777.504 JLINK_IsHalted()
T1240 069:778.296 - 0.788ms returns FALSE
T1240 069:886.008 JLINK_IsHalted()
T1240 069:886.800 - 0.793ms returns FALSE
T1240 069:886.872 JLINK_IsHalted()
T1240 069:887.424 - 0.546ms returns FALSE
T1240 069:995.280 JLINK_IsHalted()
T1240 069:996.024 - 0.742ms returns FALSE
T1240 069:996.104 JLINK_IsHalted()
T1240 069:996.840 - 0.734ms returns FALSE
T1240 070:104.992 JLINK_IsHalted()
T1240 070:106.000 - 1.002ms returns FALSE
T1240 070:106.088 JLINK_IsHalted()
T1240 070:106.608 - 0.512ms returns FALSE
T4FF8 070:162.640 JLINK_IsHalted()
T4FF8 070:163.640 - 1.000ms returns FALSE
T4FF8 070:163.744 JLINK_IsHalted()
T4FF8 070:164.360 - 0.613ms returns FALSE
T1240 070:214.480 JLINK_IsHalted()
T1240 070:215.288 - 0.807ms returns FALSE
T1240 070:215.416 JLINK_IsHalted()
T1240 070:215.848 - 0.428ms returns FALSE
T1240 070:324.160 JLINK_IsHalted()
T1240 070:324.992 - 0.829ms returns FALSE
T1240 070:325.088 JLINK_IsHalted()
T1240 070:328.448 - 3.362ms returns FALSE
T1240 070:433.968 JLINK_IsHalted()
T1240 070:435.064 - 1.101ms returns FALSE
T1240 070:435.160 JLINK_IsHalted()
T1240 070:435.728 - 0.567ms returns FALSE
T1240 070:542.304 JLINK_IsHalted()
T1240 070:543.360 - 1.053ms returns FALSE
T1240 070:543.496 JLINK_IsHalted()
T1240 070:544.264 - 0.765ms returns FALSE
T1240 070:651.968 JLINK_IsHalted()
T1240 070:653.288 - 1.321ms returns FALSE
T1240 070:653.512 JLINK_IsHalted()
T1240 070:654.656 - 1.146ms returns FALSE
T1240 070:761.392 JLINK_IsHalted()
T1240 070:762.472 - 1.079ms returns FALSE
T1240 070:762.640 JLINK_IsHalted()
T1240 070:763.360 - 0.723ms returns FALSE
T1240 070:871.176 JLINK_IsHalted()
T1240 070:872.808 - 1.631ms returns FALSE
T1240 070:873.064 JLINK_IsHalted()
T1240 070:874.008 - 0.941ms returns FALSE
T1240 070:979.904 JLINK_IsHalted()
T1240 070:985.048 - 5.138ms returns FALSE
T1240 070:985.360 JLINK_IsHalted()
T1240 070:986.656 - 1.299ms returns FALSE
T1240 071:089.208 JLINK_IsHalted()
T1240 071:090.048 - 0.832ms returns FALSE
T1240 071:090.184 JLINK_IsHalted()
T1240 071:091.120 - 0.939ms returns FALSE
T4FF8 071:165.648 JLINK_IsHalted()
T4FF8 071:166.784 - 1.130ms returns FALSE
T4FF8 071:166.920 JLINK_IsHalted()
T4FF8 071:167.680 - 0.758ms returns FALSE
T1240 071:198.384 JLINK_IsHalted()
T1240 071:199.216 - 0.824ms returns FALSE
T1240 071:199.320 JLINK_IsHalted()
T1240 071:199.840 - 0.517ms returns FALSE
T1240 071:307.904 JLINK_IsHalted()
T1240 071:310.256 - 2.354ms returns FALSE
T1240 071:310.352 JLINK_IsHalted()
T1240 071:310.784 - 0.426ms returns FALSE
T1240 071:418.320 JLINK_IsHalted()
T1240 071:419.208 - 0.876ms returns FALSE
T1240 071:419.344 JLINK_IsHalted()
T1240 071:419.840 - 0.498ms returns FALSE
T1240 071:526.560 JLINK_IsHalted()
T1240 071:527.440 - 0.871ms returns FALSE
T1240 071:527.520 JLINK_IsHalted()
T1240 071:528.680 - 1.160ms returns FALSE
T1240 071:635.728 JLINK_IsHalted()
T1240 071:636.304 - 0.575ms returns FALSE
T1240 071:636.352 JLINK_IsHalted()
T1240 071:636.720 - 0.364ms returns FALSE
T1240 071:745.288 JLINK_IsHalted()
T1240 071:746.072 - 0.787ms returns FALSE
T1240 071:746.192 JLINK_IsHalted()
T1240 071:746.656 - 0.465ms returns FALSE
T1240 071:854.424 JLINK_IsHalted()
T1240 071:855.440 - 1.010ms returns FALSE
T1240 071:855.584 JLINK_IsHalted()
T1240 071:856.384 - 0.800ms returns FALSE
T1240 071:963.960 JLINK_IsHalted()
T1240 071:965.072 - 1.104ms returns FALSE
T1240 071:965.136 JLINK_IsHalted()
T1240 071:965.624 - 0.485ms returns FALSE
T1240 072:073.936 JLINK_IsHalted()
T1240 072:075.216 - 1.279ms returns FALSE
T1240 072:075.304 JLINK_IsHalted()
T1240 072:076.592 - 1.282ms returns FALSE
T4FF8 072:168.408 JLINK_IsHalted()
T4FF8 072:169.392 - 0.981ms returns FALSE
T4FF8 072:169.536 JLINK_IsHalted()
T4FF8 072:170.320 - 0.781ms returns FALSE
T1240 072:183.536 JLINK_IsHalted()
T1240 072:184.784 - 1.239ms returns FALSE
T1240 072:184.928 JLINK_IsHalted()
T1240 072:185.632 - 0.702ms returns FALSE
T1240 072:292.048 JLINK_IsHalted()
T1240 072:292.824 - 0.774ms returns FALSE
T1240 072:292.944 JLINK_IsHalted()
T1240 072:293.368 - 0.431ms returns FALSE
T1240 072:402.256 JLINK_IsHalted()
T1240 072:403.424 - 1.172ms returns FALSE
T1240 072:403.520 JLINK_IsHalted()
T1240 072:403.928 - 0.410ms returns FALSE
T1240 072:511.152 JLINK_IsHalted()
T1240 072:511.984 - 0.831ms returns FALSE
T1240 072:512.160 JLINK_IsHalted()
T1240 072:512.656 - 0.497ms returns FALSE
T1240 072:620.840 JLINK_IsHalted()
T1240 072:621.904 - 1.059ms returns FALSE
T1240 072:622.128 JLINK_IsHalted()
T1240 072:622.880 - 0.755ms returns FALSE
T1240 072:729.832 JLINK_IsHalted()
T1240 072:731.488 - 1.657ms returns FALSE
T1240 072:731.568 JLINK_IsHalted()
T1240 072:731.952 - 0.386ms returns FALSE
T1240 072:838.832 JLINK_IsHalted()
T1240 072:842.008 - 3.175ms returns FALSE
T1240 072:842.240 JLINK_IsHalted()
T1240 072:842.744 - 0.506ms returns FALSE
T1240 072:948.816 JLINK_IsHalted()
T1240 072:949.624 - 0.806ms returns FALSE
T1240 072:949.712 JLINK_IsHalted()
T1240 072:950.336 - 0.629ms returns FALSE
T1240 073:057.744 JLINK_IsHalted()
T1240 073:058.568 - 0.820ms returns FALSE
T1240 073:058.680 JLINK_IsHalted()
T1240 073:059.352 - 0.670ms returns FALSE
T1240 073:167.408 JLINK_IsHalted()
T1240 073:168.408 - 0.997ms returns FALSE
T1240 073:168.624 JLINK_IsHalted()
T1240 073:169.512 - 0.883ms returns FALSE
T4FF8 073:170.944 JLINK_IsHalted()
T4FF8 073:171.856 - 0.910ms returns FALSE
T4FF8 073:172.048 JLINK_IsHalted()
T4FF8 073:172.864 - 0.808ms returns FALSE
T1240 073:276.912 JLINK_IsHalted()
T1240 073:277.568 - 0.654ms returns FALSE
T1240 073:277.632 JLINK_IsHalted()
T1240 073:278.064 - 0.433ms returns FALSE
T1240 073:386.104 JLINK_IsHalted()
T1240 073:386.816 - 0.712ms returns FALSE
T1240 073:386.888 JLINK_IsHalted()
T1240 073:387.320 - 0.432ms returns FALSE
T1240 073:495.840 JLINK_IsHalted()
T1240 073:496.976 - 1.135ms returns FALSE
T1240 073:497.144 JLINK_IsHalted()
T1240 073:497.936 - 0.787ms returns FALSE
T1240 073:605.112 JLINK_IsHalted()
T1240 073:605.888 - 0.775ms returns FALSE
T1240 073:605.952 JLINK_IsHalted()
T1240 073:606.464 - 0.509ms returns FALSE
T1240 073:714.128 JLINK_IsHalted()
T1240 073:717.728 - 3.595ms returns FALSE
T1240 073:717.840 JLINK_IsHalted()
T1240 073:718.392 - 0.552ms returns FALSE
T1240 073:823.216 JLINK_IsHalted()
T1240 073:824.160 - 0.946ms returns FALSE
T1240 073:824.320 JLINK_IsHalted()
T1240 073:825.040 - 0.716ms returns FALSE
T1240 073:933.488 JLINK_IsHalted()
T1240 073:934.840 - 1.351ms returns FALSE
T1240 073:935.024 JLINK_IsHalted()
T1240 073:935.864 - 0.836ms returns FALSE
T1240 074:042.128 JLINK_IsHalted()
T1240 074:045.216 - 3.087ms returns FALSE
T1240 074:046.264 JLINK_IsHalted()
T1240 074:047.064 - 0.802ms returns FALSE
T1240 074:152.128 JLINK_IsHalted()
T1240 074:153.144 - 1.020ms returns FALSE
T1240 074:153.320 JLINK_IsHalted()
T1240 074:153.976 - 0.656ms returns FALSE
T4FF8 074:174.008 JLINK_IsHalted()
T4FF8 074:174.960 - 0.954ms returns FALSE
T4FF8 074:175.080 JLINK_IsHalted()
T4FF8 074:175.832 - 0.748ms returns FALSE
T1240 074:261.384 JLINK_IsHalted()
T1240 074:263.640 - 2.257ms returns FALSE
T1240 074:263.792 JLINK_IsHalted()
T1240 074:264.416 - 0.617ms returns FALSE
T1240 074:371.008 JLINK_IsHalted()
T1240 074:373.096 - 2.079ms returns FALSE
T1240 074:373.248 JLINK_IsHalted()
T1240 074:373.824 - 0.576ms returns FALSE
T1240 074:480.024 JLINK_IsHalted()
T1240 074:480.648 - 0.618ms returns FALSE
T1240 074:480.744 JLINK_IsHalted()
T1240 074:481.448 - 0.703ms returns FALSE
T1240 074:588.944 JLINK_IsHalted()
T1240 074:589.648 - 0.699ms returns FALSE
T1240 074:589.712 JLINK_IsHalted()
T1240 074:590.176 - 0.459ms returns FALSE
T1240 074:698.176 JLINK_IsHalted()
T1240 074:701.136 - 2.961ms returns FALSE
T1240 074:701.232 JLINK_IsHalted()
T1240 074:701.840 - 0.608ms returns FALSE
T1240 074:808.080 JLINK_IsHalted()
T1240 074:808.752 - 0.668ms returns FALSE
T1240 074:808.824 JLINK_IsHalted()
T1240 074:809.328 - 0.500ms returns FALSE
T1240 074:917.984 JLINK_IsHalted()
T1240 074:919.280 - 1.291ms returns FALSE
T1240 074:919.360 JLINK_IsHalted()
T1240 074:919.840 - 0.479ms returns FALSE
T1240 075:026.656 JLINK_IsHalted()
T1240 075:027.344 - 0.682ms returns FALSE
T1240 075:027.472 JLINK_IsHalted()
T1240 075:028.016 - 0.543ms returns FALSE
T1240 075:136.304 JLINK_IsHalted()
T1240 075:137.288 - 0.985ms returns FALSE
T1240 075:137.480 JLINK_IsHalted()
T1240 075:138.296 - 0.822ms returns FALSE
T4FF8 075:176.800 JLINK_IsHalted()
T4FF8 075:177.664 - 0.864ms returns FALSE
T4FF8 075:177.760 JLINK_IsHalted()
T4FF8 075:178.256 - 0.490ms returns FALSE
T1240 075:245.128 JLINK_IsHalted()
T1240 075:245.752 - 0.627ms returns FALSE
T1240 075:245.832 JLINK_IsHalted()
T1240 075:246.352 - 0.517ms returns FALSE
T1240 075:354.784 JLINK_IsHalted()
T1240 075:355.520 - 0.733ms returns FALSE
T1240 075:355.600 JLINK_IsHalted()
T1240 075:356.272 - 0.663ms returns FALSE
T1240 075:465.120 JLINK_IsHalted()
T1240 075:467.856 - 2.731ms returns FALSE
T1240 075:468.000 JLINK_IsHalted()
T1240 075:468.624 - 0.625ms returns FALSE
T1240 075:573.280 JLINK_IsHalted()
T1240 075:574.472 - 1.187ms returns FALSE
T1240 075:574.624 JLINK_IsHalted()
T1240 075:575.544 - 0.914ms returns FALSE
T1240 075:682.936 JLINK_IsHalted()
T1240 075:683.584 - 0.649ms returns FALSE
T1240 075:683.632 JLINK_IsHalted()
T1240 075:684.144 - 0.505ms returns FALSE
T1240 075:792.464 JLINK_IsHalted()
T1240 075:793.400 - 0.932ms returns FALSE
T1240 075:793.544 JLINK_IsHalted()
T1240 075:794.136 - 0.598ms returns FALSE
T1240 075:901.776 JLINK_IsHalted()
T1240 075:902.704 - 0.927ms returns FALSE
T1240 075:902.896 JLINK_IsHalted()
T1240 075:903.432 - 0.538ms returns FALSE
T1240 076:011.464 JLINK_IsHalted()
T1240 076:012.288 - 0.820ms returns FALSE
T1240 076:012.376 JLINK_IsHalted()
T1240 076:012.944 - 0.569ms returns FALSE
T1240 076:120.912 JLINK_IsHalted()
T1240 076:121.944 - 1.038ms returns FALSE
T1240 076:122.064 JLINK_IsHalted()
T1240 076:122.704 - 0.634ms returns FALSE
T4FF8 076:178.832 JLINK_IsHalted()
T4FF8 076:179.888 - 1.053ms returns FALSE
T4FF8 076:180.040 JLINK_IsHalted()
T4FF8 076:180.608 - 0.564ms returns FALSE
T1240 076:229.968 JLINK_IsHalted()
T1240 076:230.760 - 0.788ms returns FALSE
T1240 076:230.840 JLINK_IsHalted()
T1240 076:231.496 - 0.650ms returns FALSE
T1240 076:339.016 JLINK_IsHalted()
T1240 076:339.760 - 0.745ms returns FALSE
T1240 076:339.832 JLINK_IsHalted()
T1240 076:340.344 - 0.513ms returns FALSE
T1240 076:448.528 JLINK_IsHalted()
T1240 076:449.432 - 0.902ms returns FALSE
T1240 076:449.544 JLINK_IsHalted()
T1240 076:450.112 - 0.564ms returns FALSE
T1240 076:558.352 JLINK_IsHalted()
T1240 076:558.992 - 0.644ms returns FALSE
T1240 076:559.080 JLINK_IsHalted()
T1240 076:559.536 - 0.453ms returns FALSE
T1240 076:667.736 JLINK_IsHalted()
T1240 076:670.648 - 2.910ms returns FALSE
T1240 076:670.832 JLINK_IsHalted()
T1240 076:671.496 - 0.658ms returns FALSE
T1240 076:777.328 JLINK_IsHalted()
T1240 076:778.232 - 0.902ms returns FALSE
T1240 076:778.320 JLINK_IsHalted()
T1240 076:778.984 - 0.656ms returns FALSE
T1240 076:886.928 JLINK_IsHalted()
T1240 076:887.960 - 1.024ms returns FALSE
T1240 076:888.144 JLINK_IsHalted()
T1240 076:889.000 - 0.846ms returns FALSE
T1240 076:996.360 JLINK_IsHalted()
T1240 076:999.256 - 2.899ms returns FALSE
T1240 076:999.496 JLINK_IsHalted()
T1240 077:000.560 - 1.065ms returns FALSE
T1240 077:104.888 JLINK_IsHalted()
T1240 077:105.800 - 0.901ms returns FALSE
T1240 077:105.960 JLINK_IsHalted()
T1240 077:106.672 - 0.715ms returns FALSE
T4FF8 077:181.536 JLINK_IsHalted()
T4FF8 077:182.352 - 0.807ms returns FALSE
T4FF8 077:182.448 JLINK_IsHalted()
T4FF8 077:183.336 - 0.888ms returns FALSE
T1240 077:214.176 JLINK_IsHalted()
T1240 077:214.992 - 0.812ms returns FALSE
T1240 077:215.104 JLINK_IsHalted()
T1240 077:215.688 - 0.579ms returns FALSE
T1240 077:323.400 JLINK_IsHalted()
T1240 077:324.400 - 1.004ms returns FALSE
T1240 077:324.520 JLINK_IsHalted()
T1240 077:325.296 - 0.782ms returns FALSE
T1240 077:432.784 JLINK_IsHalted()
T1240 077:433.680 - 0.888ms returns FALSE
T1240 077:433.776 JLINK_IsHalted()
T1240 077:434.688 - 0.910ms returns FALSE
T1240 077:542.936 JLINK_IsHalted()
T1240 077:543.528 - 0.586ms returns FALSE
T1240 077:543.584 JLINK_IsHalted()
T1240 077:543.984 - 0.400ms returns FALSE
T1240 077:651.736 JLINK_IsHalted()
T1240 077:652.752 - 1.009ms returns FALSE
T1240 077:652.832 JLINK_IsHalted()
T1240 077:653.264 - 0.434ms returns FALSE
T1240 077:761.640 JLINK_IsHalted()
T1240 077:762.296 - 0.661ms returns FALSE
T1240 077:762.408 JLINK_IsHalted()
T1240 077:762.992 - 0.582ms returns FALSE
T1240 077:870.712 JLINK_IsHalted()
T1240 077:871.976 - 1.258ms returns FALSE
T1240 077:872.064 JLINK_IsHalted()
T1240 077:872.616 - 0.548ms returns FALSE
T1240 077:980.040 JLINK_IsHalted()
T1240 077:980.752 - 0.715ms returns FALSE
T1240 077:980.872 JLINK_IsHalted()
T1240 077:981.432 - 0.564ms returns FALSE
T1240 078:088.848 JLINK_IsHalted()
T1240 078:089.568 - 0.720ms returns FALSE
T1240 078:089.656 JLINK_IsHalted()
T1240 078:090.184 - 0.527ms returns FALSE
T4FF8 078:184.512 JLINK_IsHalted()
T4FF8 078:185.432 - 0.921ms returns FALSE
T4FF8 078:185.552 JLINK_IsHalted()
T4FF8 078:187.984 - 2.432ms returns FALSE
T1240 078:198.192 JLINK_IsHalted()
T1240 078:198.584 - 0.385ms returns FALSE
T1240 078:198.656 JLINK_IsHalted()
T1240 078:198.992 - 0.331ms returns FALSE
T1240 078:308.904 JLINK_IsHalted()
T1240 078:312.096 - 3.194ms returns FALSE
T1240 078:312.200 JLINK_IsHalted()
T1240 078:314.536 - 2.338ms returns FALSE
T1240 078:418.672 JLINK_IsHalted()
T1240 078:421.352 - 2.670ms returns FALSE
T1240 078:421.432 JLINK_IsHalted()
T1240 078:422.840 - 1.404ms returns FALSE
T1240 078:527.504 JLINK_IsHalted()
T1240 078:534.096 - 6.586ms returns FALSE
T1240 078:534.256 JLINK_IsHalted()
T1240 078:534.728 - 0.471ms returns FALSE
T1240 078:636.368 JLINK_IsHalted()
T1240 078:637.200 - 0.829ms returns FALSE
T1240 078:637.440 JLINK_IsHalted()
T1240 078:637.992 - 0.549ms returns FALSE
T1240 078:745.848 JLINK_IsHalted()
T1240 078:746.832 - 0.985ms returns FALSE
T1240 078:746.920 JLINK_IsHalted()
T1240 078:747.440 - 0.518ms returns FALSE
T1240 078:854.544 JLINK_IsHalted()
T1240 078:855.440 - 0.887ms returns FALSE
T1240 078:855.520 JLINK_IsHalted()
T1240 078:855.880 - 0.358ms returns FALSE
T1240 078:963.992 JLINK_IsHalted()
T1240 078:966.336 - 2.341ms returns FALSE
T1240 078:966.440 JLINK_IsHalted()
T1240 078:966.936 - 0.500ms returns FALSE
T1240 079:073.600 JLINK_IsHalted()
T1240 079:074.456 - 0.854ms returns FALSE
T1240 079:074.584 JLINK_IsHalted()
T1240 079:076.728 - 2.140ms returns FALSE
T1240 079:183.568 JLINK_IsHalted()
T1240 079:185.224 - 1.655ms returns FALSE
T1240 079:185.360 JLINK_IsHalted()
T1240 079:185.904 - 0.545ms returns FALSE
T4FF8 079:189.864 JLINK_IsHalted()
T4FF8 079:190.512 - 0.650ms returns FALSE
T4FF8 079:190.608 JLINK_IsHalted()
T4FF8 079:191.112 - 0.501ms returns FALSE
T1240 079:292.464 JLINK_IsHalted()
T1240 079:293.360 - 0.891ms returns FALSE
T1240 079:293.456 JLINK_IsHalted()
T1240 079:293.920 - 0.460ms returns FALSE
T1240 079:402.480 JLINK_IsHalted()
T1240 079:403.592 - 1.104ms returns FALSE
T1240 079:403.744 JLINK_IsHalted()
T1240 079:404.400 - 0.650ms returns FALSE
T1240 079:511.408 JLINK_IsHalted()
T1240 079:512.112 - 0.700ms returns FALSE
T1240 079:512.192 JLINK_IsHalted()
T1240 079:512.592 - 0.405ms returns FALSE
T1240 079:620.504 JLINK_IsHalted()
T1240 079:621.200 - 0.694ms returns FALSE
T1240 079:621.264 JLINK_IsHalted()
T1240 079:621.680 - 0.422ms returns FALSE
T1240 079:730.328 JLINK_IsHalted()
T1240 079:731.296 - 0.960ms returns FALSE
T1240 079:731.384 JLINK_IsHalted()
T1240 079:731.960 - 0.571ms returns FALSE
T1240 079:838.896 JLINK_IsHalted()
T1240 079:839.736 - 0.843ms returns FALSE
T1240 079:839.800 JLINK_IsHalted()
T1240 079:840.376 - 0.575ms returns FALSE
T1240 079:948.336 JLINK_IsHalted()
T1240 079:949.216 - 0.874ms returns FALSE
T1240 079:949.408 JLINK_IsHalted()
T1240 079:950.096 - 0.691ms returns FALSE
T1240 080:058.648 JLINK_IsHalted()
T1240 080:059.736 - 1.089ms returns FALSE
T1240 080:059.864 JLINK_IsHalted()
T1240 080:060.888 - 1.023ms returns FALSE
T1240 080:167.104 JLINK_IsHalted()
T1240 080:168.072 - 0.963ms returns FALSE
T1240 080:168.176 JLINK_IsHalted()
T1240 080:168.656 - 0.484ms returns FALSE
T4FF8 080:192.288 JLINK_IsHalted()
T4FF8 080:193.104 - 0.815ms returns FALSE
T4FF8 080:193.200 JLINK_IsHalted()
T4FF8 080:193.736 - 0.536ms returns FALSE
T1240 080:276.968 JLINK_IsHalted()
T1240 080:277.544 - 0.571ms returns FALSE
T1240 080:277.592 JLINK_IsHalted()
T1240 080:278.072 - 0.481ms returns FALSE
T1240 080:386.456 JLINK_IsHalted()
T1240 080:387.184 - 0.727ms returns FALSE
T1240 080:387.264 JLINK_IsHalted()
T1240 080:387.736 - 0.472ms returns FALSE
T1240 080:495.400 JLINK_IsHalted()
T1240 080:496.040 - 0.639ms returns FALSE
T1240 080:496.088 JLINK_IsHalted()
T1240 080:496.720 - 0.632ms returns FALSE
T1240 080:605.224 JLINK_IsHalted()
T1240 080:607.088 - 1.867ms returns FALSE
T1240 080:607.216 JLINK_IsHalted()
T1240 080:607.952 - 0.733ms returns FALSE
T1240 080:714.672 JLINK_IsHalted()
T1240 080:715.408 - 0.739ms returns FALSE
T1240 080:715.584 JLINK_IsHalted()
T1240 080:716.432 - 0.850ms returns FALSE
T1240 080:823.856 JLINK_IsHalted()
T1240 080:824.624 - 0.763ms returns FALSE
T1240 080:824.720 JLINK_IsHalted()
T1240 080:825.344 - 0.626ms returns FALSE
T1240 080:933.424 JLINK_IsHalted()
T1240 080:934.248 - 0.818ms returns FALSE
T1240 080:934.384 JLINK_IsHalted()
T1240 080:934.928 - 0.547ms returns FALSE
T1240 081:042.712 JLINK_IsHalted()
T1240 081:043.784 - 1.063ms returns FALSE
T1240 081:043.904 JLINK_IsHalted()
T1240 081:044.880 - 0.971ms returns FALSE
T1240 081:152.000 JLINK_IsHalted()
T1240 081:152.904 - 0.902ms returns FALSE
T1240 081:152.992 JLINK_IsHalted()
T1240 081:153.624 - 0.631ms returns FALSE
T4FF8 081:194.344 JLINK_IsHalted()
T4FF8 081:195.088 - 0.751ms returns FALSE
T4FF8 081:195.152 JLINK_IsHalted()
T4FF8 081:195.712 - 0.556ms returns FALSE
T1240 081:261.432 JLINK_IsHalted()
T1240 081:268.272 - 6.840ms returns FALSE
T1240 081:268.400 JLINK_IsHalted()
T1240 081:271.008 - 2.608ms returns FALSE
T1240 081:371.200 JLINK_IsHalted()
T1240 081:372.392 - 1.188ms returns FALSE
T1240 081:372.560 JLINK_IsHalted()
T1240 081:373.248 - 0.687ms returns FALSE
T1240 081:480.048 JLINK_IsHalted()
T1240 081:481.328 - 1.275ms returns FALSE
T1240 081:481.488 JLINK_IsHalted()
T1240 081:482.304 - 0.817ms returns FALSE
T1240 081:589.840 JLINK_IsHalted()
T1240 081:592.808 - 2.967ms returns FALSE
T1240 081:593.976 JLINK_IsHalted()
T1240 081:595.408 - 1.424ms returns FALSE
T1240 081:698.736 JLINK_IsHalted()
T1240 081:699.384 - 0.649ms returns FALSE
T1240 081:699.536 JLINK_IsHalted()
T1240 081:700.120 - 0.589ms returns FALSE
T1240 081:808.048 JLINK_IsHalted()
T1240 081:808.928 - 0.876ms returns FALSE
T1240 081:808.992 JLINK_IsHalted()
T1240 081:809.552 - 0.563ms returns FALSE
T1240 081:917.528 JLINK_IsHalted()
T1240 081:918.992 - 1.458ms returns FALSE
T1240 081:919.216 JLINK_IsHalted()
T1240 081:921.384 - 2.161ms returns FALSE
T1240 082:026.744 JLINK_IsHalted()
T1240 082:028.080 - 1.333ms returns FALSE
T1240 082:028.304 JLINK_IsHalted()
T1240 082:029.160 - 0.859ms returns FALSE
T1240 082:135.944 JLINK_IsHalted()
T1240 082:136.856 - 0.916ms returns FALSE
T1240 082:136.968 JLINK_IsHalted()
T1240 082:137.792 - 0.820ms returns FALSE
T4FF8 082:196.720 JLINK_IsHalted()
T4FF8 082:197.392 - 0.683ms returns FALSE
T4FF8 082:197.576 JLINK_IsHalted()
T4FF8 082:198.080 - 0.502ms returns FALSE
T1240 082:246.168 JLINK_IsHalted()
T1240 082:246.960 - 0.786ms returns FALSE
T1240 082:247.048 JLINK_IsHalted()
T1240 082:247.568 - 0.516ms returns FALSE
T1240 082:354.824 JLINK_IsHalted()
T1240 082:355.624 - 0.798ms returns FALSE
T1240 082:355.784 JLINK_IsHalted()
T1240 082:356.400 - 0.624ms returns FALSE
T1240 082:464.176 JLINK_IsHalted()
T1240 082:465.592 - 1.419ms returns FALSE
T1240 082:465.768 JLINK_IsHalted()
T1240 082:466.336 - 0.565ms returns FALSE
T1240 082:574.504 JLINK_IsHalted()
T1240 082:575.256 - 0.750ms returns FALSE
T1240 082:575.320 JLINK_IsHalted()
T1240 082:575.808 - 0.483ms returns FALSE
T1240 082:683.440 JLINK_IsHalted()
T1240 082:684.304 - 0.858ms returns FALSE
T1240 082:684.392 JLINK_IsHalted()
T1240 082:684.976 - 0.579ms returns FALSE
T1240 082:792.544 JLINK_IsHalted()
T1240 082:793.128 - 0.579ms returns FALSE
T1240 082:793.224 JLINK_IsHalted()
T1240 082:793.584 - 0.355ms returns FALSE
T1240 082:902.224 JLINK_IsHalted()
T1240 082:903.024 - 0.792ms returns FALSE
T1240 082:903.120 JLINK_IsHalted()
T1240 082:903.576 - 0.457ms returns FALSE
T1240 083:011.344 JLINK_IsHalted()
T1240 083:012.096 - 0.749ms returns FALSE
T1240 083:012.160 JLINK_IsHalted()
T1240 083:012.544 - 0.381ms returns FALSE
T1240 083:120.656 JLINK_IsHalted()
T1240 083:121.480 - 0.820ms returns FALSE
T1240 083:121.552 JLINK_IsHalted()
T1240 083:122.112 - 0.564ms returns FALSE
T4FF8 083:199.664 JLINK_IsHalted()
T4FF8 083:200.184 - 0.525ms returns FALSE
T4FF8 083:200.288 JLINK_IsHalted()
T4FF8 083:200.776 - 0.485ms returns FALSE
T1240 083:229.472 JLINK_IsHalted()
T1240 083:230.192 - 0.714ms returns FALSE
T1240 083:230.240 JLINK_IsHalted()
T1240 083:230.704 - 0.461ms returns FALSE
T1240 083:339.048 JLINK_IsHalted()
T1240 083:339.816 - 0.765ms returns FALSE
T1240 083:339.872 JLINK_IsHalted()
T1240 083:340.432 - 0.553ms returns FALSE
T1240 083:448.584 JLINK_IsHalted()
T1240 083:449.200 - 0.619ms returns FALSE
T1240 083:449.272 JLINK_IsHalted()
T1240 083:449.728 - 0.455ms returns FALSE
T1240 083:557.904 JLINK_IsHalted()
T1240 083:558.648 - 0.739ms returns FALSE
T1240 083:558.720 JLINK_IsHalted()
T1240 083:559.184 - 0.459ms returns FALSE
T1240 083:667.528 JLINK_IsHalted()
T1240 083:668.440 - 0.910ms returns FALSE
T1240 083:668.592 JLINK_IsHalted()
T1240 083:669.448 - 0.857ms returns FALSE
T1240 083:777.200 JLINK_IsHalted()
T1240 083:779.544 - 2.347ms returns FALSE
T1240 083:779.664 JLINK_IsHalted()
T1240 083:780.272 - 0.608ms returns FALSE
T1240 083:886.584 JLINK_IsHalted()
T1240 083:887.440 - 0.854ms returns FALSE
T1240 083:887.592 JLINK_IsHalted()
T1240 083:888.264 - 0.671ms returns FALSE
T1240 083:995.576 JLINK_IsHalted()
T1240 083:996.536 - 0.954ms returns FALSE
T1240 083:996.760 JLINK_IsHalted()
T1240 083:997.392 - 0.629ms returns FALSE
T1240 084:104.720 JLINK_IsHalted()
T1240 084:105.440 - 0.716ms returns FALSE
T1240 084:105.592 JLINK_IsHalted()
T1240 084:106.168 - 0.572ms returns FALSE
T4FF8 084:201.472 JLINK_IsHalted()
T4FF8 084:202.384 - 0.905ms returns FALSE
T4FF8 084:202.504 JLINK_IsHalted()
T4FF8 084:203.104 - 0.605ms returns FALSE
T1240 084:214.440 JLINK_IsHalted()
T1240 084:215.208 - 0.765ms returns FALSE
T1240 084:215.280 JLINK_IsHalted()
T1240 084:215.752 - 0.465ms returns FALSE
T1240 084:324.040 JLINK_IsHalted()
T1240 084:325.896 - 1.855ms returns FALSE
T1240 084:326.000 JLINK_IsHalted()
T1240 084:326.680 - 0.677ms returns FALSE
T1240 084:432.960 JLINK_IsHalted()
T1240 084:433.720 - 0.759ms returns FALSE
T1240 084:433.904 JLINK_IsHalted()
T1240 084:434.672 - 0.775ms returns FALSE
T1240 084:542.864 JLINK_IsHalted()
T1240 084:544.048 - 1.182ms returns FALSE
T1240 084:544.136 JLINK_IsHalted()
T1240 084:544.656 - 0.517ms returns FALSE
T1240 084:651.896 JLINK_IsHalted()
T1240 084:652.528 - 0.627ms returns FALSE
T1240 084:652.584 JLINK_IsHalted()
T1240 084:653.192 - 0.604ms returns FALSE
T1240 084:760.976 JLINK_IsHalted()
T1240 084:761.832 - 0.850ms returns FALSE
T1240 084:762.104 JLINK_IsHalted()
T1240 084:762.704 - 0.591ms returns FALSE
T1240 084:870.608 JLINK_IsHalted()
T1240 084:873.296 - 2.682ms returns FALSE
T1240 084:873.424 JLINK_IsHalted()
T1240 084:874.176 - 0.745ms returns FALSE
T1240 084:979.752 JLINK_IsHalted()
T1240 084:980.744 - 0.991ms returns FALSE
T1240 084:981.256 JLINK_IsHalted()
T1240 084:981.936 - 0.688ms returns FALSE
T1240 085:089.672 JLINK_IsHalted()
T1240 085:090.632 - 0.954ms returns FALSE
T1240 085:090.792 JLINK_IsHalted()
T1240 085:091.416 - 0.631ms returns FALSE
T1240 085:199.024 JLINK_IsHalted()
T1240 085:199.816 - 0.791ms returns FALSE
T1240 085:199.920 JLINK_IsHalted()
T1240 085:202.768 - 2.846ms returns FALSE
T4FF8 085:204.320 JLINK_IsHalted()
T4FF8 085:204.960 - 0.643ms returns FALSE
T4FF8 085:205.048 JLINK_IsHalted()
T4FF8 085:205.592 - 0.542ms returns FALSE
T1240 085:308.728 JLINK_IsHalted()
T1240 085:309.496 - 0.767ms returns FALSE
T1240 085:309.584 JLINK_IsHalted()
T1240 085:310.392 - 0.802ms returns FALSE
T1240 085:417.416 JLINK_IsHalted()
T1240 085:418.160 - 0.744ms returns FALSE
T1240 085:418.224 JLINK_IsHalted()
T1240 085:418.640 - 0.420ms returns FALSE
T1240 085:526.600 JLINK_IsHalted()
T1240 085:527.096 - 0.499ms returns FALSE
T1240 085:527.128 JLINK_IsHalted()
T1240 085:527.424 - 0.287ms returns FALSE
T1240 085:635.920 JLINK_IsHalted()
T1240 085:636.544 - 0.625ms returns FALSE
T1240 085:636.656 JLINK_IsHalted()
T1240 085:637.040 - 0.388ms returns FALSE
T1240 085:745.176 JLINK_IsHalted()
T1240 085:747.152 - 1.972ms returns FALSE
T1240 085:747.256 JLINK_IsHalted()
T1240 085:747.696 - 0.429ms returns FALSE
T1240 085:855.120 JLINK_IsHalted()
T1240 085:855.792 - 0.672ms returns FALSE
T1240 085:855.880 JLINK_IsHalted()
T1240 085:856.272 - 0.384ms returns FALSE
T1240 085:964.792 JLINK_IsHalted()
T1240 085:965.360 - 0.567ms returns FALSE
T1240 085:965.392 JLINK_IsHalted()
T1240 085:965.832 - 0.438ms returns FALSE
T1240 086:073.264 JLINK_IsHalted()
T1240 086:073.912 - 0.655ms returns FALSE
T1240 086:074.000 JLINK_IsHalted()
T1240 086:074.392 - 0.391ms returns FALSE
T1240 086:183.408 JLINK_IsHalted()
T1240 086:184.128 - 0.715ms returns FALSE
T1240 086:184.192 JLINK_IsHalted()
T1240 086:184.752 - 0.557ms returns FALSE
T4FF8 086:205.712 JLINK_IsHalted()
T4FF8 086:206.336 - 0.622ms returns FALSE
T4FF8 086:206.416 JLINK_IsHalted()
T4FF8 086:206.984 - 0.561ms returns FALSE
T1240 086:292.808 JLINK_IsHalted()
T1240 086:293.560 - 0.755ms returns FALSE
T1240 086:293.616 JLINK_IsHalted()
T1240 086:294.192 - 0.578ms returns FALSE
T1240 086:401.528 JLINK_IsHalted()
T1240 086:402.264 - 0.734ms returns FALSE
T1240 086:402.496 JLINK_IsHalted()
T1240 086:403.096 - 0.596ms returns FALSE
T1240 086:511.696 JLINK_IsHalted()
T1240 086:512.312 - 0.617ms returns FALSE
T1240 086:512.368 JLINK_IsHalted()
T1240 086:512.848 - 0.477ms returns FALSE
T1240 086:620.264 JLINK_IsHalted()
T1240 086:620.912 - 0.641ms returns FALSE
T1240 086:620.944 JLINK_IsHalted()
T1240 086:621.320 - 0.376ms returns FALSE
T1240 086:729.616 JLINK_IsHalted()
T1240 086:730.472 - 0.853ms returns FALSE
T1240 086:730.672 JLINK_IsHalted()
T1240 086:731.464 - 0.782ms returns FALSE
T1240 086:839.992 JLINK_IsHalted()
T1240 086:841.712 - 1.717ms returns FALSE
T1240 086:841.912 JLINK_IsHalted()
T1240 086:842.704 - 0.795ms returns FALSE
T1240 086:948.432 JLINK_IsHalted()
T1240 086:949.096 - 0.663ms returns FALSE
T1240 086:949.168 JLINK_IsHalted()
T1240 086:949.760 - 0.592ms returns FALSE
T1240 087:057.744 JLINK_IsHalted()
T1240 087:058.616 - 0.871ms returns FALSE
T1240 087:058.816 JLINK_IsHalted()
T1240 087:059.536 - 0.719ms returns FALSE
T1240 087:167.056 JLINK_IsHalted()
T1240 087:167.760 - 0.698ms returns FALSE
T1240 087:167.832 JLINK_IsHalted()
T1240 087:168.328 - 0.489ms returns FALSE
T4FF8 087:207.824 JLINK_IsHalted()
T4FF8 087:208.432 - 0.607ms returns FALSE
T4FF8 087:208.504 JLINK_IsHalted()
T4FF8 087:209.072 - 0.570ms returns FALSE
T1240 087:276.672 JLINK_IsHalted()
T1240 087:277.224 - 0.552ms returns FALSE
T1240 087:277.312 JLINK_IsHalted()
T1240 087:277.944 - 0.637ms returns FALSE
T1240 087:386.040 JLINK_IsHalted()
T1240 087:386.608 - 0.567ms returns FALSE
T1240 087:386.664 JLINK_IsHalted()
T1240 087:387.008 - 0.344ms returns FALSE
T1240 087:495.192 JLINK_IsHalted()
T1240 087:495.856 - 0.656ms returns FALSE
T1240 087:495.992 JLINK_IsHalted()
T1240 087:496.360 - 0.361ms returns FALSE
T1240 087:604.904 JLINK_IsHalted()
T1240 087:606.368 - 1.461ms returns FALSE
T1240 087:606.480 JLINK_IsHalted()
T1240 087:607.024 - 0.538ms returns FALSE
T1240 087:714.352 JLINK_IsHalted()
T1240 087:715.000 - 0.656ms returns FALSE
T1240 087:715.072 JLINK_IsHalted()
T1240 087:715.568 - 0.488ms returns FALSE
T1240 087:823.464 JLINK_IsHalted()
T1240 087:824.072 - 0.608ms returns FALSE
T1240 087:824.240 JLINK_IsHalted()
T1240 087:824.784 - 0.545ms returns FALSE
T1240 087:932.976 JLINK_IsHalted()
T1240 087:933.672 - 0.687ms returns FALSE
T1240 087:933.760 JLINK_IsHalted()
T1240 087:934.328 - 0.566ms returns FALSE
T1240 088:042.792 JLINK_IsHalted()
T1240 088:043.464 - 0.674ms returns FALSE
T1240 088:043.560 JLINK_IsHalted()
T1240 088:044.280 - 0.725ms returns FALSE
T1240 088:151.744 JLINK_IsHalted()
T1240 088:154.088 - 2.345ms returns FALSE
T1240 088:154.320 JLINK_IsHalted()
T1240 088:155.144 - 0.828ms returns FALSE
T4FF8 088:209.104 JLINK_IsHalted()
T4FF8 088:209.648 - 0.543ms returns FALSE
T4FF8 088:209.792 JLINK_IsHalted()
T4FF8 088:210.288 - 0.500ms returns FALSE
T1240 088:260.984 JLINK_IsHalted()
T1240 088:261.920 - 0.936ms returns FALSE
T1240 088:262.016 JLINK_IsHalted()
T1240 088:262.768 - 0.742ms returns FALSE
T1240 088:370.640 JLINK_IsHalted()
T1240 088:371.408 - 0.762ms returns FALSE
T1240 088:371.504 JLINK_IsHalted()
T1240 088:372.112 - 0.612ms returns FALSE
T1240 088:479.768 JLINK_IsHalted()
T1240 088:480.400 - 0.631ms returns FALSE
T1240 088:480.488 JLINK_IsHalted()
T1240 088:480.888 - 0.405ms returns FALSE
T1240 088:589.040 JLINK_IsHalted()
T1240 088:589.616 - 0.574ms returns FALSE
T1240 088:589.712 JLINK_IsHalted()
T1240 088:590.120 - 0.402ms returns FALSE
T1240 088:698.544 JLINK_IsHalted()
T1240 088:699.176 - 0.632ms returns FALSE
T1240 088:699.280 JLINK_IsHalted()
T1240 088:699.744 - 0.459ms returns FALSE
T1240 088:808.232 JLINK_IsHalted()
T1240 088:808.864 - 0.635ms returns FALSE
T1240 088:808.968 JLINK_IsHalted()
T1240 088:809.488 - 0.522ms returns FALSE
T1240 088:916.960 JLINK_IsHalted()
T1240 088:917.376 - 0.420ms returns FALSE
T1240 088:917.432 JLINK_IsHalted()
T1240 088:917.696 - 0.262ms returns FALSE
T1240 089:026.944 JLINK_IsHalted()
T1240 089:027.856 - 0.915ms returns FALSE
T1240 089:027.984 JLINK_IsHalted()
T1240 089:028.536 - 0.552ms returns FALSE
T1240 089:136.160 JLINK_IsHalted()
T1240 089:136.792 - 0.632ms returns FALSE
T1240 089:136.888 JLINK_IsHalted()
T1240 089:138.496 - 1.605ms returns FALSE
T4FF8 089:210.512 JLINK_IsHalted()
T4FF8 089:211.088 - 0.577ms returns FALSE
T4FF8 089:211.168 JLINK_IsHalted()
T4FF8 089:211.568 - 0.396ms returns FALSE
T1240 089:245.648 JLINK_IsHalted()
T1240 089:246.360 - 0.714ms returns FALSE
T1240 089:246.456 JLINK_IsHalted()
T1240 089:247.008 - 0.546ms returns FALSE
T1240 089:354.784 JLINK_IsHalted()
T1240 089:355.456 - 0.672ms returns FALSE
T1240 089:355.528 JLINK_IsHalted()
T1240 089:356.072 - 0.539ms returns FALSE
T1240 089:464.328 JLINK_IsHalted()
T1240 089:465.528 - 1.201ms returns FALSE
T1240 089:465.752 JLINK_IsHalted()
T1240 089:466.704 - 0.950ms returns FALSE
T1240 089:574.104 JLINK_IsHalted()
T1240 089:574.992 - 0.885ms returns FALSE
T1240 089:575.112 JLINK_IsHalted()
T1240 089:575.672 - 0.561ms returns FALSE
T1240 089:682.832 JLINK_IsHalted()
T1240 089:687.920 - 5.076ms returns FALSE
T1240 089:688.120 JLINK_IsHalted()
T1240 089:688.944 - 0.826ms returns FALSE
T1240 089:793.016 JLINK_IsHalted()
T1240 089:793.832 - 0.806ms returns FALSE
T1240 089:793.904 JLINK_IsHalted()
T1240 089:794.464 - 0.563ms returns FALSE
T1240 089:902.288 JLINK_IsHalted()
T1240 089:902.896 - 0.613ms returns FALSE
T1240 089:903.024 JLINK_IsHalted()
T1240 089:903.472 - 0.453ms returns FALSE
T1240 090:010.872 JLINK_IsHalted()
T1240 090:011.704 - 0.828ms returns FALSE
T1240 090:011.816 JLINK_IsHalted()
T1240 090:012.512 - 0.696ms returns FALSE
T1240 090:120.856 JLINK_IsHalted()
T1240 090:121.664 - 0.806ms returns FALSE
T1240 090:122.152 JLINK_IsHalted()
T1240 090:122.768 - 0.614ms returns FALSE
T4FF8 090:212.480 JLINK_IsHalted()
T4FF8 090:213.400 - 0.923ms returns FALSE
T4FF8 090:213.488 JLINK_IsHalted()
T4FF8 090:214.032 - 0.538ms returns FALSE
T1240 090:229.856 JLINK_IsHalted()
T1240 090:230.576 - 0.725ms returns FALSE
T1240 090:230.688 JLINK_IsHalted()
T1240 090:231.176 - 0.478ms returns FALSE
T1240 090:339.248 JLINK_IsHalted()
T1240 090:340.120 - 0.870ms returns FALSE
T1240 090:340.384 JLINK_IsHalted()
T1240 090:341.200 - 0.806ms returns FALSE
T1240 090:448.904 JLINK_IsHalted()
T1240 090:449.856 - 0.950ms returns FALSE
T1240 090:449.968 JLINK_IsHalted()
T1240 090:450.776 - 0.804ms returns FALSE
T1240 090:558.000 JLINK_IsHalted()
T1240 090:559.016 - 1.008ms returns FALSE
T1240 090:559.216 JLINK_IsHalted()
T1240 090:559.808 - 0.594ms returns FALSE
T1240 090:667.904 JLINK_IsHalted()
T1240 090:668.480 - 0.573ms returns FALSE
T1240 090:668.528 JLINK_IsHalted()
T1240 090:668.960 - 0.429ms returns FALSE
T1240 090:776.600 JLINK_IsHalted()
T1240 090:777.656 - 1.058ms returns FALSE
T1240 090:777.768 JLINK_IsHalted()
T1240 090:778.544 - 0.779ms returns FALSE
T1240 090:886.912 JLINK_IsHalted()
T1240 090:889.208 - 2.299ms returns FALSE
T1240 090:889.304 JLINK_IsHalted()
T1240 090:891.992 - 2.691ms returns FALSE
T1240 090:995.712 JLINK_IsHalted()
T1240 090:996.704 - 0.990ms returns FALSE
T1240 090:996.872 JLINK_IsHalted()
T1240 090:997.616 - 0.737ms returns FALSE
T1240 091:104.912 JLINK_IsHalted()
T1240 091:105.712 - 0.800ms returns FALSE
T1240 091:105.800 JLINK_IsHalted()
T1240 091:106.416 - 0.623ms returns FALSE
T1240 091:214.152 JLINK_IsHalted()
T1240 091:214.728 - 0.573ms returns FALSE
T1240 091:214.784 JLINK_IsHalted()
T1240 091:215.232 - 0.446ms returns FALSE
T4FF8 091:215.320 JLINK_IsHalted()
T4FF8 091:215.936 - 0.617ms returns FALSE
T4FF8 091:215.984 JLINK_IsHalted()
T4FF8 091:216.496 - 0.505ms returns FALSE
T1240 091:323.600 JLINK_IsHalted()
T1240 091:324.272 - 0.667ms returns FALSE
T1240 091:324.392 JLINK_IsHalted()
T1240 091:324.792 - 0.404ms returns FALSE
T1240 091:432.896 JLINK_IsHalted()
T1240 091:433.656 - 0.761ms returns FALSE
T1240 091:433.744 JLINK_IsHalted()
T1240 091:434.384 - 0.628ms returns FALSE
T1240 091:542.256 JLINK_IsHalted()
T1240 091:542.928 - 0.671ms returns FALSE
T1240 091:543.000 JLINK_IsHalted()
T1240 091:543.536 - 0.532ms returns FALSE
T1240 091:651.704 JLINK_IsHalted()
T1240 091:653.256 - 1.548ms returns FALSE
T1240 091:653.392 JLINK_IsHalted()
T1240 091:653.872 - 0.479ms returns FALSE
T1240 091:761.088 JLINK_IsHalted()
T1240 091:761.840 - 0.750ms returns FALSE
T1240 091:761.944 JLINK_IsHalted()
T1240 091:762.496 - 0.548ms returns FALSE
T1240 091:870.248 JLINK_IsHalted()
T1240 091:872.240 - 1.987ms returns FALSE
T1240 091:872.320 JLINK_IsHalted()
T1240 091:873.096 - 0.776ms returns FALSE
T1240 091:980.112 JLINK_IsHalted()
T1240 091:981.032 - 0.917ms returns FALSE
T1240 091:981.200 JLINK_IsHalted()
T1240 091:983.976 - 2.768ms returns FALSE
T1240 092:089.528 JLINK_IsHalted()
T1240 092:090.288 - 0.762ms returns FALSE
T1240 092:090.416 JLINK_IsHalted()
T1240 092:091.032 - 0.612ms returns FALSE
T1240 092:198.928 JLINK_IsHalted()
T1240 092:199.952 - 1.015ms returns FALSE
T1240 092:200.008 JLINK_IsHalted()
T1240 092:200.848 - 0.841ms returns FALSE
T4FF8 092:217.104 JLINK_IsHalted()
T4FF8 092:217.792 - 0.685ms returns FALSE
T4FF8 092:217.864 JLINK_IsHalted()
T4FF8 092:218.624 - 0.755ms returns FALSE
T1240 092:307.928 JLINK_IsHalted()
T1240 092:308.864 - 0.934ms returns FALSE
T1240 092:309.024 JLINK_IsHalted()
T1240 092:309.832 - 0.800ms returns FALSE
T1240 092:417.360 JLINK_IsHalted()
T1240 092:417.968 - 0.603ms returns FALSE
T1240 092:418.208 JLINK_IsHalted()
T1240 092:418.880 - 0.668ms returns FALSE
T1240 092:526.672 JLINK_IsHalted()
T1240 092:527.344 - 0.674ms returns FALSE
T1240 092:527.472 JLINK_IsHalted()
T1240 092:528.064 - 0.582ms returns FALSE
T1240 092:636.472 JLINK_IsHalted()
T1240 092:639.184 - 2.712ms returns FALSE
T1240 092:639.312 JLINK_IsHalted()
T1240 092:639.824 - 0.502ms returns FALSE
T1240 092:745.944 JLINK_IsHalted()
T1240 092:748.336 - 2.388ms returns FALSE
T1240 092:748.496 JLINK_IsHalted()
T1240 092:749.144 - 0.650ms returns FALSE
T1240 092:854.544 JLINK_IsHalted()
T1240 092:857.064 - 2.513ms returns FALSE
T1240 092:857.232 JLINK_IsHalted()
T1240 092:858.128 - 0.904ms returns FALSE
T1240 092:964.664 JLINK_IsHalted()
T1240 092:965.416 - 0.745ms returns FALSE
T1240 092:965.488 JLINK_IsHalted()
T1240 092:965.936 - 0.441ms returns FALSE
T1240 093:073.552 JLINK_IsHalted()
T1240 093:074.616 - 1.066ms returns FALSE
T1240 093:074.768 JLINK_IsHalted()
T1240 093:075.552 - 0.790ms returns FALSE
T1240 093:183.504 JLINK_IsHalted()
T1240 093:184.232 - 0.729ms returns FALSE
T1240 093:184.336 JLINK_IsHalted()
T1240 093:184.960 - 0.619ms returns FALSE
T4FF8 093:219.872 JLINK_IsHalted()
T4FF8 093:220.680 - 0.805ms returns FALSE
T4FF8 093:220.800 JLINK_IsHalted()
T4FF8 093:221.360 - 0.560ms returns FALSE
T1240 093:292.304 JLINK_IsHalted()
T1240 093:292.984 - 0.677ms returns FALSE
T1240 093:293.080 JLINK_IsHalted()
T1240 093:293.544 - 0.461ms returns FALSE
T1240 093:401.680 JLINK_IsHalted()
T1240 093:402.448 - 0.770ms returns FALSE
T1240 093:402.600 JLINK_IsHalted()
T1240 093:403.152 - 0.556ms returns FALSE
T1240 093:510.960 JLINK_IsHalted()
T1240 093:511.576 - 0.622ms returns FALSE
T1240 093:511.664 JLINK_IsHalted()
T1240 093:512.168 - 0.497ms returns FALSE
T1240 093:620.752 JLINK_IsHalted()
T1240 093:622.008 - 1.261ms returns FALSE
T1240 093:622.072 JLINK_IsHalted()
T1240 093:622.576 - 0.498ms returns FALSE
T1240 093:729.672 JLINK_IsHalted()
T1240 093:731.584 - 1.907ms returns FALSE
T1240 093:731.736 JLINK_IsHalted()
T1240 093:732.304 - 0.562ms returns FALSE
T1240 093:839.568 JLINK_IsHalted()
T1240 093:840.352 - 0.779ms returns FALSE
T1240 093:840.432 JLINK_IsHalted()
T1240 093:841.048 - 0.617ms returns FALSE
T1240 093:948.424 JLINK_IsHalted()
T1240 093:949.136 - 0.704ms returns FALSE
T1240 093:949.288 JLINK_IsHalted()
T1240 093:949.896 - 0.608ms returns FALSE
T1240 094:058.512 JLINK_IsHalted()
T1240 094:059.472 - 0.958ms returns FALSE
T1240 094:059.640 JLINK_IsHalted()
T1240 094:062.240 - 2.598ms returns FALSE
T1240 094:167.024 JLINK_IsHalted()
T1240 094:167.880 - 0.860ms returns FALSE
T1240 094:168.144 JLINK_IsHalted()
T1240 094:168.904 - 0.758ms returns FALSE
T4FF8 094:222.144 JLINK_IsHalted()
T4FF8 094:222.960 - 0.812ms returns FALSE
T4FF8 094:223.104 JLINK_IsHalted()
T4FF8 094:223.880 - 0.770ms returns FALSE
T1240 094:277.344 JLINK_IsHalted()
T1240 094:279.680 - 2.334ms returns FALSE
T1240 094:279.792 JLINK_IsHalted()
T1240 094:280.360 - 0.561ms returns FALSE
T1240 094:386.000 JLINK_IsHalted()
T1240 094:386.752 - 0.749ms returns FALSE
T1240 094:386.864 JLINK_IsHalted()
T1240 094:389.184 - 2.323ms returns FALSE
T1240 094:495.760 JLINK_IsHalted()
T1240 094:496.584 - 0.817ms returns FALSE
T1240 094:496.728 JLINK_IsHalted()
T1240 094:497.312 - 0.584ms returns FALSE
T1240 094:604.880 JLINK_IsHalted()
T1240 094:605.896 - 1.008ms returns FALSE
T1240 094:606.024 JLINK_IsHalted()
T1240 094:606.608 - 0.578ms returns FALSE
T1240 094:714.160 JLINK_IsHalted()
T1240 094:714.928 - 0.762ms returns FALSE
T1240 094:715.032 JLINK_IsHalted()
T1240 094:715.728 - 0.696ms returns FALSE
T1240 094:823.280 JLINK_IsHalted()
T1240 094:824.104 - 0.814ms returns FALSE
T1240 094:824.232 JLINK_IsHalted()
T1240 094:824.856 - 0.627ms returns FALSE
T1240 094:932.656 JLINK_IsHalted()
T1240 094:933.168 - 0.511ms returns FALSE
T1240 094:933.224 JLINK_IsHalted()
T1240 094:933.608 - 0.380ms returns FALSE
T1240 095:042.280 JLINK_IsHalted()
T1240 095:043.000 - 0.726ms returns FALSE
T1240 095:043.088 JLINK_IsHalted()
T1240 095:043.800 - 0.714ms returns FALSE
T1240 095:151.768 JLINK_IsHalted()
T1240 095:152.576 - 0.807ms returns FALSE
T1240 095:152.664 JLINK_IsHalted()
T1240 095:153.048 - 0.383ms returns FALSE
T4FF8 095:224.232 JLINK_IsHalted()
T4FF8 095:224.752 - 0.515ms returns FALSE
T4FF8 095:224.784 JLINK_IsHalted()
T4FF8 095:225.448 - 0.659ms returns FALSE
T1240 095:261.272 JLINK_IsHalted()
T1240 095:263.696 - 2.424ms returns FALSE
T1240 095:263.880 JLINK_IsHalted()
T1240 095:264.600 - 0.720ms returns FALSE
T1240 095:371.208 JLINK_IsHalted()
T1240 095:373.488 - 2.284ms returns FALSE
T1240 095:373.672 JLINK_IsHalted()
T1240 095:374.328 - 0.657ms returns FALSE
T1240 095:479.648 JLINK_IsHalted()
T1240 095:480.280 - 0.629ms returns FALSE
T1240 095:480.328 JLINK_IsHalted()
T1240 095:480.856 - 0.526ms returns FALSE
T1240 095:589.408 JLINK_IsHalted()
T1240 095:591.808 - 2.399ms returns FALSE
T1240 095:591.936 JLINK_IsHalted()
T1240 095:592.720 - 0.781ms returns FALSE
T1240 095:698.528 JLINK_IsHalted()
T1240 095:699.248 - 0.716ms returns FALSE
T1240 095:699.328 JLINK_IsHalted()
T1240 095:699.832 - 0.503ms returns FALSE
T1240 095:807.640 JLINK_IsHalted()
T1240 095:808.488 - 0.843ms returns FALSE
T1240 095:808.592 JLINK_IsHalted()
T1240 095:809.064 - 0.464ms returns FALSE
T1240 095:917.472 JLINK_IsHalted()
T1240 095:918.616 - 1.144ms returns FALSE
T1240 095:918.880 JLINK_IsHalted()
T1240 095:919.632 - 0.749ms returns FALSE
T1240 096:026.960 JLINK_IsHalted()
T1240 096:027.648 - 0.694ms returns FALSE
T1240 096:027.736 JLINK_IsHalted()
T1240 096:028.256 - 0.515ms returns FALSE
T1240 096:137.032 JLINK_IsHalted()
T1240 096:137.552 - 0.525ms returns FALSE
T1240 096:137.648 JLINK_IsHalted()
T1240 096:138.056 - 0.402ms returns FALSE
T4FF8 096:226.360 JLINK_IsHalted()
T4FF8 096:226.904 - 0.542ms returns FALSE
T4FF8 096:226.976 JLINK_IsHalted()
T4FF8 096:227.528 - 0.546ms returns FALSE
T1240 096:245.552 JLINK_IsHalted()
T1240 096:246.160 - 0.603ms returns FALSE
T1240 096:246.224 JLINK_IsHalted()
T1240 096:246.696 - 0.469ms returns FALSE
T1240 096:354.752 JLINK_IsHalted()
T1240 096:355.384 - 0.636ms returns FALSE
T1240 096:355.440 JLINK_IsHalted()
T1240 096:355.896 - 0.450ms returns FALSE
T1240 096:464.376 JLINK_IsHalted()
T1240 096:465.064 - 0.685ms returns FALSE
T1240 096:465.136 JLINK_IsHalted()
T1240 096:465.712 - 0.571ms returns FALSE
T1240 096:574.200 JLINK_IsHalted()
T1240 096:574.824 - 0.621ms returns FALSE
T1240 096:574.912 JLINK_IsHalted()
T1240 096:575.368 - 0.449ms returns FALSE
T1240 096:683.096 JLINK_IsHalted()
T1240 096:683.952 - 0.855ms returns FALSE
T1240 096:684.048 JLINK_IsHalted()
T1240 096:684.616 - 0.559ms returns FALSE
T1240 096:792.208 JLINK_IsHalted()
T1240 096:794.080 - 1.865ms returns FALSE
T1240 096:794.176 JLINK_IsHalted()
T1240 096:794.920 - 0.739ms returns FALSE
T1240 096:901.552 JLINK_IsHalted()
T1240 096:904.856 - 3.306ms returns FALSE
T1240 096:905.144 JLINK_IsHalted()
T1240 096:906.032 - 0.887ms returns FALSE
T1240 097:011.552 JLINK_IsHalted()
T1240 097:012.168 - 0.612ms returns FALSE
T1240 097:012.224 JLINK_IsHalted()
T1240 097:012.712 - 0.484ms returns FALSE
T1240 097:121.032 JLINK_IsHalted()
T1240 097:121.992 - 0.955ms returns FALSE
T1240 097:122.080 JLINK_IsHalted()
T1240 097:122.672 - 0.590ms returns FALSE
T4FF8 097:228.176 JLINK_IsHalted()
T4FF8 097:228.864 - 0.692ms returns FALSE
T4FF8 097:228.976 JLINK_IsHalted()
T4FF8 097:229.624 - 0.645ms returns FALSE
T1240 097:230.312 JLINK_IsHalted()
T1240 097:231.104 - 0.792ms returns FALSE
T1240 097:231.216 JLINK_IsHalted()
T1240 097:232.048 - 0.835ms returns FALSE
T1240 097:339.336 JLINK_IsHalted()
T1240 097:340.480 - 1.148ms returns FALSE
T1240 097:340.784 JLINK_IsHalted()
T1240 097:341.616 - 0.829ms returns FALSE
T1240 097:448.560 JLINK_IsHalted()
T1240 097:449.264 - 0.696ms returns FALSE
T1240 097:449.344 JLINK_IsHalted()
T1240 097:449.864 - 0.511ms returns FALSE
T1240 097:557.792 JLINK_IsHalted()
T1240 097:558.712 - 0.922ms returns FALSE
T1240 097:558.824 JLINK_IsHalted()
T1240 097:559.432 - 0.607ms returns FALSE
T1240 097:667.088 JLINK_IsHalted()
T1240 097:668.336 - 1.243ms returns FALSE
T1240 097:668.472 JLINK_IsHalted()
T1240 097:669.208 - 0.734ms returns FALSE
T1240 097:776.552 JLINK_IsHalted()
T1240 097:777.296 - 0.745ms returns FALSE
T1240 097:777.496 JLINK_IsHalted()
T1240 097:778.152 - 0.652ms returns FALSE
T1240 097:885.808 JLINK_IsHalted()
T1240 097:886.528 - 0.722ms returns FALSE
T1240 097:886.608 JLINK_IsHalted()
T1240 097:887.240 - 0.626ms returns FALSE
T1240 097:995.616 JLINK_IsHalted()
T1240 097:996.184 - 0.571ms returns FALSE
T1240 097:996.240 JLINK_IsHalted()
T1240 097:996.592 - 0.357ms returns FALSE
T1240 098:105.200 JLINK_IsHalted()
T1240 098:106.288 - 1.087ms returns FALSE
T1240 098:106.440 JLINK_IsHalted()
T1240 098:107.056 - 0.623ms returns FALSE
T1240 098:214.088 JLINK_IsHalted()
T1240 098:214.992 - 0.908ms returns FALSE
T1240 098:215.120 JLINK_IsHalted()
T1240 098:215.640 - 0.513ms returns FALSE
T4FF8 098:229.936 JLINK_IsHalted()
T4FF8 098:230.400 - 0.461ms returns FALSE
T4FF8 098:230.440 JLINK_IsHalted()
T4FF8 098:231.072 - 0.632ms returns FALSE
T1240 098:323.648 JLINK_IsHalted()
T1240 098:324.208 - 0.567ms returns FALSE
T1240 098:324.264 JLINK_IsHalted()
T1240 098:325.008 - 0.746ms returns FALSE
T1240 098:433.544 JLINK_IsHalted()
T1240 098:434.224 - 0.678ms returns FALSE
T1240 098:434.312 JLINK_IsHalted()
T1240 098:434.952 - 0.639ms returns FALSE
T1240 098:542.928 JLINK_IsHalted()
T1240 098:543.984 - 1.051ms returns FALSE
T1240 098:544.152 JLINK_IsHalted()
T1240 098:544.592 - 0.445ms returns FALSE
T1240 098:652.560 JLINK_IsHalted()
T1240 098:653.512 - 0.947ms returns FALSE
T1240 098:653.592 JLINK_IsHalted()
T1240 098:654.416 - 0.825ms returns FALSE
T1240 098:761.632 JLINK_IsHalted()
T1240 098:762.440 - 0.806ms returns FALSE
T1240 098:762.520 JLINK_IsHalted()
T1240 098:763.008 - 0.489ms returns FALSE
T1240 098:870.576 JLINK_IsHalted()
T1240 098:871.744 - 1.171ms returns FALSE
T1240 098:871.896 JLINK_IsHalted()
T1240 098:872.608 - 0.704ms returns FALSE
T1240 098:980.288 JLINK_IsHalted()
T1240 098:981.000 - 0.708ms returns FALSE
T1240 098:981.072 JLINK_IsHalted()
T1240 098:981.568 - 0.500ms returns FALSE
T1240 099:089.296 JLINK_IsHalted()
T1240 099:090.280 - 0.983ms returns FALSE
T1240 099:090.368 JLINK_IsHalted()
T1240 099:090.944 - 0.578ms returns FALSE
T1240 099:198.904 JLINK_IsHalted()
T1240 099:200.216 - 1.309ms returns FALSE
T1240 099:200.304 JLINK_IsHalted()
T1240 099:200.760 - 0.458ms returns FALSE
T4FF8 099:231.792 JLINK_IsHalted()
T4FF8 099:232.720 - 0.925ms returns FALSE
T4FF8 099:232.976 JLINK_IsHalted()
T4FF8 099:233.680 - 0.701ms returns FALSE
T1240 099:307.688 JLINK_IsHalted()
T1240 099:308.528 - 0.835ms returns FALSE
T1240 099:308.608 JLINK_IsHalted()
T1240 099:309.232 - 0.620ms returns FALSE
T1240 099:417.072 JLINK_IsHalted()
T1240 099:417.712 - 0.637ms returns FALSE
T1240 099:417.776 JLINK_IsHalted()
T1240 099:418.296 - 0.515ms returns FALSE
T1240 099:527.080 JLINK_IsHalted()
T1240 099:527.848 - 0.762ms returns FALSE
T1240 099:527.936 JLINK_IsHalted()
T1240 099:529.768 - 1.827ms returns FALSE
T1240 099:636.408 JLINK_IsHalted()
T1240 099:637.344 - 0.933ms returns FALSE
T1240 099:637.504 JLINK_IsHalted()
T1240 099:638.440 - 0.930ms returns FALSE
T1240 099:745.400 JLINK_IsHalted()
T1240 099:748.048 - 2.646ms returns FALSE
T1240 099:748.240 JLINK_IsHalted()
T1240 099:749.320 - 1.078ms returns FALSE
T1240 099:854.768 JLINK_IsHalted()
T1240 099:855.448 - 0.689ms returns FALSE
T1240 099:855.568 JLINK_IsHalted()
T1240 099:856.160 - 0.587ms returns FALSE
T1240 099:963.952 JLINK_IsHalted()
T1240 099:964.952 - 1.004ms returns FALSE
T1240 099:965.192 JLINK_IsHalted()
T1240 099:965.712 - 0.521ms returns FALSE
T1240 100:073.504 JLINK_IsHalted()
T1240 100:074.328 - 0.822ms returns FALSE
T1240 100:074.440 JLINK_IsHalted()
T1240 100:075.064 - 0.621ms returns FALSE
T1240 100:183.056 JLINK_IsHalted()
T1240 100:183.712 - 0.649ms returns FALSE
T1240 100:183.864 JLINK_IsHalted()
T1240 100:184.440 - 0.574ms returns FALSE
T4FF8 100:235.536 JLINK_IsHalted()
T4FF8 100:236.376 - 0.842ms returns FALSE
T4FF8 100:236.488 JLINK_IsHalted()
T4FF8 100:237.136 - 0.652ms returns FALSE
T1240 100:292.344 JLINK_IsHalted()
T1240 100:294.136 - 1.787ms returns FALSE
T1240 100:294.320 JLINK_IsHalted()
T1240 100:295.056 - 0.743ms returns FALSE
T1240 100:402.056 JLINK_IsHalted()
T1240 100:402.768 - 0.708ms returns FALSE
T1240 100:402.896 JLINK_IsHalted()
T1240 100:405.592 - 2.693ms returns FALSE
T1240 100:510.880 JLINK_IsHalted()
T1240 100:511.568 - 0.692ms returns FALSE
T1240 100:511.824 JLINK_IsHalted()
T1240 100:513.752 - 1.923ms returns FALSE
T1240 100:621.360 JLINK_IsHalted()
T1240 100:622.000 - 0.632ms returns FALSE
T1240 100:622.096 JLINK_IsHalted()
T1240 100:622.672 - 0.585ms returns FALSE
T1240 100:729.896 JLINK_IsHalted()
T1240 100:730.704 - 0.809ms returns FALSE
T1240 100:730.752 JLINK_IsHalted()
T1240 100:731.312 - 0.557ms returns FALSE
T1240 100:839.176 JLINK_IsHalted()
T1240 100:839.816 - 0.639ms returns FALSE
T1240 100:839.920 JLINK_IsHalted()
T1240 100:840.480 - 0.555ms returns FALSE
T1240 100:948.728 JLINK_IsHalted()
T1240 100:949.408 - 0.675ms returns FALSE
T1240 100:949.520 JLINK_IsHalted()
T1240 100:950.040 - 0.515ms returns FALSE
T1240 101:057.720 JLINK_IsHalted()
T1240 101:059.488 - 1.770ms returns FALSE
T1240 101:059.536 JLINK_IsHalted()
T1240 101:059.888 - 0.352ms returns FALSE
T1240 101:167.312 JLINK_IsHalted()
T1240 101:167.936 - 0.621ms returns FALSE
T1240 101:168.000 JLINK_IsHalted()
T1240 101:168.392 - 0.385ms returns FALSE
T4FF8 101:237.424 JLINK_IsHalted()
T4FF8 101:237.968 - 0.541ms returns FALSE
T4FF8 101:238.064 JLINK_IsHalted()
T4FF8 101:238.544 - 0.478ms returns FALSE
T1240 101:277.040 JLINK_IsHalted()
T1240 101:277.704 - 0.669ms returns FALSE
T1240 101:277.840 JLINK_IsHalted()
T1240 101:278.320 - 0.476ms returns FALSE
T1240 101:386.488 JLINK_IsHalted()
T1240 101:387.216 - 0.729ms returns FALSE
T1240 101:387.352 JLINK_IsHalted()
T1240 101:387.808 - 0.453ms returns FALSE
T1240 101:495.120 JLINK_IsHalted()
T1240 101:495.744 - 0.620ms returns FALSE
T1240 101:495.840 JLINK_IsHalted()
T1240 101:496.272 - 0.427ms returns FALSE
T1240 101:604.976 JLINK_IsHalted()
T1240 101:605.520 - 0.542ms returns FALSE
T1240 101:605.616 JLINK_IsHalted()
T1240 101:606.064 - 0.442ms returns FALSE
T1240 101:714.288 JLINK_IsHalted()
T1240 101:714.832 - 0.544ms returns FALSE
T1240 101:714.928 JLINK_IsHalted()
T1240 101:715.344 - 0.408ms returns FALSE
T1240 101:823.656 JLINK_IsHalted()
T1240 101:824.176 - 0.514ms returns FALSE
T1240 101:824.248 JLINK_IsHalted()
T1240 101:824.608 - 0.356ms returns FALSE
T1240 101:932.808 JLINK_IsHalted()
T1240 101:934.352 - 1.545ms returns FALSE
T1240 101:934.472 JLINK_IsHalted()
T1240 101:935.152 - 0.684ms returns FALSE
T1240 102:042.176 JLINK_IsHalted()
T1240 102:042.816 - 0.639ms returns FALSE
T1240 102:042.912 JLINK_IsHalted()
T1240 102:043.376 - 0.455ms returns FALSE
T1240 102:151.752 JLINK_IsHalted()
T1240 102:152.336 - 0.581ms returns FALSE
T1240 102:152.432 JLINK_IsHalted()
T1240 102:152.888 - 0.451ms returns FALSE
T4FF8 102:239.240 JLINK_IsHalted()
T4FF8 102:239.816 - 0.573ms returns FALSE
T4FF8 102:239.920 JLINK_IsHalted()
T4FF8 102:240.296 - 0.373ms returns FALSE
T1240 102:261.032 JLINK_IsHalted()
T1240 102:261.680 - 0.645ms returns FALSE
T1240 102:261.776 JLINK_IsHalted()
T1240 102:262.256 - 0.467ms returns FALSE
T1240 102:370.744 JLINK_IsHalted()
T1240 102:371.384 - 0.643ms returns FALSE
T1240 102:371.568 JLINK_IsHalted()
T1240 102:372.008 - 0.441ms returns FALSE
T1240 102:479.504 JLINK_IsHalted()
T1240 102:480.176 - 0.671ms returns FALSE
T1240 102:480.272 JLINK_IsHalted()
T1240 102:480.720 - 0.441ms returns FALSE
T1240 102:589.072 JLINK_IsHalted()
T1240 102:589.776 - 0.692ms returns FALSE
T1240 102:589.896 JLINK_IsHalted()
T1240 102:590.352 - 0.462ms returns FALSE
T1240 102:698.248 JLINK_IsHalted()
T1240 102:699.048 - 0.798ms returns FALSE
T1240 102:699.120 JLINK_IsHalted()
T1240 102:699.760 - 0.644ms returns FALSE
T1240 102:808.216 JLINK_IsHalted()
T1240 102:808.968 - 0.751ms returns FALSE
T1240 102:809.072 JLINK_IsHalted()
T1240 102:809.472 - 0.399ms returns FALSE
T1240 102:917.792 JLINK_IsHalted()
T1240 102:918.456 - 0.665ms returns FALSE
T1240 102:918.544 JLINK_IsHalted()
T1240 102:919.024 - 0.475ms returns FALSE
T1240 103:026.328 JLINK_IsHalted()
T1240 103:027.024 - 0.691ms returns FALSE
T1240 103:027.152 JLINK_IsHalted()
T1240 103:027.600 - 0.444ms returns FALSE
T1240 103:135.992 JLINK_IsHalted()
T1240 103:136.632 - 0.636ms returns FALSE
T1240 103:136.760 JLINK_IsHalted()
T1240 103:137.272 - 0.510ms returns FALSE
T4FF8 103:240.752 JLINK_IsHalted()
T4FF8 103:241.312 - 0.562ms returns FALSE
T4FF8 103:241.384 JLINK_IsHalted()
T4FF8 103:241.824 - 0.445ms returns FALSE
T1240 103:245.096 JLINK_IsHalted()
T1240 103:245.584 - 0.487ms returns FALSE
T1240 103:245.672 JLINK_IsHalted()
T1240 103:246.128 - 0.454ms returns FALSE
T1240 103:355.408 JLINK_IsHalted()
T1240 103:356.008 - 0.596ms returns FALSE
T1240 103:356.112 JLINK_IsHalted()
T1240 103:356.544 - 0.429ms returns FALSE
T1240 103:464.344 JLINK_IsHalted()
T1240 103:464.984 - 0.636ms returns FALSE
T1240 103:465.080 JLINK_IsHalted()
T1240 103:465.408 - 0.326ms returns FALSE
T1240 103:573.648 JLINK_IsHalted()
T1240 103:574.544 - 0.889ms returns FALSE
T1240 103:574.632 JLINK_IsHalted()
T1240 103:575.056 - 0.427ms returns FALSE
T1240 103:683.168 JLINK_IsHalted()
T1240 103:683.824 - 0.656ms returns FALSE
T1240 103:683.944 JLINK_IsHalted()
T1240 103:684.368 - 0.429ms returns FALSE
T1240 103:792.360 JLINK_IsHalted()
T1240 103:792.976 - 0.610ms returns FALSE
T1240 103:793.088 JLINK_IsHalted()
T1240 103:793.664 - 0.572ms returns FALSE
T1240 103:901.688 JLINK_IsHalted()
T1240 103:902.320 - 0.630ms returns FALSE
T1240 103:902.440 JLINK_IsHalted()
T1240 103:902.832 - 0.394ms returns FALSE
T1240 104:011.376 JLINK_IsHalted()
T1240 104:011.920 - 0.548ms returns FALSE
T1240 104:012.040 JLINK_IsHalted()
T1240 104:012.464 - 0.426ms returns FALSE
T1240 104:120.392 JLINK_IsHalted()
T1240 104:120.944 - 0.558ms returns FALSE
T1240 104:121.056 JLINK_IsHalted()
T1240 104:121.480 - 0.415ms returns FALSE
T1240 104:229.816 JLINK_IsHalted()
T1240 104:230.448 - 0.636ms returns FALSE
T1240 104:230.536 JLINK_IsHalted()
T1240 104:230.944 - 0.411ms returns FALSE
T4FF8 104:242.752 JLINK_IsHalted()
T4FF8 104:243.352 - 0.598ms returns FALSE
T4FF8 104:243.448 JLINK_IsHalted()
T4FF8 104:243.920 - 0.464ms returns FALSE
T1240 104:339.312 JLINK_IsHalted()
T1240 104:339.904 - 0.594ms returns FALSE
T1240 104:340.272 JLINK_IsHalted()
T1240 104:341.064 - 0.788ms returns FALSE
T1240 104:449.080 JLINK_IsHalted()
T1240 104:449.616 - 0.531ms returns FALSE
T1240 104:449.712 JLINK_IsHalted()
T1240 104:450.152 - 0.445ms returns FALSE
T1240 104:558.384 JLINK_IsHalted()
T1240 104:559.032 - 0.649ms returns FALSE
T1240 104:559.120 JLINK_IsHalted()
T1240 104:559.584 - 0.461ms returns FALSE
T1240 104:667.816 JLINK_IsHalted()
T1240 104:668.512 - 0.697ms returns FALSE
T1240 104:668.616 JLINK_IsHalted()
T1240 104:669.064 - 0.446ms returns FALSE
T1240 104:776.560 JLINK_IsHalted()
T1240 104:777.224 - 0.659ms returns FALSE
T1240 104:777.344 JLINK_IsHalted()
T1240 104:777.800 - 0.450ms returns FALSE
T1240 104:885.712 JLINK_IsHalted()
T1240 104:886.432 - 0.724ms returns FALSE
T1240 104:886.544 JLINK_IsHalted()
T1240 104:886.992 - 0.445ms returns FALSE
T1240 104:996.472 JLINK_IsHalted()
T1240 104:997.160 - 0.683ms returns FALSE
T1240 104:997.272 JLINK_IsHalted()
T1240 104:997.720 - 0.445ms returns FALSE
T1240 105:105.168 JLINK_IsHalted()
T1240 105:105.864 - 0.687ms returns FALSE
T1240 105:105.992 JLINK_IsHalted()
T1240 105:106.416 - 0.418ms returns FALSE
T1240 105:214.160 JLINK_IsHalted()
T1240 105:214.744 - 0.584ms returns FALSE
T1240 105:214.928 JLINK_IsHalted()
T1240 105:215.368 - 0.438ms returns FALSE
T4FF8 105:244.640 JLINK_IsHalted()
T4FF8 105:245.232 - 0.592ms returns FALSE
T4FF8 105:245.304 JLINK_IsHalted()
T4FF8 105:245.808 - 0.498ms returns FALSE
T1240 105:323.816 JLINK_IsHalted()
T1240 105:324.424 - 0.611ms returns FALSE
T1240 105:324.552 JLINK_IsHalted()
T1240 105:324.984 - 0.439ms returns FALSE
T1240 105:432.816 JLINK_IsHalted()
T1240 105:433.432 - 0.620ms returns FALSE
T1240 105:433.560 JLINK_IsHalted()
T1240 105:433.984 - 0.418ms returns FALSE
T1240 105:541.952 JLINK_IsHalted()
T1240 105:542.664 - 0.710ms returns FALSE
T1240 105:542.768 JLINK_IsHalted()
T1240 105:543.192 - 0.425ms returns FALSE
T1240 105:651.560 JLINK_IsHalted()
T1240 105:652.176 - 0.620ms returns FALSE
T1240 105:652.272 JLINK_IsHalted()
T1240 105:652.720 - 0.443ms returns FALSE
T1240 105:761.424 JLINK_IsHalted()
T1240 105:761.936 - 0.511ms returns FALSE
T1240 105:762.040 JLINK_IsHalted()
T1240 105:762.448 - 0.400ms returns FALSE
T1240 105:870.208 JLINK_IsHalted()
T1240 105:870.784 - 0.573ms returns FALSE
T1240 105:870.888 JLINK_IsHalted()
T1240 105:871.296 - 0.408ms returns FALSE
T1240 105:980.128 JLINK_IsHalted()
T1240 105:980.680 - 0.548ms returns FALSE
T1240 105:980.792 JLINK_IsHalted()
T1240 105:984.952 - 4.158ms returns FALSE
T1240 106:089.064 JLINK_IsHalted()
T1240 106:089.648 - 0.588ms returns FALSE
T1240 106:089.720 JLINK_IsHalted()
T1240 106:090.096 - 0.378ms returns FALSE
T1240 106:198.536 JLINK_IsHalted()
T1240 106:199.152 - 0.616ms returns FALSE
T1240 106:199.248 JLINK_IsHalted()
T1240 106:199.616 - 0.369ms returns FALSE
T4FF8 106:246.160 JLINK_IsHalted()
T4FF8 106:246.640 - 0.480ms returns FALSE
T4FF8 106:246.752 JLINK_IsHalted()
T4FF8 106:247.168 - 0.413ms returns FALSE
T1240 106:307.544 JLINK_IsHalted()
T1240 106:308.192 - 0.645ms returns FALSE
T1240 106:308.288 JLINK_IsHalted()
T1240 106:308.704 - 0.414ms returns FALSE
T1240 106:417.056 JLINK_IsHalted()
T1240 106:417.680 - 0.625ms returns FALSE
T1240 106:417.808 JLINK_IsHalted()
T1240 106:418.192 - 0.384ms returns FALSE
T1240 106:527.328 JLINK_IsHalted()
T1240 106:528.120 - 0.794ms returns FALSE
T1240 106:528.256 JLINK_IsHalted()
T1240 106:528.704 - 0.449ms returns FALSE
T1240 106:636.496 JLINK_IsHalted()
T1240 106:637.296 - 0.803ms returns FALSE
T1240 106:637.448 JLINK_IsHalted()
T1240 106:637.912 - 0.462ms returns FALSE
T1240 106:745.384 JLINK_IsHalted()
T1240 106:746.000 - 0.619ms returns FALSE
T1240 106:746.120 JLINK_IsHalted()
T1240 106:746.544 - 0.430ms returns FALSE
T1240 106:855.216 JLINK_IsHalted()
T1240 106:855.792 - 0.579ms returns FALSE
T1240 106:855.896 JLINK_IsHalted()
T1240 106:856.288 - 0.387ms returns FALSE
T1240 106:964.464 JLINK_IsHalted()
T1240 106:965.096 - 0.630ms returns FALSE
T1240 106:965.200 JLINK_IsHalted()
T1240 106:965.664 - 0.466ms returns FALSE
T1240 107:073.744 JLINK_IsHalted()
T1240 107:074.520 - 0.775ms returns FALSE
T1240 107:074.672 JLINK_IsHalted()
T1240 107:075.440 - 0.773ms returns FALSE
T1240 107:183.192 JLINK_IsHalted()
T1240 107:183.840 - 0.646ms returns FALSE
T1240 107:183.968 JLINK_IsHalted()
T1240 107:184.416 - 0.446ms returns FALSE
T4FF8 107:247.856 JLINK_IsHalted()
T4FF8 107:248.296 - 0.436ms returns FALSE
T4FF8 107:248.336 JLINK_IsHalted()
T4FF8 107:248.648 - 0.307ms returns FALSE
T1240 107:292.880 JLINK_IsHalted()
T1240 107:294.216 - 1.336ms returns FALSE
T1240 107:294.336 JLINK_IsHalted()
T1240 107:294.736 - 0.396ms returns FALSE
T1240 107:401.776 JLINK_IsHalted()
T1240 107:402.448 - 0.666ms returns FALSE
T1240 107:402.536 JLINK_IsHalted()
T1240 107:402.920 - 0.373ms returns FALSE
T1240 107:511.824 JLINK_IsHalted()
T1240 107:512.360 - 0.539ms returns FALSE
T1240 107:512.448 JLINK_IsHalted()
T1240 107:512.960 - 0.520ms returns FALSE
T1240 107:620.592 JLINK_IsHalted()
T1240 107:621.248 - 0.651ms returns FALSE
T1240 107:621.360 JLINK_IsHalted()
T1240 107:621.760 - 0.395ms returns FALSE
T1240 107:729.488 JLINK_IsHalted()
T1240 107:730.224 - 0.737ms returns FALSE
T1240 107:730.320 JLINK_IsHalted()
T1240 107:730.792 - 0.476ms returns FALSE
T1240 107:838.864 JLINK_IsHalted()
T1240 107:839.568 - 0.698ms returns FALSE
T1240 107:839.664 JLINK_IsHalted()
T1240 107:841.152 - 1.484ms returns FALSE
T1240 107:948.504 JLINK_IsHalted()
T1240 107:949.416 - 0.907ms returns FALSE
T1240 107:949.544 JLINK_IsHalted()
T1240 107:950.096 - 0.551ms returns FALSE
T1240 108:058.496 JLINK_IsHalted()
T1240 108:059.240 - 0.738ms returns FALSE
T1240 108:059.328 JLINK_IsHalted()
T1240 108:059.752 - 0.422ms returns FALSE
T1240 108:167.856 JLINK_IsHalted()
T1240 108:168.472 - 0.613ms returns FALSE
T1240 108:168.592 JLINK_IsHalted()
T1240 108:169.128 - 0.537ms returns FALSE
T4FF8 108:249.000 JLINK_IsHalted()
T4FF8 108:249.856 - 0.860ms returns FALSE
T4FF8 108:249.984 JLINK_IsHalted()
T4FF8 108:250.520 - 0.541ms returns FALSE
T1240 108:276.776 JLINK_IsHalted()
T1240 108:277.424 - 0.648ms returns FALSE
T1240 108:277.544 JLINK_IsHalted()
T1240 108:278.056 - 0.506ms returns FALSE
T1240 108:386.560 JLINK_IsHalted()
T1240 108:387.688 - 1.118ms returns FALSE
T1240 108:387.800 JLINK_IsHalted()
T1240 108:388.208 - 0.407ms returns FALSE
T1240 108:495.376 JLINK_IsHalted()
T1240 108:496.216 - 0.846ms returns FALSE
T1240 108:496.320 JLINK_IsHalted()
T1240 108:496.752 - 0.439ms returns FALSE
T1240 108:605.096 JLINK_IsHalted()
T1240 108:605.736 - 0.635ms returns FALSE
T1240 108:605.824 JLINK_IsHalted()
T1240 108:606.232 - 0.411ms returns FALSE
T1240 108:714.264 JLINK_IsHalted()
T1240 108:714.944 - 0.677ms returns FALSE
T1240 108:715.048 JLINK_IsHalted()
T1240 108:715.600 - 0.548ms returns FALSE
T1240 108:823.488 JLINK_IsHalted()
T1240 108:824.016 - 0.524ms returns FALSE
T1240 108:824.080 JLINK_IsHalted()
T1240 108:824.400 - 0.312ms returns FALSE
T1240 108:933.328 JLINK_IsHalted()
T1240 108:934.064 - 0.745ms returns FALSE
T1240 108:934.184 JLINK_IsHalted()
T1240 108:934.640 - 0.459ms returns FALSE
T1240 109:042.200 JLINK_IsHalted()
T1240 109:042.816 - 0.620ms returns FALSE
T1240 109:042.904 JLINK_IsHalted()
T1240 109:043.328 - 0.423ms returns FALSE
T1240 109:151.504 JLINK_IsHalted()
T1240 109:152.176 - 0.674ms returns FALSE
T1240 109:152.280 JLINK_IsHalted()
T1240 109:152.752 - 0.461ms returns FALSE
T4FF8 109:250.816 JLINK_IsHalted()
T4FF8 109:251.440 - 0.624ms returns FALSE
T4FF8 109:251.544 JLINK_IsHalted()
T4FF8 109:251.984 - 0.427ms returns FALSE
T1240 109:261.080 JLINK_IsHalted()
T1240 109:263.168 - 2.088ms returns FALSE
T1240 109:263.296 JLINK_IsHalted()
T1240 109:263.744 - 0.456ms returns FALSE
T1240 109:370.240 JLINK_IsHalted()
T1240 109:370.832 - 0.581ms returns FALSE
T1240 109:370.928 JLINK_IsHalted()
T1240 109:371.344 - 0.403ms returns FALSE
T1240 109:479.920 JLINK_IsHalted()
T1240 109:480.640 - 0.720ms returns FALSE
T1240 109:480.768 JLINK_IsHalted()
T1240 109:481.200 - 0.437ms returns FALSE
T1240 109:588.840 JLINK_IsHalted()
T1240 109:589.488 - 0.652ms returns FALSE
T1240 109:589.616 JLINK_IsHalted()
T1240 109:590.040 - 0.423ms returns FALSE
T1240 109:698.240 JLINK_IsHalted()
T1240 109:699.152 - 0.914ms returns FALSE
T1240 109:699.248 JLINK_IsHalted()
T1240 109:699.904 - 0.657ms returns FALSE
T1240 109:807.656 JLINK_IsHalted()
T1240 109:808.280 - 0.625ms returns FALSE
T1240 109:808.400 JLINK_IsHalted()
T1240 109:809.168 - 0.768ms returns FALSE
T1240 109:917.632 JLINK_IsHalted()
T1240 109:918.384 - 0.752ms returns FALSE
T1240 109:918.544 JLINK_IsHalted()
T1240 109:919.144 - 0.599ms returns FALSE
T1240 110:026.392 JLINK_IsHalted()
T1240 110:029.504 - 3.107ms returns FALSE
T1240 110:029.648 JLINK_IsHalted()
T1240 110:030.232 - 0.592ms returns FALSE
T1240 110:135.720 JLINK_IsHalted()
T1240 110:136.320 - 0.604ms returns FALSE
T1240 110:136.432 JLINK_IsHalted()
T1240 110:136.912 - 0.478ms returns FALSE
T1240 110:245.936 JLINK_IsHalted()
T1240 110:246.568 - 0.633ms returns FALSE
T1240 110:246.696 JLINK_IsHalted()
T1240 110:247.128 - 0.435ms returns FALSE
T4FF8 110:252.144 JLINK_IsHalted()
T4FF8 110:252.696 - 0.548ms returns FALSE
T4FF8 110:252.776 JLINK_IsHalted()
T4FF8 110:253.184 - 0.409ms returns FALSE
T1240 110:354.768 JLINK_IsHalted()
T1240 110:355.392 - 0.620ms returns FALSE
T1240 110:355.480 JLINK_IsHalted()
T1240 110:355.880 - 0.395ms returns FALSE
T1240 110:464.792 JLINK_IsHalted()
T1240 110:465.424 - 0.628ms returns FALSE
T1240 110:465.512 JLINK_IsHalted()
T1240 110:466.048 - 0.536ms returns FALSE
T1240 110:573.480 JLINK_IsHalted()
T1240 110:574.160 - 0.682ms returns FALSE
T1240 110:574.232 JLINK_IsHalted()
T1240 110:574.576 - 0.341ms returns FALSE
T1240 110:682.880 JLINK_IsHalted()
T1240 110:683.432 - 0.540ms returns FALSE
T1240 110:683.536 JLINK_IsHalted()
T1240 110:683.968 - 0.432ms returns FALSE
T1240 110:792.592 JLINK_IsHalted()
T1240 110:793.176 - 0.585ms returns FALSE
T1240 110:793.216 JLINK_IsHalted()
T1240 110:793.728 - 0.519ms returns FALSE
T1240 110:902.096 JLINK_IsHalted()
T1240 110:902.704 - 0.606ms returns FALSE
T1240 110:902.824 JLINK_IsHalted()
T1240 110:903.312 - 0.489ms returns FALSE
T1240 111:011.504 JLINK_IsHalted()
T1240 111:012.712 - 1.199ms returns FALSE
T1240 111:012.784 JLINK_IsHalted()
T1240 111:013.208 - 0.423ms returns FALSE
T1240 111:120.944 JLINK_IsHalted()
T1240 111:121.600 - 0.649ms returns FALSE
T1240 111:121.712 JLINK_IsHalted()
T1240 111:122.112 - 0.401ms returns FALSE
T1240 111:229.736 JLINK_IsHalted()
T1240 111:230.312 - 0.577ms returns FALSE
T1240 111:230.376 JLINK_IsHalted()
T1240 111:230.736 - 0.354ms returns FALSE
T4FF8 111:253.736 JLINK_IsHalted()
T4FF8 111:259.984 - 6.245ms returns FALSE
T4FF8 111:260.048 JLINK_IsHalted()
T4FF8 111:260.336 - 0.290ms returns FALSE
T1240 111:338.864 JLINK_IsHalted()
T1240 111:339.392 - 0.521ms returns FALSE
T1240 111:339.456 JLINK_IsHalted()
T1240 111:339.920 - 0.461ms returns FALSE
T1240 111:448.752 JLINK_IsHalted()
T1240 111:449.360 - 0.591ms returns FALSE
T1240 111:449.456 JLINK_IsHalted()
T1240 111:449.936 - 0.473ms returns FALSE
T1240 111:558.256 JLINK_IsHalted()
T1240 111:558.808 - 0.554ms returns FALSE
T1240 111:558.864 JLINK_IsHalted()
T1240 111:559.216 - 0.356ms returns FALSE
T1240 111:667.248 JLINK_IsHalted()
T1240 111:667.952 - 0.701ms returns FALSE
T1240 111:667.992 JLINK_IsHalted()
T1240 111:668.456 - 0.464ms returns FALSE
T1240 111:776.704 JLINK_IsHalted()
T1240 111:777.344 - 0.638ms returns FALSE
T1240 111:777.408 JLINK_IsHalted()
T1240 111:777.872 - 0.453ms returns FALSE
T1240 111:886.144 JLINK_IsHalted()
T1240 111:886.744 - 0.599ms returns FALSE
T1240 111:886.832 JLINK_IsHalted()
T1240 111:887.784 - 0.939ms returns FALSE
T1240 111:996.008 JLINK_IsHalted()
T1240 111:996.632 - 0.625ms returns FALSE
T1240 111:996.712 JLINK_IsHalted()
T1240 111:997.424 - 0.717ms returns FALSE
T1240 112:105.360 JLINK_IsHalted()
T1240 112:106.024 - 0.665ms returns FALSE
T1240 112:106.064 JLINK_IsHalted()
T1240 112:106.432 - 0.376ms returns FALSE
T1240 112:214.808 JLINK_IsHalted()
T1240 112:215.320 - 0.513ms returns FALSE
T1240 112:215.384 JLINK_IsHalted()
T1240 112:215.832 - 0.438ms returns FALSE
T4FF8 112:260.568 JLINK_IsHalted()
T4FF8 112:261.168 - 0.605ms returns FALSE
T4FF8 112:261.208 JLINK_IsHalted()
T4FF8 112:262.744 - 1.526ms returns FALSE
T1240 112:323.248 JLINK_IsHalted()
T1240 112:323.856 - 0.608ms returns FALSE
T1240 112:323.952 JLINK_IsHalted()
T1240 112:324.328 - 0.375ms returns FALSE
T1240 112:433.072 JLINK_IsHalted()
T1240 112:433.664 - 0.579ms returns FALSE
T1240 112:433.704 JLINK_IsHalted()
T1240 112:434.224 - 0.529ms returns FALSE
T1240 112:543.088 JLINK_IsHalted()
T1240 112:543.704 - 0.612ms returns FALSE
T1240 112:543.784 JLINK_IsHalted()
T1240 112:544.256 - 0.479ms returns FALSE
T1240 112:652.008 JLINK_IsHalted()
T1240 112:652.656 - 0.648ms returns FALSE
T1240 112:652.752 JLINK_IsHalted()
T1240 112:653.136 - 0.381ms returns FALSE
T1240 112:761.472 JLINK_IsHalted()
T1240 112:762.048 - 0.580ms returns FALSE
T1240 112:762.240 JLINK_IsHalted()
T1240 112:762.896 - 0.646ms returns FALSE
T1240 112:870.192 JLINK_IsHalted()
T1240 112:870.824 - 0.628ms returns FALSE
T1240 112:870.896 JLINK_IsHalted()
T1240 112:871.400 - 0.488ms returns FALSE
T1240 112:979.624 JLINK_IsHalted()
T1240 112:980.264 - 0.633ms returns FALSE
T1240 112:980.376 JLINK_IsHalted()
T1240 112:981.104 - 0.730ms returns FALSE
T1240 113:089.680 JLINK_IsHalted()
T1240 113:090.392 - 0.716ms returns FALSE
T1240 113:090.432 JLINK_IsHalted()
T1240 113:090.792 - 0.353ms returns FALSE
T1240 113:198.320 JLINK_IsHalted()
T1240 113:198.928 - 0.600ms returns FALSE
T1240 113:198.976 JLINK_IsHalted()
T1240 113:199.376 - 0.398ms returns FALSE
T4FF8 113:263.568 JLINK_IsHalted()
T4FF8 113:266.880 - 3.322ms returns FALSE
T4FF8 113:266.944 JLINK_IsHalted()
T4FF8 113:267.944 - 0.998ms returns FALSE
T1240 113:308.496 JLINK_IsHalted()
T1240 113:309.736 - 1.241ms returns FALSE
T1240 113:309.864 JLINK_IsHalted()
T1240 113:312.000 - 2.126ms returns FALSE
T1240 113:417.968 JLINK_IsHalted()
T1240 113:418.920 - 0.957ms returns FALSE
T1240 113:418.992 JLINK_IsHalted()
T1240 113:419.456 - 0.461ms returns FALSE
T1240 113:526.872 JLINK_IsHalted()
T1240 113:527.320 - 0.452ms returns FALSE
T1240 113:527.360 JLINK_IsHalted()
T1240 113:527.632 - 0.268ms returns FALSE
T1240 113:636.240 JLINK_IsHalted()
T1240 113:636.720 - 0.482ms returns FALSE
T1240 113:636.760 JLINK_IsHalted()
T1240 113:637.072 - 0.314ms returns FALSE
T1240 113:745.200 JLINK_IsHalted()
T1240 113:745.768 - 0.564ms returns FALSE
T1240 113:745.832 JLINK_IsHalted()
T1240 113:746.520 - 0.696ms returns FALSE
T1240 113:855.192 JLINK_IsHalted()
T1240 113:856.088 - 0.897ms returns FALSE
T1240 113:856.176 JLINK_IsHalted()
T1240 113:856.512 - 0.331ms returns FALSE
T1240 113:964.240 JLINK_IsHalted()
T1240 113:965.008 - 0.771ms returns FALSE
T1240 113:965.072 JLINK_IsHalted()
T1240 113:965.416 - 0.352ms returns FALSE
T1240 114:073.408 JLINK_IsHalted()
T1240 114:075.536 - 2.126ms returns FALSE
T1240 114:075.624 JLINK_IsHalted()
T1240 114:076.120 - 0.493ms returns FALSE
T1240 114:182.872 JLINK_IsHalted()
T1240 114:183.344 - 0.473ms returns FALSE
T1240 114:183.400 JLINK_IsHalted()
T1240 114:183.784 - 0.391ms returns FALSE
T4FF8 114:284.624 JLINK_IsHalted()
T4FF8 114:285.168 - 0.549ms returns FALSE
T4FF8 114:285.248 JLINK_IsHalted()
T4FF8 114:285.568 - 0.323ms returns FALSE
T1240 114:292.656 JLINK_IsHalted()
T1240 114:293.400 - 0.736ms returns FALSE
T1240 114:293.488 JLINK_IsHalted()
T1240 114:293.928 - 0.433ms returns FALSE
T1240 114:401.472 JLINK_IsHalted()
T1240 114:402.064 - 0.586ms returns FALSE
T1240 114:402.136 JLINK_IsHalted()
T1240 114:402.480 - 0.353ms returns FALSE
T1240 114:510.744 JLINK_IsHalted()
T1240 114:511.208 - 0.469ms returns FALSE
T1240 114:511.272 JLINK_IsHalted()
T1240 114:511.600 - 0.332ms returns FALSE
T1240 114:620.496 JLINK_IsHalted()
T1240 114:620.928 - 0.442ms returns FALSE
T1240 114:620.952 JLINK_IsHalted()
T1240 114:621.352 - 0.392ms returns FALSE
T1240 114:730.608 JLINK_IsHalted()
T1240 114:731.304 - 0.688ms returns FALSE
T1240 114:731.352 JLINK_IsHalted()
T1240 114:731.904 - 0.547ms returns FALSE
T1240 114:839.344 JLINK_IsHalted()
T1240 114:839.848 - 0.500ms returns FALSE
T1240 114:839.888 JLINK_IsHalted()
T1240 114:840.384 - 0.509ms returns FALSE
T1240 114:949.096 JLINK_IsHalted()
T1240 114:949.912 - 0.818ms returns FALSE
T1240 114:949.976 JLINK_IsHalted()
T1240 114:950.544 - 0.562ms returns FALSE
T1240 115:058.560 JLINK_IsHalted()
T1240 115:059.024 - 0.465ms returns FALSE
T1240 115:059.056 JLINK_IsHalted()
T1240 115:059.376 - 0.329ms returns FALSE
T1240 115:167.360 JLINK_IsHalted()
T1240 115:167.960 - 0.591ms returns FALSE
T1240 115:168.024 JLINK_IsHalted()
T1240 115:168.344 - 0.321ms returns FALSE
T1240 115:277.272 JLINK_IsHalted()
T1240 115:277.824 - 0.549ms returns FALSE
T1240 115:277.912 JLINK_IsHalted()
T1240 115:278.224 - 0.295ms returns FALSE
T4FF8 115:286.912 JLINK_IsHalted()
T4FF8 115:287.344 - 0.433ms returns FALSE
T4FF8 115:287.408 JLINK_IsHalted()
T4FF8 115:287.808 - 0.386ms returns FALSE
T1240 115:385.984 JLINK_IsHalted()
T1240 115:386.480 - 0.500ms returns FALSE
T1240 115:386.560 JLINK_IsHalted()
T1240 115:386.968 - 0.403ms returns FALSE
T1240 115:495.232 JLINK_IsHalted()
T1240 115:495.912 - 0.673ms returns FALSE
T1240 115:496.000 JLINK_IsHalted()
T1240 115:496.432 - 0.441ms returns FALSE
T1240 115:604.776 JLINK_IsHalted()
T1240 115:605.288 - 0.518ms returns FALSE
T1240 115:605.360 JLINK_IsHalted()
T1240 115:605.760 - 0.404ms returns FALSE
T1240 115:714.064 JLINK_IsHalted()
T1240 115:714.544 - 0.488ms returns FALSE
T1240 115:714.584 JLINK_IsHalted()
T1240 115:714.960 - 0.369ms returns FALSE
T1240 115:823.984 JLINK_IsHalted()
T1240 115:824.592 - 0.595ms returns FALSE
T1240 115:824.640 JLINK_IsHalted()
T1240 115:825.064 - 0.434ms returns FALSE
T1240 115:933.264 JLINK_IsHalted()
T1240 115:933.744 - 0.480ms returns FALSE
T1240 115:933.840 JLINK_IsHalted()
T1240 115:934.272 - 0.435ms returns FALSE
T1240 116:042.136 JLINK_IsHalted()
T1240 116:042.736 - 0.612ms returns FALSE
T1240 116:042.776 JLINK_IsHalted()
T1240 116:043.160 - 0.379ms returns FALSE
T1240 116:152.088 JLINK_IsHalted()
T1240 116:152.656 - 0.559ms returns FALSE
T1240 116:152.704 JLINK_IsHalted()
T1240 116:153.128 - 0.416ms returns FALSE
T1240 116:261.104 JLINK_IsHalted()
T1240 116:263.440 - 2.320ms returns FALSE
T1240 116:263.504 JLINK_IsHalted()
T1240 116:263.848 - 0.342ms returns FALSE
T4FF8 116:288.656 JLINK_IsHalted()
T4FF8 116:289.112 - 0.460ms returns FALSE
T4FF8 116:289.136 JLINK_IsHalted()
T4FF8 116:289.432 - 0.290ms returns FALSE
T1240 116:370.864 JLINK_IsHalted()
T1240 116:371.736 - 0.873ms returns FALSE
T1240 116:371.840 JLINK_IsHalted()
T1240 116:372.240 - 0.396ms returns FALSE
T1240 116:480.280 JLINK_IsHalted()
T1240 116:481.024 - 0.742ms returns FALSE
T1240 116:481.104 JLINK_IsHalted()
T1240 116:481.520 - 0.416ms returns FALSE
T1240 116:589.160 JLINK_IsHalted()
T1240 116:589.864 - 0.708ms returns FALSE
T1240 116:589.976 JLINK_IsHalted()
T1240 116:590.448 - 0.468ms returns FALSE
T1240 116:699.216 JLINK_IsHalted()
T1240 116:699.776 - 0.561ms returns FALSE
T1240 116:706.072 JLINK_IsHalted()
T1240 116:706.768 - 0.686ms returns FALSE
T1240 116:808.432 JLINK_IsHalted()
T1240 116:808.984 - 0.547ms returns FALSE
T1240 116:809.040 JLINK_IsHalted()
T1240 116:809.536 - 0.494ms returns FALSE
T1240 116:918.064 JLINK_IsHalted()
T1240 116:918.656 - 0.596ms returns FALSE
T1240 116:918.704 JLINK_IsHalted()
T1240 116:919.272 - 0.566ms returns FALSE
T1240 117:026.408 JLINK_IsHalted()
T1240 117:027.136 - 0.718ms returns FALSE
T1240 117:027.184 JLINK_IsHalted()
T1240 117:027.632 - 0.436ms returns FALSE
T1240 117:136.368 JLINK_IsHalted()
T1240 117:136.872 - 0.500ms returns FALSE
T1240 117:136.936 JLINK_IsHalted()
T1240 117:137.240 - 0.313ms returns FALSE
T1240 117:245.248 JLINK_IsHalted()
T1240 117:246.096 - 0.843ms returns FALSE
T1240 117:246.184 JLINK_IsHalted()
T1240 117:248.552 - 2.373ms returns FALSE
T4FF8 117:291.136 JLINK_IsHalted()
T4FF8 117:293.248 - 2.110ms returns FALSE
T4FF8 117:293.392 JLINK_IsHalted()
T4FF8 117:294.248 - 0.854ms returns FALSE
T1240 117:355.048 JLINK_IsHalted()
T1240 117:355.888 - 0.850ms returns FALSE
T1240 117:355.968 JLINK_IsHalted()
T1240 117:356.584 - 0.609ms returns FALSE
T1240 117:464.024 JLINK_IsHalted()
T1240 117:464.560 - 0.544ms returns FALSE
T1240 117:464.640 JLINK_IsHalted()
T1240 117:465.048 - 0.399ms returns FALSE
T1240 117:573.552 JLINK_IsHalted()
T1240 117:574.120 - 0.559ms returns FALSE
T1240 117:574.192 JLINK_IsHalted()
T1240 117:574.568 - 0.370ms returns FALSE
T1240 117:683.072 JLINK_IsHalted()
T1240 117:685.424 - 2.346ms returns FALSE
T1240 117:685.528 JLINK_IsHalted()
T1240 117:686.096 - 0.570ms returns FALSE
T1240 117:792.336 JLINK_IsHalted()
T1240 117:792.976 - 0.633ms returns FALSE
T1240 117:793.024 JLINK_IsHalted()
T1240 117:793.392 - 0.363ms returns FALSE
T1240 117:902.120 JLINK_IsHalted()
T1240 117:902.960 - 0.842ms returns FALSE
T1240 117:902.992 JLINK_IsHalted()
T1240 117:903.272 - 0.286ms returns FALSE
T1240 118:011.096 JLINK_IsHalted()
T1240 118:011.520 - 0.425ms returns FALSE
T1240 118:011.544 JLINK_IsHalted()
T1240 118:011.856 - 0.304ms returns FALSE
T1240 118:121.024 JLINK_IsHalted()
T1240 118:123.344 - 2.315ms returns FALSE
T1240 118:123.432 JLINK_IsHalted()
T1240 118:123.952 - 0.522ms returns FALSE
T1240 118:230.336 JLINK_IsHalted()
T1240 118:230.952 - 0.612ms returns FALSE
T1240 118:231.184 JLINK_IsHalted()
T1240 118:231.784 - 0.599ms returns FALSE
T4FF8 118:295.088 JLINK_IsHalted()
T4FF8 118:295.592 - 0.492ms returns FALSE
T4FF8 118:295.640 JLINK_IsHalted()
T4FF8 118:296.152 - 0.509ms returns FALSE
T1240 118:339.152 JLINK_IsHalted()
T1240 118:339.568 - 0.413ms returns FALSE
T1240 118:339.624 JLINK_IsHalted()
T1240 118:339.888 - 0.272ms returns FALSE
T1240 118:449.176 JLINK_IsHalted()
T1240 118:449.904 - 0.726ms returns FALSE
T1240 118:449.960 JLINK_IsHalted()
T1240 118:450.368 - 0.397ms returns FALSE
T1240 118:558.384 JLINK_IsHalted()
T1240 118:559.040 - 0.659ms returns FALSE
T1240 118:559.104 JLINK_IsHalted()
T1240 118:559.600 - 0.492ms returns FALSE
T1240 118:667.736 JLINK_IsHalted()
T1240 118:668.336 - 0.604ms returns FALSE
T1240 118:668.392 JLINK_IsHalted()
T1240 118:668.816 - 0.418ms returns FALSE
T1240 118:777.192 JLINK_IsHalted()
T1240 118:777.944 - 0.749ms returns FALSE
T1240 118:778.008 JLINK_IsHalted()
T1240 118:778.352 - 0.345ms returns FALSE
T1240 118:886.032 JLINK_IsHalted()
T1240 118:886.720 - 0.698ms returns FALSE
T1240 118:886.800 JLINK_IsHalted()
T1240 118:887.296 - 0.495ms returns FALSE
T1240 118:995.496 JLINK_IsHalted()
T1240 118:996.176 - 0.684ms returns FALSE
T1240 118:996.248 JLINK_IsHalted()
T1240 118:996.800 - 0.553ms returns FALSE
T1240 119:104.744 JLINK_IsHalted()
T1240 119:105.496 - 0.759ms returns FALSE
T1240 119:105.560 JLINK_IsHalted()
T1240 119:105.880 - 0.326ms returns FALSE
T1240 119:214.416 JLINK_IsHalted()
T1240 119:215.056 - 0.640ms returns FALSE
T1240 119:215.312 JLINK_IsHalted()
T1240 119:215.984 - 0.670ms returns FALSE
T4FF8 119:296.768 JLINK_IsHalted()
T4FF8 119:297.256 - 0.483ms returns FALSE
T4FF8 119:297.320 JLINK_IsHalted()
T4FF8 119:297.752 - 0.430ms returns FALSE
T1240 119:323.776 JLINK_IsHalted()
T1240 119:324.464 - 0.684ms returns FALSE
T1240 119:324.504 JLINK_IsHalted()
T1240 119:324.848 - 0.346ms returns FALSE
T1240 119:432.816 JLINK_IsHalted()
T1240 119:433.328 - 0.515ms returns FALSE
T1240 119:433.368 JLINK_IsHalted()
T1240 119:433.688 - 0.314ms returns FALSE
T1240 119:542.672 JLINK_IsHalted()
T1240 119:543.320 - 0.663ms returns FALSE
T1240 119:543.376 JLINK_IsHalted()
T1240 119:543.696 - 0.323ms returns FALSE
T1240 119:651.856 JLINK_IsHalted()
T1240 119:652.784 - 0.926ms returns FALSE
T1240 119:652.824 JLINK_IsHalted()
T1240 119:653.144 - 0.317ms returns FALSE
T1240 119:761.688 JLINK_IsHalted()
T1240 119:762.192 - 0.505ms returns FALSE
T1240 119:762.256 JLINK_IsHalted()
T1240 119:762.608 - 0.363ms returns FALSE
T1240 119:870.104 JLINK_IsHalted()
T1240 119:870.656 - 0.557ms returns FALSE
T1240 119:870.704 JLINK_IsHalted()
T1240 119:871.080 - 0.366ms returns FALSE
T1240 119:980.368 JLINK_IsHalted()
T1240 119:980.904 - 0.543ms returns FALSE
T1240 119:980.952 JLINK_IsHalted()
T1240 119:981.232 - 0.285ms returns FALSE
T1240 120:089.472 JLINK_IsHalted()
T1240 120:089.944 - 0.474ms returns FALSE
T1240 120:089.984 JLINK_IsHalted()
T1240 120:090.264 - 0.286ms returns FALSE
T1240 120:198.336 JLINK_IsHalted()
T1240 120:199.088 - 0.761ms returns FALSE
T1240 120:199.232 JLINK_IsHalted()
T1240 120:199.696 - 0.456ms returns FALSE
T4FF8 120:299.328 JLINK_IsHalted()
T4FF8 120:299.856 - 0.523ms returns FALSE
T4FF8 120:299.888 JLINK_IsHalted()
T4FF8 120:300.272 - 0.383ms returns FALSE
T1240 120:308.432 JLINK_IsHalted()
T1240 120:308.952 - 0.519ms returns FALSE
T1240 120:309.016 JLINK_IsHalted()
T1240 120:309.392 - 0.375ms returns FALSE
T1240 120:417.200 JLINK_IsHalted()
T1240 120:417.744 - 0.534ms returns FALSE
T1240 120:417.816 JLINK_IsHalted()
T1240 120:418.408 - 0.572ms returns FALSE
T1240 120:526.800 JLINK_IsHalted()
T1240 120:527.248 - 0.457ms returns FALSE
T1240 120:527.312 JLINK_IsHalted()
T1240 120:527.720 - 0.412ms returns FALSE
T1240 120:636.632 JLINK_IsHalted()
T1240 120:637.160 - 0.520ms returns FALSE
T1240 120:637.200 JLINK_IsHalted()
T1240 120:637.824 - 0.626ms returns FALSE
T1240 120:745.768 JLINK_IsHalted()
T1240 120:746.384 - 0.613ms returns FALSE
T1240 120:746.472 JLINK_IsHalted()
T1240 120:746.944 - 0.466ms returns FALSE
T1240 120:855.168 JLINK_IsHalted()
T1240 120:855.824 - 0.661ms returns FALSE
T1240 120:855.912 JLINK_IsHalted()
T1240 120:856.296 - 0.387ms returns FALSE
T1240 120:964.200 JLINK_IsHalted()
T1240 120:964.864 - 0.667ms returns FALSE
T1240 120:964.928 JLINK_IsHalted()
T1240 120:965.312 - 0.385ms returns FALSE
T1240 121:073.840 JLINK_IsHalted()
T1240 121:074.480 - 0.641ms returns FALSE
T1240 121:074.536 JLINK_IsHalted()
T1240 121:075.152 - 0.618ms returns FALSE
T1240 121:182.928 JLINK_IsHalted()
T1240 121:183.400 - 0.482ms returns FALSE
T1240 121:183.472 JLINK_IsHalted()
T1240 121:183.856 - 0.374ms returns FALSE
T1240 121:292.240 JLINK_IsHalted()
T1240 121:292.776 - 0.538ms returns FALSE
T1240 121:292.880 JLINK_IsHalted()
T1240 121:293.288 - 0.400ms returns FALSE
T4FF8 121:300.992 JLINK_IsHalted()
T4FF8 121:301.416 - 0.416ms returns FALSE
T4FF8 121:301.440 JLINK_IsHalted()
T4FF8 121:301.824 - 0.395ms returns FALSE
T1240 121:402.304 JLINK_IsHalted()
T1240 121:402.920 - 0.615ms returns FALSE
T1240 121:402.960 JLINK_IsHalted()
T1240 121:403.376 - 0.413ms returns FALSE
T1240 121:511.760 JLINK_IsHalted()
T1240 121:512.304 - 0.542ms returns FALSE
T1240 121:512.336 JLINK_IsHalted()
T1240 121:512.680 - 0.349ms returns FALSE
T1240 121:620.480 JLINK_IsHalted()
T1240 121:620.976 - 0.504ms returns FALSE
T1240 121:621.032 JLINK_IsHalted()
T1240 121:621.976 - 0.938ms returns FALSE
T1240 121:729.872 JLINK_IsHalted()
T1240 121:730.432 - 0.566ms returns FALSE
T1240 121:730.496 JLINK_IsHalted()
T1240 121:731.056 - 0.555ms returns FALSE
T1240 121:839.312 JLINK_IsHalted()
T1240 121:840.144 - 0.837ms returns FALSE
T1240 121:840.216 JLINK_IsHalted()
T1240 121:840.720 - 0.493ms returns FALSE
T1240 121:949.488 JLINK_IsHalted()
T1240 121:950.032 - 0.533ms returns FALSE
T1240 121:950.080 JLINK_IsHalted()
T1240 121:950.376 - 0.296ms returns FALSE
T1240 122:057.896 JLINK_IsHalted()
T1240 122:058.640 - 0.747ms returns FALSE
T1240 122:058.752 JLINK_IsHalted()
T1240 122:059.280 - 0.529ms returns FALSE
T1240 122:167.408 JLINK_IsHalted()
T1240 122:168.832 - 1.414ms returns FALSE
T1240 122:168.880 JLINK_IsHalted()
T1240 122:169.328 - 0.450ms returns FALSE
T1240 122:277.488 JLINK_IsHalted()
T1240 122:277.952 - 0.468ms returns FALSE
T1240 122:277.976 JLINK_IsHalted()
T1240 122:278.704 - 0.727ms returns FALSE
T4FF8 122:302.192 JLINK_IsHalted()
T4FF8 122:302.640 - 0.436ms returns FALSE
T4FF8 122:302.736 JLINK_IsHalted()
T4FF8 122:303.128 - 0.397ms returns FALSE
T1240 122:386.672 JLINK_IsHalted()
T1240 122:387.224 - 0.553ms returns FALSE
T1240 122:387.288 JLINK_IsHalted()
T1240 122:387.688 - 0.384ms returns FALSE
T1240 122:495.104 JLINK_IsHalted()
T1240 122:495.632 - 0.524ms returns FALSE
T1240 122:495.656 JLINK_IsHalted()
T1240 122:496.144 - 0.490ms returns FALSE
T1240 122:605.208 JLINK_IsHalted()
T1240 122:608.232 - 3.022ms returns FALSE
T1240 122:608.384 JLINK_IsHalted()
T1240 122:608.856 - 0.476ms returns FALSE
T1240 122:714.192 JLINK_IsHalted()
T1240 122:714.640 - 0.446ms returns FALSE
T1240 122:714.736 JLINK_IsHalted()
T1240 122:715.152 - 0.407ms returns FALSE
T1240 122:823.256 JLINK_IsHalted()
T1240 122:823.856 - 0.604ms returns FALSE
T1240 122:823.896 JLINK_IsHalted()
T1240 122:824.216 - 0.308ms returns FALSE
T1240 122:933.144 JLINK_IsHalted()
T1240 122:933.736 - 0.587ms returns FALSE
T1240 122:933.808 JLINK_IsHalted()
T1240 122:934.248 - 0.433ms returns FALSE
T1240 123:042.432 JLINK_IsHalted()
T1240 123:043.088 - 0.650ms returns FALSE
T1240 123:043.112 JLINK_IsHalted()
T1240 123:043.472 - 0.360ms returns FALSE
T1240 123:151.592 JLINK_IsHalted()
T1240 123:152.152 - 0.570ms returns FALSE
T1240 123:152.176 JLINK_IsHalted()
T1240 123:152.616 - 0.431ms returns FALSE
T1240 123:260.800 JLINK_IsHalted()
T1240 123:261.184 - 0.393ms returns FALSE
T1240 123:261.232 JLINK_IsHalted()
T1240 123:261.784 - 0.547ms returns FALSE
T4FF8 123:304.552 JLINK_IsHalted()
T4FF8 123:305.176 - 0.613ms returns FALSE
T4FF8 123:305.280 JLINK_IsHalted()
T4FF8 123:305.704 - 0.421ms returns FALSE
T1240 123:370.088 JLINK_IsHalted()
T1240 123:371.264 - 1.176ms returns FALSE
T1240 123:371.368 JLINK_IsHalted()
T1240 123:371.840 - 0.463ms returns FALSE
T1240 123:480.176 JLINK_IsHalted()
T1240 123:481.880 - 1.701ms returns FALSE
T1240 123:481.944 JLINK_IsHalted()
T1240 123:482.328 - 0.382ms returns FALSE
T1240 123:589.648 JLINK_IsHalted()
T1240 123:590.440 - 0.790ms returns FALSE
T1240 123:590.504 JLINK_IsHalted()
T1240 123:590.992 - 0.477ms returns FALSE
T1240 123:698.536 JLINK_IsHalted()
T1240 123:699.024 - 0.491ms returns FALSE
T1240 123:699.112 JLINK_IsHalted()
T1240 123:699.560 - 0.444ms returns FALSE
T1240 123:807.896 JLINK_IsHalted()
T1240 123:808.408 - 0.516ms returns FALSE
T1240 123:808.448 JLINK_IsHalted()
T1240 123:810.944 - 2.499ms returns FALSE
T1240 123:917.232 JLINK_IsHalted()
T1240 123:917.976 - 0.733ms returns FALSE
T1240 123:918.104 JLINK_IsHalted()
T1240 123:918.720 - 0.609ms returns FALSE
T1240 124:026.800 JLINK_IsHalted()
T1240 124:027.280 - 0.464ms returns FALSE
T1240 124:027.304 JLINK_IsHalted()
T1240 124:027.568 - 0.268ms returns FALSE
T1240 124:136.408 JLINK_IsHalted()
T1240 124:136.832 - 0.418ms returns FALSE
T1240 124:136.872 JLINK_IsHalted()
T1240 124:137.368 - 0.505ms returns FALSE
T1240 124:245.184 JLINK_IsHalted()
T1240 124:245.872 - 0.682ms returns FALSE
T1240 124:245.912 JLINK_IsHalted()
T1240 124:246.352 - 0.436ms returns FALSE
T4FF8 124:306.128 JLINK_IsHalted()
T4FF8 124:306.664 - 0.539ms returns FALSE
T4FF8 124:306.688 JLINK_IsHalted()
T4FF8 124:307.072 - 0.372ms returns FALSE
T1240 124:354.512 JLINK_IsHalted()
T1240 124:355.024 - 0.522ms returns FALSE
T1240 124:355.096 JLINK_IsHalted()
T1240 124:355.664 - 0.558ms returns FALSE
T1240 124:464.576 JLINK_IsHalted()
T1240 124:465.152 - 0.566ms returns FALSE
T1240 124:465.192 JLINK_IsHalted()
T1240 124:466.216 - 1.024ms returns FALSE
T1240 124:573.736 JLINK_IsHalted()
T1240 124:574.296 - 0.568ms returns FALSE
T1240 124:574.336 JLINK_IsHalted()
T1240 124:574.736 - 0.395ms returns FALSE
T1240 124:682.688 JLINK_IsHalted()
T1240 124:683.312 - 0.617ms returns FALSE
T1240 124:683.344 JLINK_IsHalted()
T1240 124:683.856 - 0.509ms returns FALSE
T1240 124:792.496 JLINK_IsHalted()
T1240 124:793.128 - 0.617ms returns FALSE
T1240 124:793.192 JLINK_IsHalted()
T1240 124:793.776 - 0.593ms returns FALSE
T1240 124:901.912 JLINK_IsHalted()
T1240 124:902.400 - 0.485ms returns FALSE
T1240 124:902.424 JLINK_IsHalted()
T1240 124:902.960 - 0.525ms returns FALSE
T1240 125:011.008 JLINK_IsHalted()
T1240 125:011.648 - 0.635ms returns FALSE
T1240 125:011.712 JLINK_IsHalted()
T1240 125:012.224 - 0.515ms returns FALSE
T1240 125:120.320 JLINK_IsHalted()
T1240 125:121.008 - 0.690ms returns FALSE
T1240 125:121.064 JLINK_IsHalted()
T1240 125:121.712 - 0.657ms returns FALSE
T1240 125:229.784 JLINK_IsHalted()
T1240 125:230.488 - 0.709ms returns FALSE
T1240 125:230.552 JLINK_IsHalted()
T1240 125:231.088 - 0.527ms returns FALSE
T4FF8 125:306.328 JLINK_IsHalted()
T4FF8 125:306.960 - 0.635ms returns FALSE
T4FF8 125:307.008 JLINK_IsHalted()
T4FF8 125:307.456 - 0.447ms returns FALSE
T1240 125:339.376 JLINK_IsHalted()
T1240 125:341.504 - 2.119ms returns FALSE
T1240 125:341.616 JLINK_IsHalted()
T1240 125:342.032 - 0.412ms returns FALSE
T1240 125:448.624 JLINK_IsHalted()
T1240 125:450.256 - 1.627ms returns FALSE
T1240 125:450.328 JLINK_IsHalted()
T1240 125:450.664 - 0.326ms returns FALSE
T1240 125:558.400 JLINK_IsHalted()
T1240 125:559.616 - 1.208ms returns FALSE
T1240 125:559.744 JLINK_IsHalted()
T1240 125:560.256 - 0.508ms returns FALSE
T1240 125:667.352 JLINK_IsHalted()
T1240 125:669.480 - 2.117ms returns FALSE
T1240 125:669.568 JLINK_IsHalted()
T1240 125:669.968 - 0.400ms returns FALSE
T1240 125:777.200 JLINK_IsHalted()
T1240 125:777.936 - 0.727ms returns FALSE
T1240 125:778.008 JLINK_IsHalted()
T1240 125:778.448 - 0.434ms returns FALSE
T1240 125:886.248 JLINK_IsHalted()
T1240 125:886.928 - 0.670ms returns FALSE
T1240 125:887.064 JLINK_IsHalted()
T1240 125:887.440 - 0.376ms returns FALSE
T1240 125:995.280 JLINK_IsHalted()
T1240 125:995.904 - 0.622ms returns FALSE
T1240 125:995.968 JLINK_IsHalted()
T1240 125:996.432 - 0.460ms returns FALSE
T1240 126:105.216 JLINK_IsHalted()
T1240 126:105.840 - 0.625ms returns FALSE
T1240 126:105.904 JLINK_IsHalted()
T1240 126:106.344 - 0.427ms returns FALSE
T1240 126:214.376 JLINK_IsHalted()
T1240 126:215.040 - 0.663ms returns FALSE
T1240 126:215.080 JLINK_IsHalted()
T1240 126:215.552 - 0.467ms returns FALSE
T4FF8 126:308.240 JLINK_IsHalted()
T4FF8 126:308.776 - 0.536ms returns FALSE
T4FF8 126:308.840 JLINK_IsHalted()
T4FF8 126:309.248 - 0.415ms returns FALSE
T1240 126:323.776 JLINK_IsHalted()
T1240 126:324.392 - 0.614ms returns FALSE
T1240 126:324.464 JLINK_IsHalted()
T1240 126:324.928 - 0.448ms returns FALSE
T1240 126:433.384 JLINK_IsHalted()
T1240 126:433.808 - 0.427ms returns FALSE
T1240 126:433.872 JLINK_IsHalted()
T1240 126:434.240 - 0.373ms returns FALSE
T1240 126:542.224 JLINK_IsHalted()
T1240 126:542.896 - 0.677ms returns FALSE
T1240 126:543.040 JLINK_IsHalted()
T1240 126:543.408 - 0.365ms returns FALSE
T1240 126:652.032 JLINK_IsHalted()
T1240 126:652.568 - 0.540ms returns FALSE
T1240 126:652.632 JLINK_IsHalted()
T1240 126:653.080 - 0.446ms returns FALSE
T1240 126:761.136 JLINK_IsHalted()
T1240 126:762.064 - 0.921ms returns FALSE
T1240 126:762.136 JLINK_IsHalted()
T1240 126:762.584 - 0.445ms returns FALSE
T1240 126:870.288 JLINK_IsHalted()
T1240 126:870.808 - 0.524ms returns FALSE
T1240 126:870.896 JLINK_IsHalted()
T1240 126:871.280 - 0.384ms returns FALSE
T1240 126:980.264 JLINK_IsHalted()
T1240 126:980.992 - 0.736ms returns FALSE
T1240 126:981.040 JLINK_IsHalted()
T1240 126:984.080 - 3.029ms returns FALSE
T1240 127:088.944 JLINK_IsHalted()
T1240 127:089.600 - 0.659ms returns FALSE
T1240 127:089.640 JLINK_IsHalted()
T1240 127:091.904 - 2.271ms returns FALSE
T1240 127:198.256 JLINK_IsHalted()
T1240 127:199.088 - 0.824ms returns FALSE
T1240 127:199.144 JLINK_IsHalted()
T1240 127:199.704 - 0.561ms returns FALSE
T1240 127:307.840 JLINK_IsHalted()
T1240 127:308.376 - 0.545ms returns FALSE
T1240 127:308.416 JLINK_IsHalted()
T1240 127:308.752 - 0.336ms returns FALSE
T4FF8 127:309.360 JLINK_IsHalted()
T4FF8 127:309.744 - 0.388ms returns FALSE
T4FF8 127:309.776 JLINK_IsHalted()
T4FF8 127:310.160 - 0.371ms returns FALSE
T1240 127:417.880 JLINK_IsHalted()
T1240 127:418.496 - 0.609ms returns FALSE
T1240 127:418.536 JLINK_IsHalted()
T1240 127:419.024 - 0.485ms returns FALSE
T1240 127:526.952 JLINK_IsHalted()
T1240 127:527.592 - 0.632ms returns FALSE
T1240 127:527.640 JLINK_IsHalted()
T1240 127:528.048 - 0.404ms returns FALSE
T1240 127:636.624 JLINK_IsHalted()
T1240 127:637.232 - 0.622ms returns FALSE
T1240 127:637.288 JLINK_IsHalted()
T1240 127:638.096 - 0.802ms returns FALSE
T1240 127:745.104 JLINK_IsHalted()
T1240 127:745.648 - 0.546ms returns FALSE
T1240 127:745.688 JLINK_IsHalted()
T1240 127:746.216 - 0.524ms returns FALSE
T1240 127:855.232 JLINK_IsHalted()
T1240 127:855.728 - 0.496ms returns FALSE
T1240 127:855.832 JLINK_IsHalted()
T1240 127:856.496 - 0.661ms returns FALSE
T1240 127:965.080 JLINK_IsHalted()
T1240 127:966.248 - 1.153ms returns FALSE
T1240 127:966.312 JLINK_IsHalted()
T1240 127:966.640 - 0.326ms returns FALSE
T1240 128:073.936 JLINK_IsHalted()
T1240 128:074.472 - 0.529ms returns FALSE
T1240 128:074.520 JLINK_IsHalted()
T1240 128:074.920 - 0.396ms returns FALSE
T1240 128:183.384 JLINK_IsHalted()
T1240 128:184.144 - 0.747ms returns FALSE
T1240 128:184.256 JLINK_IsHalted()
T1240 128:184.704 - 0.447ms returns FALSE
T1240 128:292.352 JLINK_IsHalted()
T1240 128:292.952 - 0.589ms returns FALSE
T1240 128:293.040 JLINK_IsHalted()
T1240 128:293.440 - 0.402ms returns FALSE
T4FF8 128:311.360 JLINK_IsHalted()
T4FF8 128:311.936 - 0.550ms returns FALSE
T4FF8 128:312.024 JLINK_IsHalted()
T4FF8 128:312.720 - 0.680ms returns FALSE
T1240 128:401.552 JLINK_IsHalted()
T1240 128:402.240 - 0.689ms returns FALSE
T1240 128:402.416 JLINK_IsHalted()
T1240 128:402.864 - 0.459ms returns FALSE
T1240 128:511.552 JLINK_IsHalted()
T1240 128:512.000 - 0.453ms returns FALSE
T1240 128:512.040 JLINK_IsHalted()
T1240 128:512.344 - 0.299ms returns FALSE
T1240 128:620.592 JLINK_IsHalted()
T1240 128:621.136 - 0.532ms returns FALSE
T1240 128:621.184 JLINK_IsHalted()
T1240 128:621.584 - 0.403ms returns FALSE
T1240 128:730.640 JLINK_IsHalted()
T1240 128:731.368 - 0.723ms returns FALSE
T1240 128:731.408 JLINK_IsHalted()
T1240 128:731.664 - 0.260ms returns FALSE
T1240 128:839.000 JLINK_IsHalted()
T1240 128:839.592 - 0.591ms returns FALSE
T1240 128:839.680 JLINK_IsHalted()
T1240 128:840.176 - 0.502ms returns FALSE
T1240 128:948.416 JLINK_IsHalted()
T1240 128:948.912 - 0.495ms returns FALSE
T1240 128:948.968 JLINK_IsHalted()
T1240 128:949.336 - 0.368ms returns FALSE
T1240 129:057.776 JLINK_IsHalted()
T1240 129:058.480 - 0.697ms returns FALSE
T1240 129:058.536 JLINK_IsHalted()
T1240 129:058.960 - 0.417ms returns FALSE
T1240 129:167.696 JLINK_IsHalted()
T1240 129:168.384 - 0.690ms returns FALSE
T1240 129:168.432 JLINK_IsHalted()
T1240 129:168.896 - 0.463ms returns FALSE
T1240 129:276.784 JLINK_IsHalted()
T1240 129:277.352 - 0.564ms returns FALSE
T1240 129:277.400 JLINK_IsHalted()
T1240 129:277.776 - 0.367ms returns FALSE
T4FF8 129:314.128 JLINK_IsHalted()
T4FF8 129:314.928 - 0.807ms returns FALSE
T4FF8 129:314.992 JLINK_IsHalted()
T4FF8 129:315.392 - 0.388ms returns FALSE
T1240 129:386.176 JLINK_IsHalted()
T1240 129:386.984 - 0.805ms returns FALSE
T1240 129:387.048 JLINK_IsHalted()
T1240 129:387.600 - 0.548ms returns FALSE
T1240 129:495.120 JLINK_IsHalted()
T1240 129:495.600 - 0.494ms returns FALSE
T1240 129:495.640 JLINK_IsHalted()
T1240 129:496.088 - 0.452ms returns FALSE
T1240 129:604.648 JLINK_IsHalted()
T1240 129:605.824 - 1.177ms returns FALSE
T1240 129:605.864 JLINK_IsHalted()
T1240 129:606.168 - 0.303ms returns FALSE
T1240 129:714.840 JLINK_IsHalted()
T1240 129:715.408 - 0.553ms returns FALSE
T1240 129:715.504 JLINK_IsHalted()
T1240 129:716.080 - 0.575ms returns FALSE
T1240 129:823.824 JLINK_IsHalted()
T1240 129:824.296 - 0.483ms returns FALSE
T1240 129:824.368 JLINK_IsHalted()
T1240 129:824.728 - 0.353ms returns FALSE
T1240 129:932.712 JLINK_IsHalted()
T1240 129:933.232 - 0.522ms returns FALSE
T1240 129:933.272 JLINK_IsHalted()
T1240 129:933.656 - 0.385ms returns FALSE
T1240 130:042.600 JLINK_IsHalted()
T1240 130:043.160 - 0.566ms returns FALSE
T1240 130:043.248 JLINK_IsHalted()
T1240 130:046.552 - 3.298ms returns FALSE
T1240 130:152.744 JLINK_IsHalted()
T1240 130:153.520 - 0.782ms returns FALSE
T1240 130:153.576 JLINK_IsHalted()
T1240 130:153.920 - 0.336ms returns FALSE
T1240 130:261.544 JLINK_IsHalted()
T1240 130:262.336 - 0.800ms returns FALSE
T1240 130:262.400 JLINK_IsHalted()
T1240 130:262.800 - 0.393ms returns FALSE
T4FF8 130:315.816 JLINK_IsHalted()
T4FF8 130:316.848 - 1.040ms returns FALSE
T4FF8 130:316.976 JLINK_IsHalted()
T4FF8 130:317.360 - 0.373ms returns FALSE
T1240 130:370.216 JLINK_IsHalted()
T1240 130:370.944 - 0.718ms returns FALSE
T1240 130:371.008 JLINK_IsHalted()
T1240 130:371.536 - 0.525ms returns FALSE
T1240 130:480.512 JLINK_IsHalted()
T1240 130:481.640 - 1.134ms returns FALSE
T1240 130:481.688 JLINK_IsHalted()
T1240 130:482.088 - 0.398ms returns FALSE
T1240 130:589.424 JLINK_IsHalted()
T1240 130:590.632 - 1.200ms returns FALSE
T1240 130:590.704 JLINK_IsHalted()
T1240 130:590.992 - 0.280ms returns FALSE
T1240 130:698.904 JLINK_IsHalted()
T1240 130:699.392 - 0.492ms returns FALSE
T1240 130:699.432 JLINK_IsHalted()
T1240 130:701.480 - 2.058ms returns FALSE
T1240 130:808.336 JLINK_IsHalted()
T1240 130:809.000 - 0.668ms returns FALSE
T1240 130:809.040 JLINK_IsHalted()
T1240 130:809.456 - 0.418ms returns FALSE
T1240 130:917.976 JLINK_IsHalted()
T1240 130:918.576 - 0.593ms returns FALSE
T1240 130:918.616 JLINK_IsHalted()
T1240 130:919.000 - 0.380ms returns FALSE
T1240 131:026.832 JLINK_IsHalted()
T1240 131:027.280 - 0.445ms returns FALSE
T1240 131:027.304 JLINK_IsHalted()
T1240 131:027.600 - 0.286ms returns FALSE
T1240 131:136.752 JLINK_IsHalted()
T1240 131:137.320 - 0.560ms returns FALSE
T1240 131:137.360 JLINK_IsHalted()
T1240 131:137.816 - 0.467ms returns FALSE
T1240 131:245.904 JLINK_IsHalted()
T1240 131:246.488 - 0.595ms returns FALSE
T1240 131:246.552 JLINK_IsHalted()
T1240 131:248.304 - 1.762ms returns FALSE
T4FF8 131:318.256 JLINK_IsHalted()
T4FF8 131:318.656 - 0.396ms returns FALSE
T4FF8 131:318.680 JLINK_IsHalted()
T4FF8 131:318.992 - 0.305ms returns FALSE
T1240 131:354.584 JLINK_IsHalted()
T1240 131:355.312 - 0.729ms returns FALSE
T1240 131:355.368 JLINK_IsHalted()
T1240 131:355.672 - 0.308ms returns FALSE
T1240 131:464.536 JLINK_IsHalted()
T1240 131:465.128 - 0.586ms returns FALSE
T1240 131:465.192 JLINK_IsHalted()
T1240 131:465.616 - 0.417ms returns FALSE
T1240 131:573.720 JLINK_IsHalted()
T1240 131:574.160 - 0.440ms returns FALSE
T1240 131:574.224 JLINK_IsHalted()
T1240 131:574.544 - 0.315ms returns FALSE
T1240 131:682.856 JLINK_IsHalted()
T1240 131:683.280 - 0.426ms returns FALSE
T1240 131:683.344 JLINK_IsHalted()
T1240 131:683.712 - 0.376ms returns FALSE
T1240 131:792.344 JLINK_IsHalted()
T1240 131:792.808 - 0.466ms returns FALSE
T1240 131:792.832 JLINK_IsHalted()
T1240 131:793.128 - 0.293ms returns FALSE
T1240 131:902.120 JLINK_IsHalted()
T1240 131:902.680 - 0.560ms returns FALSE
T1240 131:902.704 JLINK_IsHalted()
T1240 131:903.152 - 0.435ms returns FALSE
T1240 132:010.968 JLINK_IsHalted()
T1240 132:011.496 - 0.527ms returns FALSE
T1240 132:011.544 JLINK_IsHalted()
T1240 132:011.944 - 0.390ms returns FALSE
T1240 132:120.104 JLINK_IsHalted()
T1240 132:120.640 - 0.528ms returns FALSE
T1240 132:120.688 JLINK_IsHalted()
T1240 132:121.048 - 0.360ms returns FALSE
T1240 132:230.512 JLINK_IsHalted()
T1240 132:231.064 - 0.550ms returns FALSE
T1240 132:231.088 JLINK_IsHalted()
T1240 132:231.440 - 0.341ms returns FALSE
T4FF8 132:319.320 JLINK_IsHalted()
T4FF8 132:319.784 - 0.460ms returns FALSE
T4FF8 132:319.808 JLINK_IsHalted()
T4FF8 132:320.256 - 0.448ms returns FALSE
T1240 132:339.472 JLINK_IsHalted()
T1240 132:339.928 - 0.461ms returns FALSE
T1240 132:339.992 JLINK_IsHalted()
T1240 132:340.560 - 0.556ms returns FALSE
T1240 132:448.296 JLINK_IsHalted()
T1240 132:448.784 - 0.486ms returns FALSE
T1240 132:448.848 JLINK_IsHalted()
T1240 132:449.264 - 0.419ms returns FALSE
T1240 132:558.416 JLINK_IsHalted()
T1240 132:560.808 - 2.387ms returns FALSE
T1240 132:560.848 JLINK_IsHalted()
T1240 132:561.320 - 0.477ms returns FALSE
T1240 132:667.392 JLINK_IsHalted()
T1240 132:668.120 - 0.729ms returns FALSE
T1240 132:668.184 JLINK_IsHalted()
T1240 132:668.656 - 0.471ms returns FALSE
T1240 132:776.528 JLINK_IsHalted()
T1240 132:777.280 - 0.751ms returns FALSE
T1240 132:777.344 JLINK_IsHalted()
T1240 132:777.984 - 0.641ms returns FALSE
T1240 132:885.904 JLINK_IsHalted()
T1240 132:886.504 - 0.593ms returns FALSE
T1240 132:886.528 JLINK_IsHalted()
T1240 132:887.024 - 0.493ms returns FALSE
T1240 132:995.928 JLINK_IsHalted()
T1240 132:996.504 - 0.573ms returns FALSE
T1240 132:996.568 JLINK_IsHalted()
T1240 132:996.904 - 0.333ms returns FALSE
T1240 133:105.176 JLINK_IsHalted()
T1240 133:105.792 - 0.610ms returns FALSE
T1240 133:105.968 JLINK_IsHalted()
T1240 133:106.536 - 0.558ms returns FALSE
T1240 133:214.160 JLINK_IsHalted()
T1240 133:216.144 - 1.985ms returns FALSE
T1240 133:216.208 JLINK_IsHalted()
T1240 133:216.496 - 0.290ms returns FALSE
T4FF8 133:321.216 JLINK_IsHalted()
T4FF8 133:321.704 - 0.480ms returns FALSE
T4FF8 133:321.728 JLINK_IsHalted()
T4FF8 133:322.136 - 0.401ms returns FALSE
T1240 133:323.312 JLINK_IsHalted()
T1240 133:323.824 - 0.512ms returns FALSE
T1240 133:323.864 JLINK_IsHalted()
T1240 133:324.224 - 0.355ms returns FALSE
T1240 133:433.512 JLINK_IsHalted()
T1240 133:434.032 - 0.522ms returns FALSE
T1240 133:434.088 JLINK_IsHalted()
T1240 133:434.432 - 0.350ms returns FALSE
T1240 133:542.312 JLINK_IsHalted()
T1240 133:542.864 - 0.550ms returns FALSE
T1240 133:542.888 JLINK_IsHalted()
T1240 133:543.296 - 0.402ms returns FALSE
T1240 133:651.440 JLINK_IsHalted()
T1240 133:652.048 - 0.604ms returns FALSE
T1240 133:652.144 JLINK_IsHalted()
T1240 133:652.528 - 0.378ms returns FALSE
T1240 133:761.768 JLINK_IsHalted()
T1240 133:762.384 - 0.614ms returns FALSE
T1240 133:762.432 JLINK_IsHalted()
T1240 133:762.840 - 0.398ms returns FALSE
T1240 133:870.488 JLINK_IsHalted()
T1240 133:871.232 - 0.748ms returns FALSE
T1240 133:871.312 JLINK_IsHalted()
T1240 133:871.976 - 0.669ms returns FALSE
T1240 133:980.112 JLINK_IsHalted()
T1240 133:980.816 - 0.695ms returns FALSE
T1240 133:980.888 JLINK_IsHalted()
T1240 133:981.392 - 0.491ms returns FALSE
T1240 134:089.936 JLINK_IsHalted()
T1240 134:091.984 - 2.047ms returns FALSE
T1240 134:092.072 JLINK_IsHalted()
T1240 134:092.560 - 0.492ms returns FALSE
T1240 134:198.744 JLINK_IsHalted()
T1240 134:199.280 - 0.536ms returns FALSE
T1240 134:199.312 JLINK_IsHalted()
T1240 134:199.784 - 0.466ms returns FALSE
T1240 134:307.936 JLINK_IsHalted()
T1240 134:308.512 - 0.578ms returns FALSE
T1240 134:308.576 JLINK_IsHalted()
T1240 134:308.976 - 0.409ms returns FALSE
T4FF8 134:323.536 JLINK_IsHalted()
T4FF8 134:324.256 - 0.730ms returns FALSE
T4FF8 134:324.368 JLINK_IsHalted()
T4FF8 134:324.736 - 0.381ms returns FALSE
T1240 134:417.376 JLINK_IsHalted()
T1240 134:422.912 - 5.527ms returns FALSE
T1240 134:422.944 JLINK_IsHalted()
T1240 134:423.216 - 0.290ms returns FALSE
T1240 134:526.448 JLINK_IsHalted()
T1240 134:526.960 - 0.506ms returns FALSE
T1240 134:526.992 JLINK_IsHalted()
T1240 134:527.456 - 0.455ms returns FALSE
T1240 134:635.776 JLINK_IsHalted()
T1240 134:636.208 - 0.428ms returns FALSE
T1240 134:636.272 JLINK_IsHalted()
T1240 134:636.656 - 0.389ms returns FALSE
T1240 134:745.440 JLINK_IsHalted()
T1240 134:746.128 - 0.694ms returns FALSE
T1240 134:746.160 JLINK_IsHalted()
T1240 134:746.624 - 0.456ms returns FALSE
T1240 134:855.376 JLINK_IsHalted()
T1240 134:856.416 - 1.042ms returns FALSE
T1240 134:856.496 JLINK_IsHalted()
T1240 134:857.248 - 0.736ms returns FALSE
T1240 134:964.768 JLINK_IsHalted()
T1240 134:965.344 - 0.587ms returns FALSE
T1240 134:965.392 JLINK_IsHalted()
T1240 134:965.792 - 0.389ms returns FALSE
T1240 135:073.184 JLINK_IsHalted()
T1240 135:073.760 - 0.567ms returns FALSE
T1240 135:073.824 JLINK_IsHalted()
T1240 135:076.080 - 2.255ms returns FALSE
T1240 135:183.104 JLINK_IsHalted()
T1240 135:183.776 - 0.688ms returns FALSE
T1240 135:183.840 JLINK_IsHalted()
T1240 135:185.424 - 1.580ms returns FALSE
T1240 135:292.480 JLINK_IsHalted()
T1240 135:293.152 - 0.677ms returns FALSE
T1240 135:293.280 JLINK_IsHalted()
T1240 135:293.760 - 0.479ms returns FALSE
T4FF8 135:324.784 JLINK_IsHalted()
T4FF8 135:325.216 - 0.424ms returns FALSE
T4FF8 135:325.280 JLINK_IsHalted()
T4FF8 135:325.712 - 0.440ms returns FALSE
T1240 135:401.696 JLINK_IsHalted()
T1240 135:402.512 - 0.802ms returns FALSE
T1240 135:402.592 JLINK_IsHalted()
T1240 135:403.120 - 0.548ms returns FALSE
T1240 135:511.088 JLINK_IsHalted()
T1240 135:513.392 - 2.281ms returns FALSE
T1240 135:513.488 JLINK_IsHalted()
T1240 135:513.952 - 0.453ms returns FALSE
T1240 135:620.560 JLINK_IsHalted()
T1240 135:621.280 - 0.726ms returns FALSE
T1240 135:621.328 JLINK_IsHalted()
T1240 135:621.728 - 0.406ms returns FALSE
T1240 135:730.176 JLINK_IsHalted()
T1240 135:730.640 - 0.471ms returns FALSE
T1240 135:730.688 JLINK_IsHalted()
T1240 135:731.072 - 0.394ms returns FALSE
T1240 135:840.016 JLINK_IsHalted()
T1240 135:840.672 - 0.670ms returns FALSE
T1240 135:840.736 JLINK_IsHalted()
T1240 135:841.120 - 0.386ms returns FALSE
T1240 135:948.880 JLINK_IsHalted()
T1240 135:949.328 - 0.452ms returns FALSE
T1240 135:949.344 JLINK_IsHalted()
T1240 135:949.728 - 0.384ms returns FALSE
T1240 136:058.336 JLINK_IsHalted()
T1240 136:059.168 - 0.829ms returns FALSE
T1240 136:059.200 JLINK_IsHalted()
T1240 136:059.488 - 0.292ms returns FALSE
T1240 136:167.168 JLINK_IsHalted()
T1240 136:167.664 - 0.494ms returns FALSE
T1240 136:167.728 JLINK_IsHalted()
T1240 136:168.112 - 0.382ms returns FALSE
T1240 136:276.768 JLINK_IsHalted()
T1240 136:277.280 - 0.510ms returns FALSE
T1240 136:277.344 JLINK_IsHalted()
T1240 136:277.840 - 0.482ms returns FALSE
T4FF8 136:325.440 JLINK_IsHalted()
T4FF8 136:325.824 - 0.382ms returns FALSE
T4FF8 136:325.872 JLINK_IsHalted()
T4FF8 136:326.144 - 0.272ms returns FALSE
T1240 136:385.744 JLINK_IsHalted()
T1240 136:386.400 - 0.653ms returns FALSE
T1240 136:386.448 JLINK_IsHalted()
T1240 136:387.008 - 0.562ms returns FALSE
T1240 136:496.096 JLINK_IsHalted()
T1240 136:496.960 - 0.866ms returns FALSE
T1240 136:497.056 JLINK_IsHalted()
T1240 136:497.568 - 0.519ms returns FALSE
T1240 136:604.448 JLINK_IsHalted()
T1240 136:605.088 - 0.650ms returns FALSE
T1240 136:605.136 JLINK_IsHalted()
T1240 136:605.488 - 0.356ms returns FALSE
T1240 136:714.768 JLINK_IsHalted()
T1240 136:715.424 - 0.670ms returns FALSE
T1240 136:715.488 JLINK_IsHalted()
T1240 136:715.920 - 0.430ms returns FALSE
T1240 136:823.872 JLINK_IsHalted()
T1240 136:824.608 - 0.741ms returns FALSE
T1240 136:824.672 JLINK_IsHalted()
T1240 136:824.992 - 0.330ms returns FALSE
T1240 136:933.392 JLINK_IsHalted()
T1240 136:933.984 - 0.580ms returns FALSE
T1240 136:934.016 JLINK_IsHalted()
T1240 136:934.640 - 0.619ms returns FALSE
T1240 137:042.416 JLINK_IsHalted()
T1240 137:042.944 - 0.524ms returns FALSE
T1240 137:042.992 JLINK_IsHalted()
T1240 137:043.584 - 0.591ms returns FALSE
T1240 137:152.048 JLINK_IsHalted()
T1240 137:152.752 - 0.704ms returns FALSE
T1240 137:152.896 JLINK_IsHalted()
T1240 137:153.376 - 0.474ms returns FALSE
T1240 137:261.152 JLINK_IsHalted()
T1240 137:261.792 - 0.644ms returns FALSE
T1240 137:261.840 JLINK_IsHalted()
T1240 137:262.304 - 0.465ms returns FALSE
T4FF8 137:326.880 JLINK_IsHalted()
T4FF8 137:327.264 - 0.382ms returns FALSE
T4FF8 137:327.280 JLINK_IsHalted()
T4FF8 137:327.680 - 0.396ms returns FALSE
T1240 137:370.128 JLINK_IsHalted()
T1240 137:370.768 - 0.642ms returns FALSE
T1240 137:370.864 JLINK_IsHalted()
T1240 137:371.360 - 0.498ms returns FALSE
T1240 137:479.472 JLINK_IsHalted()
T1240 137:480.064 - 0.599ms returns FALSE
T1240 137:480.128 JLINK_IsHalted()
T1240 137:480.544 - 0.430ms returns FALSE
T1240 137:589.232 JLINK_IsHalted()
T1240 137:590.016 - 0.775ms returns FALSE
T1240 137:590.400 JLINK_IsHalted()
T1240 137:590.800 - 0.394ms returns FALSE
T1240 137:698.624 JLINK_IsHalted()
T1240 137:699.104 - 0.492ms returns FALSE
T1240 137:699.168 JLINK_IsHalted()
T1240 137:699.488 - 0.324ms returns FALSE
T1240 137:807.648 JLINK_IsHalted()
T1240 137:808.480 - 0.833ms returns FALSE
T1240 137:808.544 JLINK_IsHalted()
T1240 137:809.184 - 0.630ms returns FALSE
T1240 137:917.440 JLINK_IsHalted()
T1240 137:918.112 - 0.662ms returns FALSE
T1240 137:918.176 JLINK_IsHalted()
T1240 137:918.560 - 0.396ms returns FALSE
T1240 138:026.768 JLINK_IsHalted()
T1240 138:027.584 - 0.821ms returns FALSE
T1240 138:027.616 JLINK_IsHalted()
T1240 138:028.096 - 0.477ms returns FALSE
T1240 138:136.096 JLINK_IsHalted()
T1240 138:136.656 - 0.564ms returns FALSE
T1240 138:136.704 JLINK_IsHalted()
T1240 138:137.024 - 0.318ms returns FALSE
T1240 138:245.616 JLINK_IsHalted()
T1240 138:246.160 - 0.537ms returns FALSE
T1240 138:246.240 JLINK_IsHalted()
T1240 138:246.528 - 0.299ms returns FALSE
T4FF8 138:327.056 JLINK_IsHalted()
T4FF8 138:327.600 - 0.547ms returns FALSE
T4FF8 138:327.664 JLINK_IsHalted()
T4FF8 138:328.032 - 0.376ms returns FALSE
T1240 138:354.672 JLINK_IsHalted()
T1240 138:355.120 - 0.439ms returns FALSE
T1240 138:355.168 JLINK_IsHalted()
T1240 138:355.616 - 0.428ms returns FALSE
T1240 138:464.080 JLINK_IsHalted()
T1240 138:464.656 - 0.578ms returns FALSE
T1240 138:464.688 JLINK_IsHalted()
T1240 138:464.992 - 0.304ms returns FALSE
T1240 138:573.712 JLINK_IsHalted()
T1240 138:574.352 - 0.640ms returns FALSE
T1240 138:574.432 JLINK_IsHalted()
T1240 138:574.912 - 0.471ms returns FALSE
T1240 138:682.752 JLINK_IsHalted()
T1240 138:683.312 - 0.565ms returns FALSE
T1240 138:683.360 JLINK_IsHalted()
T1240 138:683.776 - 0.421ms returns FALSE
T1240 138:792.832 JLINK_IsHalted()
T1240 138:793.392 - 0.566ms returns FALSE
T1240 138:793.424 JLINK_IsHalted()
T1240 138:793.840 - 0.426ms returns FALSE
T1240 138:902.016 JLINK_IsHalted()
T1240 138:902.496 - 0.465ms returns FALSE
T1240 138:902.512 JLINK_IsHalted()
T1240 138:902.992 - 0.468ms returns FALSE
T1240 139:011.040 JLINK_IsHalted()
T1240 139:011.792 - 0.753ms returns FALSE
T1240 139:011.840 JLINK_IsHalted()
T1240 139:012.368 - 0.523ms returns FALSE
T1240 139:120.816 JLINK_IsHalted()
T1240 139:121.264 - 0.436ms returns FALSE
T1240 139:121.296 JLINK_IsHalted()
T1240 139:121.568 - 0.274ms returns FALSE
T1240 139:229.696 JLINK_IsHalted()
T1240 139:230.128 - 0.436ms returns FALSE
T1240 139:230.176 JLINK_IsHalted()
T1240 139:230.544 - 0.368ms returns FALSE
T4FF8 139:328.960 JLINK_IsHalted()
T4FF8 139:329.696 - 0.735ms returns FALSE
T4FF8 139:329.744 JLINK_IsHalted()
T4FF8 139:330.144 - 0.396ms returns FALSE
T1240 139:339.232 JLINK_IsHalted()
T1240 139:339.920 - 0.692ms returns FALSE
T1240 139:339.968 JLINK_IsHalted()
T1240 139:340.512 - 0.553ms returns FALSE
T1240 139:448.176 JLINK_IsHalted()
T1240 139:448.640 - 0.464ms returns FALSE
T1240 139:448.736 JLINK_IsHalted()
T1240 139:449.120 - 0.381ms returns FALSE
T1240 139:557.728 JLINK_IsHalted()
T1240 139:558.320 - 0.595ms returns FALSE
T1240 139:558.432 JLINK_IsHalted()
T1240 139:559.136 - 0.708ms returns FALSE
T1240 139:667.344 JLINK_IsHalted()
T1240 139:667.952 - 0.611ms returns FALSE
T1240 139:668.176 JLINK_IsHalted()
T1240 139:668.688 - 0.509ms returns FALSE
T1240 139:776.880 JLINK_IsHalted()
T1240 139:777.360 - 0.473ms returns FALSE
T1240 139:777.440 JLINK_IsHalted()
T1240 139:777.760 - 0.339ms returns FALSE
T1240 139:885.728 JLINK_IsHalted()
T1240 139:888.096 - 2.355ms returns FALSE
T1240 139:888.160 JLINK_IsHalted()
T1240 139:888.480 - 0.327ms returns FALSE
T1240 139:995.744 JLINK_IsHalted()
T1240 139:996.384 - 0.634ms returns FALSE
T1240 139:996.448 JLINK_IsHalted()
T1240 139:996.784 - 0.347ms returns FALSE
T1240 140:104.528 JLINK_IsHalted()
T1240 140:106.848 - 2.313ms returns FALSE
T1240 140:106.912 JLINK_IsHalted()
T1240 140:107.392 - 0.477ms returns FALSE
T1240 140:214.080 JLINK_IsHalted()
T1240 140:214.672 - 0.588ms returns FALSE
T1240 140:214.768 JLINK_IsHalted()
T1240 140:215.152 - 0.387ms returns FALSE
T1240 140:324.064 JLINK_IsHalted()
T1240 140:324.624 - 0.573ms returns FALSE
T1240 140:324.688 JLINK_IsHalted()
T1240 140:325.216 - 0.537ms returns FALSE
T4FF8 140:331.296 JLINK_IsHalted()
T4FF8 140:331.744 - 0.447ms returns FALSE
T4FF8 140:331.792 JLINK_IsHalted()
T4FF8 140:332.160 - 0.361ms returns FALSE
T1240 140:433.440 JLINK_IsHalted()
T1240 140:433.920 - 0.482ms returns FALSE
T1240 140:433.968 JLINK_IsHalted()
T1240 140:434.416 - 0.448ms returns FALSE
T1240 140:542.304 JLINK_IsHalted()
T1240 140:542.816 - 0.525ms returns FALSE
T1240 140:542.896 JLINK_IsHalted()
T1240 140:543.328 - 0.439ms returns FALSE
T1240 140:651.888 JLINK_IsHalted()
T1240 140:652.400 - 0.509ms returns FALSE
T1240 140:652.464 JLINK_IsHalted()
T1240 140:652.960 - 0.486ms returns FALSE
T1240 140:760.880 JLINK_IsHalted()
T1240 140:761.440 - 0.562ms returns FALSE
T1240 140:761.504 JLINK_IsHalted()
T1240 140:761.952 - 0.424ms returns FALSE
T1240 140:870.768 JLINK_IsHalted()
T1240 140:871.424 - 0.656ms returns FALSE
T1240 140:871.504 JLINK_IsHalted()
T1240 140:871.968 - 0.464ms returns FALSE
T1240 140:979.552 JLINK_IsHalted()
T1240 140:980.320 - 0.752ms returns FALSE
T1240 140:980.448 JLINK_IsHalted()
T1240 140:980.912 - 0.477ms returns FALSE
T1240 141:089.184 JLINK_IsHalted()
T1240 141:089.808 - 0.633ms returns FALSE
T1240 141:089.888 JLINK_IsHalted()
T1240 141:090.368 - 0.474ms returns FALSE
T1240 141:198.624 JLINK_IsHalted()
T1240 141:199.200 - 0.565ms returns FALSE
T1240 141:199.264 JLINK_IsHalted()
T1240 141:199.712 - 0.442ms returns FALSE
T1240 141:307.744 JLINK_IsHalted()
T1240 141:308.368 - 0.625ms returns FALSE
T1240 141:308.416 JLINK_IsHalted()
T1240 141:308.912 - 0.496ms returns FALSE
T4FF8 141:332.576 JLINK_IsHalted()
T4FF8 141:333.152 - 0.568ms returns FALSE
T4FF8 141:333.200 JLINK_IsHalted()
T4FF8 141:333.696 - 0.490ms returns FALSE
T1240 141:417.024 JLINK_IsHalted()
T1240 141:417.632 - 0.614ms returns FALSE
T1240 141:417.696 JLINK_IsHalted()
T1240 141:418.240 - 0.532ms returns FALSE
T1240 141:526.944 JLINK_IsHalted()
T1240 141:527.728 - 0.782ms returns FALSE
T1240 141:527.808 JLINK_IsHalted()
T1240 141:528.400 - 0.596ms returns FALSE
T1240 141:636.640 JLINK_IsHalted()
T1240 141:637.808 - 1.157ms returns FALSE
T1240 141:637.856 JLINK_IsHalted()
T1240 141:638.368 - 0.496ms returns FALSE
T1240 141:745.680 JLINK_IsHalted()
T1240 141:746.240 - 0.554ms returns FALSE
T1240 141:746.272 JLINK_IsHalted()
T1240 141:747.872 - 1.594ms returns FALSE
T1240 141:855.136 JLINK_IsHalted()
T1240 141:856.016 - 0.867ms returns FALSE
T1240 141:856.096 JLINK_IsHalted()
T1240 141:856.544 - 0.437ms returns FALSE
T1240 141:965.584 JLINK_IsHalted()
T1240 141:967.936 - 2.347ms returns FALSE
T1240 141:968.080 JLINK_IsHalted()
T1240 141:968.544 - 0.454ms returns FALSE
T1240 142:073.536 JLINK_IsHalted()
T1240 142:074.512 - 0.977ms returns FALSE
T1240 142:074.704 JLINK_IsHalted()
T1240 142:075.744 - 1.053ms returns FALSE
T1240 142:183.488 JLINK_IsHalted()
T1240 142:184.096 - 0.589ms returns FALSE
T1240 142:184.160 JLINK_IsHalted()
T1240 142:184.608 - 0.451ms returns FALSE
T1240 142:292.896 JLINK_IsHalted()
T1240 142:293.600 - 0.694ms returns FALSE
T1240 142:293.648 JLINK_IsHalted()
T1240 142:294.144 - 0.503ms returns FALSE
T4FF8 142:335.264 JLINK_IsHalted()
T4FF8 142:335.824 - 0.545ms returns FALSE
T4FF8 142:335.888 JLINK_IsHalted()
T4FF8 142:336.368 - 0.488ms returns FALSE
T1240 142:402.192 JLINK_IsHalted()
T1240 142:402.880 - 0.696ms returns FALSE
T1240 142:402.912 JLINK_IsHalted()
T1240 142:403.424 - 0.492ms returns FALSE
T1240 142:511.008 JLINK_IsHalted()
T1240 142:511.712 - 0.706ms returns FALSE
T1240 142:511.888 JLINK_IsHalted()
T1240 142:514.112 - 2.227ms returns FALSE
T1240 142:620.448 JLINK_IsHalted()
T1240 142:621.552 - 1.094ms returns FALSE
T1240 142:621.600 JLINK_IsHalted()
T1240 142:622.368 - 0.750ms returns FALSE
T1240 142:729.728 JLINK_IsHalted()
T1240 142:730.672 - 0.939ms returns FALSE
T1240 142:730.768 JLINK_IsHalted()
T1240 142:731.184 - 0.419ms returns FALSE
T1240 142:839.200 JLINK_IsHalted()
T1240 142:839.920 - 0.723ms returns FALSE
T1240 142:839.968 JLINK_IsHalted()
T1240 142:840.320 - 0.346ms returns FALSE
T1240 142:949.984 JLINK_IsHalted()
T1240 142:950.640 - 0.668ms returns FALSE
T1240 142:950.688 JLINK_IsHalted()
T1240 142:951.280 - 0.595ms returns FALSE
T1240 143:057.952 JLINK_IsHalted()
T1240 143:058.528 - 0.576ms returns FALSE
T1240 143:058.608 JLINK_IsHalted()
T1240 143:059.168 - 0.562ms returns FALSE
T1240 143:167.392 JLINK_IsHalted()
T1240 143:168.288 - 0.886ms returns FALSE
T1240 143:168.336 JLINK_IsHalted()
T1240 143:168.784 - 0.446ms returns FALSE
T1240 143:276.832 JLINK_IsHalted()
T1240 143:277.360 - 0.529ms returns FALSE
T1240 143:277.392 JLINK_IsHalted()
T1240 143:277.824 - 0.424ms returns FALSE
T4FF8 143:336.800 JLINK_IsHalted()
T4FF8 143:337.328 - 0.525ms returns FALSE
T4FF8 143:337.376 JLINK_IsHalted()
T4FF8 143:337.824 - 0.427ms returns FALSE
T1240 143:386.192 JLINK_IsHalted()
T1240 143:386.816 - 0.618ms returns FALSE
T1240 143:386.848 JLINK_IsHalted()
T1240 143:387.392 - 0.547ms returns FALSE
T1240 143:495.520 JLINK_IsHalted()
T1240 143:496.080 - 0.560ms returns FALSE
T1240 143:496.112 JLINK_IsHalted()
T1240 143:496.672 - 0.550ms returns FALSE
T1240 143:604.448 JLINK_IsHalted()
T1240 143:605.008 - 0.539ms returns FALSE
T1240 143:605.024 JLINK_IsHalted()
T1240 143:605.472 - 0.450ms returns FALSE
T1240 143:714.304 JLINK_IsHalted()
T1240 143:715.024 - 0.713ms returns FALSE
T1240 143:715.072 JLINK_IsHalted()
T1240 143:715.472 - 0.401ms returns FALSE
T1240 143:824.064 JLINK_IsHalted()
T1240 143:824.688 - 0.625ms returns FALSE
T1240 143:824.736 JLINK_IsHalted()
T1240 143:825.312 - 0.560ms returns FALSE
T1240 143:933.664 JLINK_IsHalted()
T1240 143:934.176 - 0.511ms returns FALSE
T1240 143:934.208 JLINK_IsHalted()
T1240 143:934.816 - 0.595ms returns FALSE
T1240 144:042.048 JLINK_IsHalted()
T1240 144:042.608 - 0.568ms returns FALSE
T1240 144:042.656 JLINK_IsHalted()
T1240 144:043.008 - 0.362ms returns FALSE
T1240 144:151.888 JLINK_IsHalted()
T1240 144:152.912 - 1.021ms returns FALSE
T1240 144:152.992 JLINK_IsHalted()
T1240 144:153.408 - 0.404ms returns FALSE
T1240 144:261.152 JLINK_IsHalted()
T1240 144:261.760 - 0.606ms returns FALSE
T1240 144:261.824 JLINK_IsHalted()
T1240 144:262.240 - 0.418ms returns FALSE
T4FF8 144:337.568 JLINK_IsHalted()
T4FF8 144:338.064 - 0.492ms returns FALSE
T4FF8 144:338.080 JLINK_IsHalted()
T4FF8 144:338.464 - 0.377ms returns FALSE
T1240 144:370.704 JLINK_IsHalted()
T1240 144:371.520 - 0.822ms returns FALSE
T1240 144:371.600 JLINK_IsHalted()
T1240 144:372.176 - 0.582ms returns FALSE
T1240 144:480.592 JLINK_IsHalted()
T1240 144:481.264 - 0.685ms returns FALSE
T1240 144:481.312 JLINK_IsHalted()
T1240 144:481.584 - 0.288ms returns FALSE
T1240 144:589.760 JLINK_IsHalted()
T1240 144:590.448 - 0.689ms returns FALSE
T1240 144:590.528 JLINK_IsHalted()
T1240 144:591.088 - 0.564ms returns FALSE
T1240 144:698.656 JLINK_IsHalted()
T1240 144:699.360 - 0.713ms returns FALSE
T1240 144:699.392 JLINK_IsHalted()
T1240 144:699.888 - 0.493ms returns FALSE
T1240 144:808.224 JLINK_IsHalted()
T1240 144:808.688 - 0.452ms returns FALSE
T1240 144:808.720 JLINK_IsHalted()
T1240 144:809.296 - 0.571ms returns FALSE
T1240 144:917.360 JLINK_IsHalted()
T1240 144:918.032 - 0.675ms returns FALSE
T1240 144:918.128 JLINK_IsHalted()
T1240 144:918.720 - 0.593ms returns FALSE
T1240 145:027.296 JLINK_IsHalted()
T1240 145:027.776 - 0.477ms returns FALSE
T1240 145:027.808 JLINK_IsHalted()
T1240 145:028.288 - 0.479ms returns FALSE
T1240 145:135.904 JLINK_IsHalted()
T1240 145:136.736 - 0.826ms returns FALSE
T1240 145:136.784 JLINK_IsHalted()
T1240 145:137.072 - 0.296ms returns FALSE
T1240 145:245.152 JLINK_IsHalted()
T1240 145:246.208 - 1.051ms returns FALSE
T1240 145:246.288 JLINK_IsHalted()
T1240 145:246.736 - 0.437ms returns FALSE
T4FF8 145:339.552 JLINK_IsHalted()
T4FF8 145:340.496 - 0.930ms returns FALSE
T4FF8 145:340.560 JLINK_IsHalted()
T4FF8 145:340.960 - 0.390ms returns FALSE
T1240 145:354.688 JLINK_IsHalted()
T1240 145:355.312 - 0.638ms returns FALSE
T1240 145:355.408 JLINK_IsHalted()
T1240 145:355.776 - 0.366ms returns FALSE
T1240 145:464.208 JLINK_IsHalted()
T1240 145:464.736 - 0.545ms returns FALSE
T1240 145:464.800 JLINK_IsHalted()
T1240 145:465.168 - 0.354ms returns FALSE
T1240 145:573.904 JLINK_IsHalted()
T1240 145:575.168 - 1.261ms returns FALSE
T1240 145:575.216 JLINK_IsHalted()
T1240 145:575.584 - 0.356ms returns FALSE
T1240 145:682.864 JLINK_IsHalted()
T1240 145:683.568 - 0.709ms returns FALSE
T1240 145:683.648 JLINK_IsHalted()
T1240 145:684.224 - 0.568ms returns FALSE
T1240 145:792.752 JLINK_IsHalted()
T1240 145:793.248 - 0.495ms returns FALSE
T1240 145:793.312 JLINK_IsHalted()
T1240 145:793.584 - 0.280ms returns FALSE
T1240 145:901.376 JLINK_IsHalted()
T1240 145:901.920 - 0.539ms returns FALSE
T1240 145:902.016 JLINK_IsHalted()
T1240 145:902.560 - 0.543ms returns FALSE
T1240 146:011.056 JLINK_IsHalted()
T1240 146:011.984 - 0.929ms returns FALSE
T1240 146:012.064 JLINK_IsHalted()
T1240 146:012.384 - 0.319ms returns FALSE
T1240 146:120.640 JLINK_IsHalted()
T1240 146:121.264 - 0.627ms returns FALSE
T1240 146:121.344 JLINK_IsHalted()
T1240 146:121.760 - 0.408ms returns FALSE
T1240 146:229.840 JLINK_IsHalted()
T1240 146:230.304 - 0.472ms returns FALSE
T1240 146:230.368 JLINK_IsHalted()
T1240 146:230.688 - 0.317ms returns FALSE
T1240 146:339.392 JLINK_IsHalted()
T1240 146:339.824 - 0.429ms returns FALSE
T1240 146:339.856 JLINK_IsHalted()
T1240 146:340.144 - 0.291ms returns FALSE
T4FF8 146:340.752 JLINK_IsHalted()
T4FF8 146:341.232 - 0.487ms returns FALSE
T4FF8 146:341.264 JLINK_IsHalted()
T4FF8 146:341.600 - 0.325ms returns FALSE
T1240 146:448.416 JLINK_IsHalted()
T1240 146:448.880 - 0.464ms returns FALSE
T1240 146:448.928 JLINK_IsHalted()
T1240 146:449.248 - 0.310ms returns FALSE
T1240 146:558.272 JLINK_IsHalted()
T1240 146:559.280 - 1.019ms returns FALSE
T1240 146:559.360 JLINK_IsHalted()
T1240 146:559.648 - 0.299ms returns FALSE
T1240 146:667.136 JLINK_IsHalted()
T1240 146:667.632 - 0.503ms returns FALSE
T1240 146:667.680 JLINK_IsHalted()
T1240 146:668.160 - 0.473ms returns FALSE
T1240 146:776.528 JLINK_IsHalted()
T1240 146:777.168 - 0.640ms returns FALSE
T1240 146:777.232 JLINK_IsHalted()
T1240 146:777.680 - 0.451ms returns FALSE
T1240 146:886.576 JLINK_IsHalted()
T1240 146:887.200 - 0.626ms returns FALSE
T1240 146:887.296 JLINK_IsHalted()
T1240 146:887.584 - 0.293ms returns FALSE
T1240 146:995.232 JLINK_IsHalted()
T1240 146:995.920 - 0.691ms returns FALSE
T1240 146:995.984 JLINK_IsHalted()
T1240 146:996.320 - 0.340ms returns FALSE
T1240 147:104.928 JLINK_IsHalted()
T1240 147:105.504 - 0.592ms returns FALSE
T1240 147:105.568 JLINK_IsHalted()
T1240 147:106.224 - 0.667ms returns FALSE
T1240 147:214.368 JLINK_IsHalted()
T1240 147:214.896 - 0.541ms returns FALSE
T1240 147:214.976 JLINK_IsHalted()
T1240 147:215.456 - 0.471ms returns FALSE
T1240 147:324.240 JLINK_IsHalted()
T1240 147:324.992 - 0.752ms returns FALSE
T1240 147:325.040 JLINK_IsHalted()
T1240 147:325.472 - 0.442ms returns FALSE
T4FF8 147:342.944 JLINK_IsHalted()
T4FF8 147:343.440 - 0.492ms returns FALSE
T4FF8 147:343.472 JLINK_IsHalted()
T4FF8 147:343.776 - 0.288ms returns FALSE
T1240 147:433.408 JLINK_IsHalted()
T1240 147:433.872 - 0.460ms returns FALSE
T1240 147:433.888 JLINK_IsHalted()
T1240 147:434.240 - 0.345ms returns FALSE
T1240 147:542.080 JLINK_IsHalted()
T1240 147:542.560 - 0.471ms returns FALSE
T1240 147:542.592 JLINK_IsHalted()
T1240 147:542.864 - 0.278ms returns FALSE
T1240 147:652.272 JLINK_IsHalted()
T1240 147:652.832 - 0.553ms returns FALSE
T1240 147:652.896 JLINK_IsHalted()
T1240 147:653.360 - 0.460ms returns FALSE
T1240 147:760.928 JLINK_IsHalted()
T1240 147:761.440 - 0.515ms returns FALSE
T1240 147:761.504 JLINK_IsHalted()
T1240 147:761.824 - 0.324ms returns FALSE
T1240 147:870.640 JLINK_IsHalted()
T1240 147:871.136 - 0.489ms returns FALSE
T1240 147:871.200 JLINK_IsHalted()
T1240 147:871.472 - 0.285ms returns FALSE
T1240 147:979.584 JLINK_IsHalted()
T1240 147:980.080 - 0.487ms returns FALSE
T1240 147:980.128 JLINK_IsHalted()
T1240 147:980.384 - 0.262ms returns FALSE
T1240 148:089.344 JLINK_IsHalted()
T1240 148:089.904 - 0.568ms returns FALSE
T1240 148:089.952 JLINK_IsHalted()
T1240 148:090.368 - 0.413ms returns FALSE
T1240 148:198.624 JLINK_IsHalted()
T1240 148:199.184 - 0.558ms returns FALSE
T1240 148:199.248 JLINK_IsHalted()
T1240 148:199.648 - 0.407ms returns FALSE
T1240 148:307.568 JLINK_IsHalted()
T1240 148:308.464 - 0.896ms returns FALSE
T1240 148:308.512 JLINK_IsHalted()
T1240 148:309.024 - 0.519ms returns FALSE
T4FF8 148:343.840 JLINK_IsHalted()
T4FF8 148:344.336 - 0.476ms returns FALSE
T4FF8 148:344.368 JLINK_IsHalted()
T4FF8 148:344.720 - 0.340ms returns FALSE
T1240 148:417.280 JLINK_IsHalted()
T1240 148:417.776 - 0.496ms returns FALSE
T1240 148:417.856 JLINK_IsHalted()
T1240 148:418.208 - 0.353ms returns FALSE
T1240 148:526.304 JLINK_IsHalted()
T1240 148:526.816 - 0.514ms returns FALSE
T1240 148:526.912 JLINK_IsHalted()
T1240 148:527.232 - 0.321ms returns FALSE
T1240 148:636.320 JLINK_IsHalted()
T1240 148:636.976 - 0.667ms returns FALSE
T1240 148:637.008 JLINK_IsHalted()
T1240 148:638.624 - 1.621ms returns FALSE
T1240 148:745.088 JLINK_IsHalted()
T1240 148:745.952 - 0.878ms returns FALSE
T1240 148:746.016 JLINK_IsHalted()
T1240 148:746.304 - 0.293ms returns FALSE
T1240 148:855.024 JLINK_IsHalted()
T1240 148:855.760 - 0.719ms returns FALSE
T1240 148:855.984 JLINK_IsHalted()
T1240 148:856.608 - 0.628ms returns FALSE
T1240 148:964.496 JLINK_IsHalted()
T1240 148:967.008 - 2.513ms returns FALSE
T1240 148:967.168 JLINK_IsHalted()
T1240 148:967.520 - 0.339ms returns FALSE
T1240 149:074.208 JLINK_IsHalted()
T1240 149:074.992 - 0.790ms returns FALSE
T1240 149:075.040 JLINK_IsHalted()
T1240 149:075.616 - 0.562ms returns FALSE
T1240 149:183.168 JLINK_IsHalted()
T1240 149:184.368 - 1.205ms returns FALSE
T1240 149:184.416 JLINK_IsHalted()
T1240 149:184.992 - 0.556ms returns FALSE
T1240 149:291.888 JLINK_IsHalted()
T1240 149:292.720 - 0.833ms returns FALSE
T1240 149:292.800 JLINK_IsHalted()
T1240 149:293.632 - 0.835ms returns FALSE
T4FF8 149:345.520 JLINK_IsHalted()
T4FF8 149:345.888 - 0.374ms returns FALSE
T4FF8 149:345.952 JLINK_IsHalted()
T4FF8 149:346.240 - 0.300ms returns FALSE
T1240 149:401.776 JLINK_IsHalted()
T1240 149:403.536 - 1.752ms returns FALSE
T1240 149:403.616 JLINK_IsHalted()
T1240 149:405.120 - 1.496ms returns FALSE
T1240 149:511.120 JLINK_IsHalted()
T1240 149:511.728 - 0.611ms returns FALSE
T1240 149:511.792 JLINK_IsHalted()
T1240 149:512.112 - 0.321ms returns FALSE
T1240 149:620.784 JLINK_IsHalted()
T1240 149:621.296 - 0.510ms returns FALSE
T1240 149:621.360 JLINK_IsHalted()
T1240 149:621.696 - 0.331ms returns FALSE
T1240 149:730.048 JLINK_IsHalted()
T1240 149:730.928 - 0.886ms returns FALSE
T1240 149:731.040 JLINK_IsHalted()
T1240 149:731.552 - 0.499ms returns FALSE
T1240 149:839.040 JLINK_IsHalted()
T1240 149:839.600 - 0.561ms returns FALSE
T1240 149:839.696 JLINK_IsHalted()
T1240 149:840.288 - 0.595ms returns FALSE
T1240 149:949.200 JLINK_IsHalted()
T1240 149:949.664 - 0.451ms returns FALSE
T1240 149:949.680 JLINK_IsHalted()
T1240 149:949.968 - 0.286ms returns FALSE
T1240 150:058.144 JLINK_IsHalted()
T1240 150:059.360 - 1.226ms returns FALSE
T1240 150:059.424 JLINK_IsHalted()
T1240 150:059.824 - 0.403ms returns FALSE
T1240 150:167.072 JLINK_IsHalted()
T1240 150:167.616 - 0.537ms returns FALSE
T1240 150:167.744 JLINK_IsHalted()
T1240 150:168.096 - 0.342ms returns FALSE
T1240 150:276.816 JLINK_IsHalted()
T1240 150:277.248 - 0.438ms returns FALSE
T1240 150:277.280 JLINK_IsHalted()
T1240 150:277.552 - 0.285ms returns FALSE
T4FF8 150:349.392 JLINK_IsHalted()
T4FF8 150:349.792 - 0.416ms returns FALSE
T4FF8 150:349.840 JLINK_IsHalted()
T4FF8 150:350.224 - 0.388ms returns FALSE
T1240 150:386.208 JLINK_IsHalted()
T1240 150:386.976 - 0.765ms returns FALSE
T1240 150:387.040 JLINK_IsHalted()
T1240 150:387.328 - 0.276ms returns FALSE
T1240 150:495.296 JLINK_IsHalted()
T1240 150:496.176 - 0.877ms returns FALSE
T1240 150:496.224 JLINK_IsHalted()
T1240 150:496.608 - 0.389ms returns FALSE
T1240 150:604.960 JLINK_IsHalted()
T1240 150:605.392 - 0.435ms returns FALSE
T1240 150:605.456 JLINK_IsHalted()
T1240 150:605.776 - 0.319ms returns FALSE
T1240 150:714.048 JLINK_IsHalted()
T1240 150:714.464 - 0.409ms returns FALSE
T1240 150:714.512 JLINK_IsHalted()
T1240 150:714.768 - 0.260ms returns FALSE
T1240 150:823.232 JLINK_IsHalted()
T1240 150:823.712 - 0.481ms returns FALSE
T1240 150:823.744 JLINK_IsHalted()
T1240 150:824.144 - 0.387ms returns FALSE
T1240 150:933.344 JLINK_IsHalted()
T1240 150:933.792 - 0.448ms returns FALSE
T1240 150:933.856 JLINK_IsHalted()
T1240 150:934.144 - 0.294ms returns FALSE
T1240 151:042.176 JLINK_IsHalted()
T1240 151:042.624 - 0.445ms returns FALSE
T1240 151:042.656 JLINK_IsHalted()
T1240 151:042.912 - 0.250ms returns FALSE
T1240 151:152.048 JLINK_IsHalted()
T1240 151:152.768 - 0.714ms returns FALSE
T1240 151:152.864 JLINK_IsHalted()
T1240 151:153.312 - 0.452ms returns FALSE
T1240 151:261.600 JLINK_IsHalted()
T1240 151:262.560 - 0.971ms returns FALSE
T1240 151:262.688 JLINK_IsHalted()
T1240 151:263.168 - 0.476ms returns FALSE
T4FF8 151:349.664 JLINK_IsHalted()
T4FF8 151:350.096 - 0.412ms returns FALSE
T4FF8 151:350.112 JLINK_IsHalted()
T4FF8 151:350.496 - 0.384ms returns FALSE
T1240 151:370.112 JLINK_IsHalted()
T1240 151:370.688 - 0.568ms returns FALSE
T1240 151:370.720 JLINK_IsHalted()
T1240 151:371.184 - 0.455ms returns FALSE
T1240 151:480.032 JLINK_IsHalted()
T1240 151:480.672 - 0.629ms returns FALSE
T1240 151:480.752 JLINK_IsHalted()
T1240 151:481.168 - 0.417ms returns FALSE
T1240 151:589.440 JLINK_IsHalted()
T1240 151:590.048 - 0.605ms returns FALSE
T1240 151:590.112 JLINK_IsHalted()
T1240 151:590.560 - 0.444ms returns FALSE
T1240 151:698.928 JLINK_IsHalted()
T1240 151:699.616 - 0.687ms returns FALSE
T1240 151:699.680 JLINK_IsHalted()
T1240 151:699.952 - 0.274ms returns FALSE
T1240 151:808.416 JLINK_IsHalted()
T1240 151:809.264 - 0.834ms returns FALSE
T1240 151:809.312 JLINK_IsHalted()
T1240 151:809.824 - 0.492ms returns FALSE
T1240 151:917.728 JLINK_IsHalted()
T1240 151:918.272 - 0.530ms returns FALSE
T1240 151:918.320 JLINK_IsHalted()
T1240 151:918.624 - 0.293ms returns FALSE
T1240 152:026.656 JLINK_IsHalted()
T1240 152:027.280 - 0.613ms returns FALSE
T1240 152:027.344 JLINK_IsHalted()
T1240 152:028.160 - 0.825ms returns FALSE
T1240 152:136.592 JLINK_IsHalted()
T1240 152:141.584 - 5.000ms returns FALSE
T1240 152:141.616 JLINK_IsHalted()
T1240 152:141.920 - 0.283ms returns FALSE
T1240 152:245.232 JLINK_IsHalted()
T1240 152:245.840 - 0.604ms returns FALSE
T1240 152:245.920 JLINK_IsHalted()
T1240 152:246.384 - 0.472ms returns FALSE
T4FF8 152:351.904 JLINK_IsHalted()
T4FF8 152:354.736 - 2.824ms returns FALSE
T4FF8 152:354.832 JLINK_IsHalted()
T4FF8 152:355.408 - 0.573ms returns FALSE
T1240 152:355.504 JLINK_IsHalted()
T1240 152:357.312 - 1.808ms returns FALSE
T1240 152:357.344 JLINK_IsHalted()
T1240 152:357.712 - 0.368ms returns FALSE
T1240 152:464.624 JLINK_IsHalted()
T1240 152:465.104 - 0.468ms returns FALSE
T1240 152:465.120 JLINK_IsHalted()
T1240 152:465.440 - 0.324ms returns FALSE
T1240 152:573.840 JLINK_IsHalted()
T1240 152:574.816 - 0.973ms returns FALSE
T1240 152:574.880 JLINK_IsHalted()
T1240 152:575.392 - 0.499ms returns FALSE
T1240 152:683.232 JLINK_IsHalted()
T1240 152:684.032 - 0.803ms returns FALSE
T1240 152:684.128 JLINK_IsHalted()
T1240 152:684.480 - 0.349ms returns FALSE
T1240 152:792.736 JLINK_IsHalted()
T1240 152:793.184 - 0.443ms returns FALSE
T1240 152:793.200 JLINK_IsHalted()
T1240 152:793.488 - 0.285ms returns FALSE
T1240 152:901.312 JLINK_IsHalted()
T1240 152:901.904 - 0.584ms returns FALSE
T1240 152:901.984 JLINK_IsHalted()
T1240 152:902.448 - 0.467ms returns FALSE
T1240 153:011.168 JLINK_IsHalted()
T1240 153:011.728 - 0.553ms returns FALSE
T1240 153:011.808 JLINK_IsHalted()
T1240 153:012.192 - 0.387ms returns FALSE
T1240 153:120.976 JLINK_IsHalted()
T1240 153:121.488 - 0.503ms returns FALSE
T1240 153:121.568 JLINK_IsHalted()
T1240 153:122.032 - 0.454ms returns FALSE
T1240 153:229.408 JLINK_IsHalted()
T1240 153:229.904 - 0.486ms returns FALSE
T1240 153:229.936 JLINK_IsHalted()
T1240 153:230.256 - 0.313ms returns FALSE
T1240 153:339.696 JLINK_IsHalted()
T1240 153:340.240 - 0.528ms returns FALSE
T1240 153:340.256 JLINK_IsHalted()
T1240 153:341.856 - 1.577ms returns FALSE
T4FF8 153:355.760 JLINK_IsHalted()
T4FF8 153:356.208 - 0.448ms returns FALSE
T4FF8 153:356.256 JLINK_IsHalted()
T4FF8 153:356.544 - 0.276ms returns FALSE
T1240 153:449.120 JLINK_IsHalted()
T1240 153:449.696 - 0.564ms returns FALSE
T1240 153:449.760 JLINK_IsHalted()
T1240 153:450.192 - 0.412ms returns FALSE
T1240 153:558.256 JLINK_IsHalted()
T1240 153:558.880 - 0.604ms returns FALSE
T1240 153:558.976 JLINK_IsHalted()
T1240 153:559.424 - 0.446ms returns FALSE
T1240 153:667.008 JLINK_IsHalted()
T1240 153:667.520 - 0.511ms returns FALSE
T1240 153:667.568 JLINK_IsHalted()
T1240 153:668.096 - 0.528ms returns FALSE
T1240 153:776.864 JLINK_IsHalted()
T1240 153:777.520 - 0.645ms returns FALSE
T1240 153:777.584 JLINK_IsHalted()
T1240 153:778.048 - 0.451ms returns FALSE
T1240 153:886.128 JLINK_IsHalted()
T1240 153:886.704 - 0.573ms returns FALSE
T1240 153:886.896 JLINK_IsHalted()
T1240 153:887.440 - 0.545ms returns FALSE
T1240 153:995.488 JLINK_IsHalted()
T1240 153:996.576 - 1.102ms returns FALSE
T1240 153:996.704 JLINK_IsHalted()
T1240 153:997.184 - 0.475ms returns FALSE
T1240 154:104.736 JLINK_IsHalted()
T1240 154:105.296 - 0.570ms returns FALSE
T1240 154:105.376 JLINK_IsHalted()
T1240 154:105.680 - 0.304ms returns FALSE
T1240 154:214.624 JLINK_IsHalted()
T1240 154:215.328 - 0.700ms returns FALSE
T1240 154:215.360 JLINK_IsHalted()
T1240 154:215.856 - 0.502ms returns FALSE
T1240 154:323.664 JLINK_IsHalted()
T1240 154:324.608 - 0.950ms returns FALSE
T1240 154:324.704 JLINK_IsHalted()
T1240 154:325.168 - 0.451ms returns FALSE
T4FF8 154:357.344 JLINK_IsHalted()
T4FF8 154:357.808 - 0.455ms returns FALSE
T4FF8 154:357.872 JLINK_IsHalted()
T4FF8 154:358.192 - 0.320ms returns FALSE
T1240 154:433.280 JLINK_IsHalted()
T1240 154:433.888 - 0.618ms returns FALSE
T1240 154:433.952 JLINK_IsHalted()
T1240 154:434.400 - 0.442ms returns FALSE
T1240 154:542.336 JLINK_IsHalted()
T1240 154:542.944 - 0.593ms returns FALSE
T1240 154:543.008 JLINK_IsHalted()
T1240 154:543.312 - 0.292ms returns FALSE
T1240 154:651.696 JLINK_IsHalted()
T1240 154:652.288 - 0.588ms returns FALSE
T1240 154:652.336 JLINK_IsHalted()
T1240 154:652.640 - 0.303ms returns FALSE
T1240 154:761.584 JLINK_IsHalted()
T1240 154:762.208 - 0.625ms returns FALSE
T1240 154:762.256 JLINK_IsHalted()
T1240 154:762.592 - 0.341ms returns FALSE
T1240 154:870.048 JLINK_IsHalted()
T1240 154:872.096 - 2.045ms returns FALSE
T1240 154:872.160 JLINK_IsHalted()
T1240 154:872.448 - 0.279ms returns FALSE
T1240 154:980.160 JLINK_IsHalted()
T1240 154:980.640 - 0.474ms returns FALSE
T1240 154:980.656 JLINK_IsHalted()
T1240 154:980.912 - 0.258ms returns FALSE
T1240 155:089.296 JLINK_IsHalted()
T1240 155:089.760 - 0.480ms returns FALSE
T1240 155:089.824 JLINK_IsHalted()
T1240 155:090.128 - 0.301ms returns FALSE
T1240 155:198.656 JLINK_IsHalted()
T1240 155:199.200 - 0.537ms returns FALSE
T1240 155:199.232 JLINK_IsHalted()
T1240 155:199.584 - 0.358ms returns FALSE
T1240 155:308.256 JLINK_IsHalted()
T1240 155:308.768 - 0.493ms returns FALSE
T1240 155:308.864 JLINK_IsHalted()
T1240 155:309.216 - 0.340ms returns FALSE
T4FF8 155:358.432 JLINK_IsHalted()
T4FF8 155:358.912 - 0.489ms returns FALSE
T4FF8 155:358.976 JLINK_IsHalted()
T4FF8 155:359.392 - 0.417ms returns FALSE
T1240 155:417.280 JLINK_IsHalted()
T1240 155:417.744 - 0.465ms returns FALSE
T1240 155:417.760 JLINK_IsHalted()
T1240 155:418.064 - 0.294ms returns FALSE
T1240 155:526.752 JLINK_IsHalted()
T1240 155:527.232 - 0.487ms returns FALSE
T1240 155:527.264 JLINK_IsHalted()
T1240 155:527.632 - 0.347ms returns FALSE
T1240 155:636.000 JLINK_IsHalted()
T1240 155:636.512 - 0.506ms returns FALSE
T1240 155:636.576 JLINK_IsHalted()
T1240 155:636.992 - 0.431ms returns FALSE
T1240 155:745.088 JLINK_IsHalted()
T1240 155:745.568 - 0.472ms returns FALSE
T1240 155:745.584 JLINK_IsHalted()
T1240 155:745.856 - 0.262ms returns FALSE
T1240 155:854.432 JLINK_IsHalted()
T1240 155:855.168 - 0.728ms returns FALSE
T1240 155:855.296 JLINK_IsHalted()
T1240 155:855.904 - 0.601ms returns FALSE
T1240 155:964.704 JLINK_IsHalted()
T1240 155:965.728 - 1.023ms returns FALSE
T1240 155:965.968 JLINK_IsHalted()
T1240 155:966.928 - 0.967ms returns FALSE
T1240 156:074.016 JLINK_IsHalted()
T1240 156:074.800 - 0.782ms returns FALSE
T1240 156:074.992 JLINK_IsHalted()
T1240 156:075.472 - 0.475ms returns FALSE
T1240 156:183.392 JLINK_IsHalted()
T1240 156:184.016 - 0.615ms returns FALSE
T1240 156:184.064 JLINK_IsHalted()
T1240 156:184.448 - 0.380ms returns FALSE
T1240 156:292.640 JLINK_IsHalted()
T1240 156:293.168 - 0.518ms returns FALSE
T1240 156:293.216 JLINK_IsHalted()
T1240 156:293.568 - 0.354ms returns FALSE
T4FF8 156:360.080 JLINK_IsHalted()
T4FF8 156:360.736 - 0.650ms returns FALSE
T4FF8 156:360.864 JLINK_IsHalted()
T4FF8 156:361.328 - 0.459ms returns FALSE
T1240 156:401.936 JLINK_IsHalted()
T1240 156:402.400 - 0.474ms returns FALSE
T1240 156:402.448 JLINK_IsHalted()
T1240 156:402.848 - 0.398ms returns FALSE
T1240 156:511.552 JLINK_IsHalted()
T1240 156:512.208 - 0.649ms returns FALSE
T1240 156:512.240 JLINK_IsHalted()
T1240 156:512.848 - 0.599ms returns FALSE
T1240 156:620.896 JLINK_IsHalted()
T1240 156:621.408 - 0.529ms returns FALSE
T1240 156:621.472 JLINK_IsHalted()
T1240 156:622.016 - 0.535ms returns FALSE
T1240 156:730.128 JLINK_IsHalted()
T1240 156:730.656 - 0.544ms returns FALSE
T1240 156:730.752 JLINK_IsHalted()
T1240 156:731.104 - 0.358ms returns FALSE
T1240 156:839.040 JLINK_IsHalted()
T1240 156:839.536 - 0.496ms returns FALSE
T1240 156:839.584 JLINK_IsHalted()
T1240 156:840.032 - 0.434ms returns FALSE
T1240 156:948.960 JLINK_IsHalted()
T1240 156:949.520 - 0.553ms returns FALSE
T1240 156:949.600 JLINK_IsHalted()
T1240 156:949.984 - 0.388ms returns FALSE
T1240 157:057.632 JLINK_IsHalted()
T1240 157:058.144 - 0.514ms returns FALSE
T1240 157:058.208 JLINK_IsHalted()
T1240 157:058.496 - 0.300ms returns FALSE
T1240 157:167.360 JLINK_IsHalted()
T1240 157:167.904 - 0.531ms returns FALSE
T1240 157:167.952 JLINK_IsHalted()
T1240 157:168.368 - 0.415ms returns FALSE
T1240 157:276.544 JLINK_IsHalted()
T1240 157:277.152 - 0.613ms returns FALSE
T1240 157:277.232 JLINK_IsHalted()
T1240 157:277.824 - 0.592ms returns FALSE
T4FF8 157:361.888 JLINK_IsHalted()
T4FF8 157:362.464 - 0.576ms returns FALSE
T4FF8 157:362.608 JLINK_IsHalted()
T4FF8 157:363.184 - 0.577ms returns FALSE
T1240 157:385.952 JLINK_IsHalted()
T1240 157:386.848 - 0.906ms returns FALSE
T1240 157:386.928 JLINK_IsHalted()
T1240 157:388.384 - 1.440ms returns FALSE
T1240 157:496.032 JLINK_IsHalted()
T1240 157:496.480 - 0.441ms returns FALSE
T1240 157:496.544 JLINK_IsHalted()
T1240 157:496.896 - 0.334ms returns FALSE
T1240 157:604.976 JLINK_IsHalted()
T1240 157:605.536 - 0.571ms returns FALSE
T1240 157:605.632 JLINK_IsHalted()
T1240 157:605.968 - 0.332ms returns FALSE
T1240 157:714.096 JLINK_IsHalted()
T1240 157:714.528 - 0.429ms returns FALSE
T1240 157:714.624 JLINK_IsHalted()
T1240 157:714.960 - 0.325ms returns FALSE
T1240 157:824.064 JLINK_IsHalted()
T1240 157:824.576 - 0.505ms returns FALSE
T1240 157:824.640 JLINK_IsHalted()
T1240 157:824.960 - 0.320ms returns FALSE
T1240 157:932.912 JLINK_IsHalted()
T1240 157:933.440 - 0.519ms returns FALSE
T1240 157:933.520 JLINK_IsHalted()
T1240 157:933.920 - 0.393ms returns FALSE
T1240 158:042.592 JLINK_IsHalted()
T1240 158:043.120 - 0.536ms returns FALSE
T1240 158:043.168 JLINK_IsHalted()
T1240 158:043.552 - 0.374ms returns FALSE
T1240 158:152.016 JLINK_IsHalted()
T1240 158:152.560 - 0.549ms returns FALSE
T1240 158:152.656 JLINK_IsHalted()
T1240 158:153.136 - 0.475ms returns FALSE
T1240 158:261.520 JLINK_IsHalted()
T1240 158:262.224 - 0.712ms returns FALSE
T1240 158:262.368 JLINK_IsHalted()
T1240 158:262.848 - 0.481ms returns FALSE
T4FF8 158:364.064 JLINK_IsHalted()
T4FF8 158:364.576 - 0.530ms returns FALSE
T4FF8 158:364.656 JLINK_IsHalted()
T4FF8 158:365.200 - 0.531ms returns FALSE
T1240 158:370.976 JLINK_IsHalted()
T1240 158:371.680 - 0.698ms returns FALSE
T1240 158:371.744 JLINK_IsHalted()
T1240 158:372.304 - 0.546ms returns FALSE
T1240 158:480.320 JLINK_IsHalted()
T1240 158:480.928 - 0.588ms returns FALSE
T1240 158:481.184 JLINK_IsHalted()
T1240 158:481.728 - 0.559ms returns FALSE
T1240 158:589.072 JLINK_IsHalted()
T1240 158:589.808 - 0.738ms returns FALSE
T1240 158:589.888 JLINK_IsHalted()
T1240 158:590.560 - 0.661ms returns FALSE
T1240 158:699.136 JLINK_IsHalted()
T1240 158:699.840 - 0.706ms returns FALSE
T1240 158:699.936 JLINK_IsHalted()
T1240 158:700.256 - 0.326ms returns FALSE
T1240 158:807.840 JLINK_IsHalted()
T1240 158:808.352 - 0.510ms returns FALSE
T1240 158:808.384 JLINK_IsHalted()
T1240 158:808.752 - 0.368ms returns FALSE
T1240 158:917.920 JLINK_IsHalted()
T1240 158:918.416 - 0.495ms returns FALSE
T1240 158:918.464 JLINK_IsHalted()
T1240 158:918.816 - 0.337ms returns FALSE
T1240 159:027.072 JLINK_IsHalted()
T1240 159:027.520 - 0.441ms returns FALSE
T1240 159:027.600 JLINK_IsHalted()
T1240 159:027.968 - 0.365ms returns FALSE
T1240 159:136.512 JLINK_IsHalted()
T1240 159:137.200 - 0.690ms returns FALSE
T1240 159:137.344 JLINK_IsHalted()
T1240 159:137.952 - 0.619ms returns FALSE
T1240 159:245.376 JLINK_IsHalted()
T1240 159:245.920 - 0.553ms returns FALSE
T1240 159:245.984 JLINK_IsHalted()
T1240 159:246.304 - 0.301ms returns FALSE
T1240 159:354.720 JLINK_IsHalted()
T1240 159:355.440 - 0.733ms returns FALSE
T1240 159:355.568 JLINK_IsHalted()
T1240 159:355.968 - 0.395ms returns FALSE
T4FF8 159:365.664 JLINK_IsHalted()
T4FF8 159:366.192 - 0.535ms returns FALSE
T4FF8 159:366.272 JLINK_IsHalted()
T4FF8 159:366.688 - 0.403ms returns FALSE
T1240 159:464.704 JLINK_IsHalted()
T1240 159:465.216 - 0.515ms returns FALSE
T1240 159:465.248 JLINK_IsHalted()
T1240 159:465.632 - 0.385ms returns FALSE
T1240 159:573.264 JLINK_IsHalted()
T1240 159:573.920 - 0.655ms returns FALSE
T1240 159:573.968 JLINK_IsHalted()
T1240 159:574.368 - 0.390ms returns FALSE
T1240 159:682.848 JLINK_IsHalted()
T1240 159:683.312 - 0.460ms returns FALSE
T1240 159:683.360 JLINK_IsHalted()
T1240 159:683.872 - 0.522ms returns FALSE
T1240 159:792.544 JLINK_IsHalted()
T1240 159:793.408 - 0.867ms returns FALSE
T1240 159:793.472 JLINK_IsHalted()
T1240 159:794.016 - 0.529ms returns FALSE
T1240 159:901.984 JLINK_IsHalted()
T1240 159:902.560 - 0.575ms returns FALSE
T1240 159:902.640 JLINK_IsHalted()
T1240 159:903.024 - 0.390ms returns FALSE
T1240 160:010.832 JLINK_IsHalted()
T1240 160:011.296 - 0.467ms returns FALSE
T1240 160:011.312 JLINK_IsHalted()
T1240 160:011.616 - 0.286ms returns FALSE
T1240 160:120.880 JLINK_IsHalted()
T1240 160:121.296 - 0.414ms returns FALSE
T1240 160:121.360 JLINK_IsHalted()
T1240 160:121.664 - 0.304ms returns FALSE
T1240 160:229.488 JLINK_IsHalted()
T1240 160:230.048 - 0.543ms returns FALSE
T1240 160:230.080 JLINK_IsHalted()
T1240 160:230.496 - 0.422ms returns FALSE
T1240 160:339.552 JLINK_IsHalted()
T1240 160:339.984 - 0.435ms returns FALSE
T1240 160:340.048 JLINK_IsHalted()
T1240 160:340.384 - 0.332ms returns FALSE
T4FF8 160:366.832 JLINK_IsHalted()
T4FF8 160:367.488 - 0.655ms returns FALSE
T4FF8 160:367.552 JLINK_IsHalted()
T4FF8 160:367.920 - 0.375ms returns FALSE
T1240 160:448.608 JLINK_IsHalted()
T1240 160:449.184 - 0.591ms returns FALSE
T1240 160:449.248 JLINK_IsHalted()
T1240 160:449.728 - 0.472ms returns FALSE
T1240 160:557.856 JLINK_IsHalted()
T1240 160:558.336 - 0.495ms returns FALSE
T1240 160:558.400 JLINK_IsHalted()
T1240 160:558.816 - 0.406ms returns FALSE
T1240 160:667.360 JLINK_IsHalted()
T1240 160:668.112 - 0.757ms returns FALSE
T1240 160:668.336 JLINK_IsHalted()
T1240 160:668.800 - 0.460ms returns FALSE
T1240 160:776.544 JLINK_IsHalted()
T1240 160:777.264 - 0.720ms returns FALSE
T1240 160:777.424 JLINK_IsHalted()
T1240 160:777.840 - 0.413ms returns FALSE
T1240 160:885.728 JLINK_IsHalted()
T1240 160:886.528 - 0.802ms returns FALSE
T1240 160:886.608 JLINK_IsHalted()
T1240 160:887.040 - 0.440ms returns FALSE
T1240 160:995.488 JLINK_IsHalted()
T1240 160:996.000 - 0.506ms returns FALSE
T1240 160:996.080 JLINK_IsHalted()
T1240 160:996.496 - 0.405ms returns FALSE
T1240 161:105.072 JLINK_IsHalted()
T1240 161:105.680 - 0.610ms returns FALSE
T1240 161:105.760 JLINK_IsHalted()
T1240 161:106.080 - 0.334ms returns FALSE
T1240 161:214.752 JLINK_IsHalted()
T1240 161:215.328 - 0.591ms returns FALSE
T1240 161:215.408 JLINK_IsHalted()
T1240 161:215.776 - 0.374ms returns FALSE
T1240 161:323.584 JLINK_IsHalted()
T1240 161:324.112 - 0.531ms returns FALSE
T1240 161:324.176 JLINK_IsHalted()
T1240 161:324.480 - 0.310ms returns FALSE
T4FF8 161:368.512 JLINK_IsHalted()
T4FF8 161:368.944 - 0.423ms returns FALSE
T4FF8 161:369.008 JLINK_IsHalted()
T4FF8 161:369.344 - 0.339ms returns FALSE
T1240 161:433.152 JLINK_IsHalted()
T1240 161:433.792 - 0.637ms returns FALSE
T1240 161:433.872 JLINK_IsHalted()
T1240 161:434.272 - 0.412ms returns FALSE
T1240 161:542.336 JLINK_IsHalted()
T1240 161:542.880 - 0.549ms returns FALSE
T1240 161:542.944 JLINK_IsHalted()
T1240 161:543.328 - 0.366ms returns FALSE
T1240 161:651.936 JLINK_IsHalted()
T1240 161:653.008 - 1.066ms returns FALSE
T1240 161:653.136 JLINK_IsHalted()
T1240 161:653.536 - 0.384ms returns FALSE
T1240 161:761.120 JLINK_IsHalted()
T1240 161:761.888 - 0.775ms returns FALSE
T1240 161:761.968 JLINK_IsHalted()
T1240 161:762.384 - 0.406ms returns FALSE
T1240 161:870.128 JLINK_IsHalted()
T1240 161:870.816 - 0.677ms returns FALSE
T1240 161:870.912 JLINK_IsHalted()
T1240 161:871.296 - 0.385ms returns FALSE
T1240 161:979.920 JLINK_IsHalted()
T1240 161:980.496 - 0.584ms returns FALSE
T1240 161:980.528 JLINK_IsHalted()
T1240 161:980.992 - 0.457ms returns FALSE
T1240 162:089.808 JLINK_IsHalted()
T1240 162:090.416 - 0.600ms returns FALSE
T1240 162:090.496 JLINK_IsHalted()
T1240 162:090.896 - 0.398ms returns FALSE
T1240 162:198.496 JLINK_IsHalted()
T1240 162:199.008 - 0.505ms returns FALSE
T1240 162:199.136 JLINK_IsHalted()
T1240 162:199.440 - 0.300ms returns FALSE
T1240 162:307.936 JLINK_IsHalted()
T1240 162:308.432 - 0.486ms returns FALSE
T1240 162:308.512 JLINK_IsHalted()
T1240 162:308.960 - 0.435ms returns FALSE
T4FF8 162:369.904 JLINK_IsHalted()
T4FF8 162:370.448 - 0.532ms returns FALSE
T4FF8 162:370.544 JLINK_IsHalted()
T4FF8 162:370.944 - 0.398ms returns FALSE
T1240 162:417.312 JLINK_IsHalted()
T1240 162:417.744 - 0.420ms returns FALSE
T1240 162:417.792 JLINK_IsHalted()
T1240 162:418.128 - 0.324ms returns FALSE
T1240 162:526.352 JLINK_IsHalted()
T1240 162:526.896 - 0.538ms returns FALSE
T1240 162:526.976 JLINK_IsHalted()
T1240 162:527.312 - 0.333ms returns FALSE
T1240 162:636.768 JLINK_IsHalted()
T1240 162:637.328 - 0.566ms returns FALSE
T1240 162:637.376 JLINK_IsHalted()
T1240 162:638.016 - 0.642ms returns FALSE
T1240 162:745.552 JLINK_IsHalted()
T1240 162:746.144 - 0.600ms returns FALSE
T1240 162:746.192 JLINK_IsHalted()
T1240 162:746.816 - 0.628ms returns FALSE
T1240 162:855.472 JLINK_IsHalted()
T1240 162:856.064 - 0.590ms returns FALSE
T1240 162:856.144 JLINK_IsHalted()
T1240 162:856.704 - 0.557ms returns FALSE
T1240 162:964.448 JLINK_IsHalted()
T1240 162:965.280 - 0.809ms returns FALSE
T1240 162:965.344 JLINK_IsHalted()
T1240 162:965.824 - 0.473ms returns FALSE
T1240 163:074.224 JLINK_IsHalted()
T1240 163:074.928 - 0.696ms returns FALSE
T1240 163:075.008 JLINK_IsHalted()
T1240 163:075.376 - 0.378ms returns FALSE
T1240 163:183.264 JLINK_IsHalted()
T1240 163:183.824 - 0.554ms returns FALSE
T1240 163:183.872 JLINK_IsHalted()
T1240 163:184.384 - 0.513ms returns FALSE
T1240 163:292.768 JLINK_IsHalted()
T1240 163:293.344 - 0.576ms returns FALSE
T1240 163:293.376 JLINK_IsHalted()
T1240 163:293.776 - 0.403ms returns FALSE
T4FF8 163:371.440 JLINK_IsHalted()
T4FF8 163:371.952 - 0.517ms returns FALSE
T4FF8 163:372.112 JLINK_IsHalted()
T4FF8 163:372.592 - 0.483ms returns FALSE
T1240 163:402.080 JLINK_IsHalted()
T1240 163:402.688 - 0.624ms returns FALSE
T1240 163:402.768 JLINK_IsHalted()
T1240 163:403.584 - 0.818ms returns FALSE
T1240 163:510.928 JLINK_IsHalted()
T1240 163:511.552 - 0.620ms returns FALSE
T1240 163:511.632 JLINK_IsHalted()
T1240 163:512.048 - 0.422ms returns FALSE
T1240 163:620.640 JLINK_IsHalted()
T1240 163:621.120 - 0.488ms returns FALSE
T1240 163:621.200 JLINK_IsHalted()
T1240 163:621.600 - 0.396ms returns FALSE
T1240 163:729.856 JLINK_IsHalted()
T1240 163:730.608 - 0.746ms returns FALSE
T1240 163:730.688 JLINK_IsHalted()
T1240 163:731.104 - 0.407ms returns FALSE
T1240 163:839.248 JLINK_IsHalted()
T1240 163:839.680 - 0.431ms returns FALSE
T1240 163:839.712 JLINK_IsHalted()
T1240 163:840.128 - 0.418ms returns FALSE
T1240 163:948.976 JLINK_IsHalted()
T1240 163:949.488 - 0.508ms returns FALSE
T1240 163:949.536 JLINK_IsHalted()
T1240 163:949.840 - 0.300ms returns FALSE
T1240 164:057.776 JLINK_IsHalted()
T1240 164:058.704 - 0.914ms returns FALSE
T1240 164:058.768 JLINK_IsHalted()
T1240 164:059.088 - 0.323ms returns FALSE
T1240 164:167.856 JLINK_IsHalted()
T1240 164:168.320 - 0.461ms returns FALSE
T1240 164:168.352 JLINK_IsHalted()
T1240 164:168.608 - 0.267ms returns FALSE
T1240 164:277.264 JLINK_IsHalted()
T1240 164:277.728 - 0.454ms returns FALSE
T1240 164:277.760 JLINK_IsHalted()
T1240 164:278.096 - 0.328ms returns FALSE
T4FF8 164:372.768 JLINK_IsHalted()
T4FF8 164:373.264 - 0.475ms returns FALSE
T4FF8 164:373.296 JLINK_IsHalted()
T4FF8 164:373.616 - 0.310ms returns FALSE
T1240 164:385.824 JLINK_IsHalted()
T1240 164:386.256 - 0.444ms returns FALSE
T1240 164:386.288 JLINK_IsHalted()
T1240 164:386.576 - 0.283ms returns FALSE
T1240 164:495.328 JLINK_IsHalted()
T1240 164:496.416 - 1.072ms returns FALSE
T1240 164:496.512 JLINK_IsHalted()
T1240 164:498.720 - 2.201ms returns FALSE
T1240 164:604.592 JLINK_IsHalted()
T1240 164:605.360 - 0.762ms returns FALSE
T1240 164:605.408 JLINK_IsHalted()
T1240 164:605.728 - 0.332ms returns FALSE
T1240 164:714.128 JLINK_IsHalted()
T1240 164:714.704 - 0.584ms returns FALSE
T1240 164:714.768 JLINK_IsHalted()
T1240 164:715.248 - 0.483ms returns FALSE
T1240 164:823.264 JLINK_IsHalted()
T1240 164:823.808 - 0.542ms returns FALSE
T1240 164:823.872 JLINK_IsHalted()
T1240 164:824.176 - 0.311ms returns FALSE
T1240 164:933.088 JLINK_IsHalted()
T1240 164:933.648 - 0.557ms returns FALSE
T1240 164:933.680 JLINK_IsHalted()
T1240 164:933.984 - 0.303ms returns FALSE
T1240 165:042.400 JLINK_IsHalted()
T1240 165:042.864 - 0.473ms returns FALSE
T1240 165:042.912 JLINK_IsHalted()
T1240 165:043.296 - 0.359ms returns FALSE
T1240 165:151.632 JLINK_IsHalted()
T1240 165:152.336 - 0.700ms returns FALSE
T1240 165:152.368 JLINK_IsHalted()
T1240 165:152.704 - 0.330ms returns FALSE
T1240 165:260.928 JLINK_IsHalted()
T1240 165:261.360 - 0.436ms returns FALSE
T1240 165:261.456 JLINK_IsHalted()
T1240 165:262.960 - 1.509ms returns FALSE
T1240 165:370.224 JLINK_IsHalted()
T1240 165:371.472 - 1.238ms returns FALSE
T1240 165:371.552 JLINK_IsHalted()
T1240 165:372.192 - 0.657ms returns FALSE
T4FF8 165:374.464 JLINK_IsHalted()
T4FF8 165:374.912 - 0.454ms returns FALSE
T4FF8 165:374.960 JLINK_IsHalted()
T4FF8 165:375.392 - 0.432ms returns FALSE
T1240 165:479.584 JLINK_IsHalted()
T1240 165:480.192 - 0.594ms returns FALSE
T1240 165:480.256 JLINK_IsHalted()
T1240 165:480.608 - 0.355ms returns FALSE
T1240 165:589.472 JLINK_IsHalted()
T1240 165:590.144 - 0.673ms returns FALSE
T1240 165:590.240 JLINK_IsHalted()
T1240 165:590.624 - 0.401ms returns FALSE
T1240 165:698.816 JLINK_IsHalted()
T1240 165:699.568 - 0.748ms returns FALSE
T1240 165:699.808 JLINK_IsHalted()
T1240 165:700.208 - 0.399ms returns FALSE
T1240 165:807.776 JLINK_IsHalted()
T1240 165:808.608 - 0.823ms returns FALSE
T1240 165:808.832 JLINK_IsHalted()
T1240 165:809.376 - 0.554ms returns FALSE
T1240 165:917.024 JLINK_IsHalted()
T1240 165:918.032 - 1.001ms returns FALSE
T1240 165:918.112 JLINK_IsHalted()
T1240 165:918.576 - 0.469ms returns FALSE
T1240 166:026.704 JLINK_IsHalted()
T1240 166:027.376 - 0.682ms returns FALSE
T1240 166:027.488 JLINK_IsHalted()
T1240 166:027.936 - 0.431ms returns FALSE
T1240 166:135.984 JLINK_IsHalted()
T1240 166:137.696 - 1.708ms returns FALSE
T1240 166:137.760 JLINK_IsHalted()
T1240 166:138.320 - 0.550ms returns FALSE
T1240 166:246.080 JLINK_IsHalted()
T1240 166:246.624 - 0.549ms returns FALSE
T1240 166:246.688 JLINK_IsHalted()
T1240 166:247.168 - 0.469ms returns FALSE
T1240 166:354.624 JLINK_IsHalted()
T1240 166:355.200 - 0.581ms returns FALSE
T1240 166:355.280 JLINK_IsHalted()
T1240 166:355.680 - 0.387ms returns FALSE
T4FF8 166:376.016 JLINK_IsHalted()
T4FF8 166:376.480 - 0.454ms returns FALSE
T4FF8 166:376.512 JLINK_IsHalted()
T4FF8 166:377.120 - 0.602ms returns FALSE
T1240 166:464.224 JLINK_IsHalted()
T1240 166:464.832 - 0.593ms returns FALSE
T1240 166:464.928 JLINK_IsHalted()
T1240 166:465.312 - 0.374ms returns FALSE
T1240 166:573.424 JLINK_IsHalted()
T1240 166:574.000 - 0.583ms returns FALSE
T1240 166:574.224 JLINK_IsHalted()
T1240 166:574.608 - 0.385ms returns FALSE
T1240 166:682.864 JLINK_IsHalted()
T1240 166:683.376 - 0.518ms returns FALSE
T1240 166:683.440 JLINK_IsHalted()
T1240 166:683.808 - 0.374ms returns FALSE
T1240 166:792.864 JLINK_IsHalted()
T1240 166:793.392 - 0.541ms returns FALSE
T1240 166:793.504 JLINK_IsHalted()
T1240 166:794.112 - 0.616ms returns FALSE
T1240 166:901.728 JLINK_IsHalted()
T1240 166:902.336 - 0.603ms returns FALSE
T1240 166:902.416 JLINK_IsHalted()
T1240 166:902.768 - 0.355ms returns FALSE
T1240 167:010.944 JLINK_IsHalted()
T1240 167:011.552 - 0.608ms returns FALSE
T1240 167:011.632 JLINK_IsHalted()
T1240 167:012.016 - 0.380ms returns FALSE
T1240 167:120.784 JLINK_IsHalted()
T1240 167:121.280 - 0.496ms returns FALSE
T1240 167:121.312 JLINK_IsHalted()
T1240 167:121.632 - 0.314ms returns FALSE
T1240 167:230.368 JLINK_IsHalted()
T1240 167:231.040 - 0.674ms returns FALSE
T1240 167:231.104 JLINK_IsHalted()
T1240 167:231.520 - 0.413ms returns FALSE
T1240 167:338.976 JLINK_IsHalted()
T1240 167:339.472 - 0.504ms returns FALSE
T1240 167:339.504 JLINK_IsHalted()
T1240 167:339.872 - 0.373ms returns FALSE
T4FF8 167:377.920 JLINK_IsHalted()
T4FF8 167:378.512 - 0.585ms returns FALSE
T4FF8 167:378.560 JLINK_IsHalted()
T4FF8 167:379.168 - 0.602ms returns FALSE
T1240 167:449.136 JLINK_IsHalted()
T1240 167:449.888 - 0.753ms returns FALSE
T1240 167:450.000 JLINK_IsHalted()
T1240 167:450.736 - 0.740ms returns FALSE
T1240 167:558.064 JLINK_IsHalted()
T1240 167:558.672 - 0.599ms returns FALSE
T1240 167:558.768 JLINK_IsHalted()
T1240 167:559.328 - 0.571ms returns FALSE
T1240 167:667.808 JLINK_IsHalted()
T1240 167:668.400 - 0.583ms returns FALSE
T1240 167:668.480 JLINK_IsHalted()
T1240 167:668.912 - 0.426ms returns FALSE
T1240 167:776.736 JLINK_IsHalted()
T1240 167:777.408 - 0.665ms returns FALSE
T1240 167:777.504 JLINK_IsHalted()
T1240 167:778.016 - 0.500ms returns FALSE
T1240 167:886.464 JLINK_IsHalted()
T1240 167:887.024 - 0.557ms returns FALSE
T1240 167:887.104 JLINK_IsHalted()
T1240 167:887.568 - 0.456ms returns FALSE
T1240 167:995.440 JLINK_IsHalted()
T1240 167:996.096 - 0.647ms returns FALSE
T1240 167:996.320 JLINK_IsHalted()
T1240 167:996.864 - 0.541ms returns FALSE
T1240 168:105.056 JLINK_IsHalted()
T1240 168:105.840 - 0.773ms returns FALSE
T1240 168:106.080 JLINK_IsHalted()
T1240 168:106.528 - 0.443ms returns FALSE
T1240 168:214.304 JLINK_IsHalted()
T1240 168:214.896 - 0.597ms returns FALSE
T1240 168:215.008 JLINK_IsHalted()
T1240 168:215.408 - 0.406ms returns FALSE
T1240 168:323.904 JLINK_IsHalted()
T1240 168:324.496 - 0.586ms returns FALSE
T1240 168:324.560 JLINK_IsHalted()
T1240 168:324.944 - 0.382ms returns FALSE
T4FF8 168:378.976 JLINK_IsHalted()
T4FF8 168:379.424 - 0.455ms returns FALSE
T4FF8 168:379.488 JLINK_IsHalted()
T4FF8 168:379.872 - 0.371ms returns FALSE
T1240 168:433.264 JLINK_IsHalted()
T1240 168:434.000 - 0.728ms returns FALSE
T1240 168:434.144 JLINK_IsHalted()
T1240 168:434.560 - 0.404ms returns FALSE
T1240 168:542.736 JLINK_IsHalted()
T1240 168:543.296 - 0.565ms returns FALSE
T1240 168:543.376 JLINK_IsHalted()
T1240 168:543.936 - 0.563ms returns FALSE
T1240 168:652.064 JLINK_IsHalted()
T1240 168:652.576 - 0.512ms returns FALSE
T1240 168:652.640 JLINK_IsHalted()
T1240 168:653.200 - 0.563ms returns FALSE
T1240 168:761.344 JLINK_IsHalted()
T1240 168:762.272 - 0.936ms returns FALSE
T1240 168:762.336 JLINK_IsHalted()
T1240 168:762.768 - 0.423ms returns FALSE
T1240 168:870.560 JLINK_IsHalted()
T1240 168:871.248 - 0.678ms returns FALSE
T1240 168:871.328 JLINK_IsHalted()
T1240 168:871.728 - 0.398ms returns FALSE
T1240 168:979.568 JLINK_IsHalted()
T1240 168:980.336 - 0.765ms returns FALSE
T1240 168:980.384 JLINK_IsHalted()
T1240 168:980.896 - 0.510ms returns FALSE
T1240 169:088.944 JLINK_IsHalted()
T1240 169:089.408 - 0.454ms returns FALSE
T1240 169:089.472 JLINK_IsHalted()
T1240 169:089.872 - 0.401ms returns FALSE
T1240 169:199.120 JLINK_IsHalted()
T1240 169:199.744 - 0.623ms returns FALSE
T1240 169:199.808 JLINK_IsHalted()
T1240 169:200.160 - 0.338ms returns FALSE
T1240 169:308.240 JLINK_IsHalted()
T1240 169:308.928 - 0.688ms returns FALSE
T1240 169:309.040 JLINK_IsHalted()
T1240 169:311.440 - 2.392ms returns FALSE
T4FF8 169:380.480 JLINK_IsHalted()
T4FF8 169:381.072 - 0.583ms returns FALSE
T4FF8 169:381.152 JLINK_IsHalted()
T4FF8 169:381.664 - 0.504ms returns FALSE
T1240 169:417.248 JLINK_IsHalted()
T1240 169:417.936 - 0.676ms returns FALSE
T1240 169:417.984 JLINK_IsHalted()
T1240 169:418.352 - 0.375ms returns FALSE
T1240 169:526.848 JLINK_IsHalted()
T1240 169:527.520 - 0.662ms returns FALSE
T1240 169:527.552 JLINK_IsHalted()
T1240 169:528.096 - 0.526ms returns FALSE
T1240 169:636.448 JLINK_IsHalted()
T1240 169:636.912 - 0.467ms returns FALSE
T1240 169:636.960 JLINK_IsHalted()
T1240 169:637.280 - 0.298ms returns FALSE
T1240 169:745.664 JLINK_IsHalted()
T1240 169:746.096 - 0.442ms returns FALSE
T1240 169:746.160 JLINK_IsHalted()
T1240 169:746.448 - 0.291ms returns FALSE
T1240 169:855.296 JLINK_IsHalted()
T1240 169:856.432 - 1.116ms returns FALSE
T1240 169:856.736 JLINK_IsHalted()
T1240 169:857.440 - 0.721ms returns FALSE
T1240 169:964.640 JLINK_IsHalted()
T1240 169:965.216 - 0.569ms returns FALSE
T1240 169:965.472 JLINK_IsHalted()
T1240 169:966.080 - 0.605ms returns FALSE
T1240 170:073.184 JLINK_IsHalted()
T1240 170:073.648 - 0.464ms returns FALSE
T1240 170:074.480 JLINK_IsHalted()
T1240 170:074.992 - 0.507ms returns FALSE
T1240 170:182.640 JLINK_IsHalted()
T1240 170:183.248 - 0.599ms returns FALSE
T1240 170:183.312 JLINK_IsHalted()
T1240 170:185.776 - 2.463ms returns FALSE
T1240 170:292.832 JLINK_IsHalted()
T1240 170:293.488 - 0.649ms returns FALSE
T1240 170:293.584 JLINK_IsHalted()
T1240 170:293.920 - 0.338ms returns FALSE
T4FF8 170:382.144 JLINK_IsHalted()
T4FF8 170:382.624 - 0.482ms returns FALSE
T4FF8 170:382.688 JLINK_IsHalted()
T4FF8 170:385.184 - 2.500ms returns FALSE
T1240 170:402.064 JLINK_IsHalted()
T1240 170:402.656 - 0.601ms returns FALSE
T1240 170:402.784 JLINK_IsHalted()
T1240 170:403.632 - 0.836ms returns FALSE
T1240 170:510.880 JLINK_IsHalted()
T1240 170:511.952 - 1.062ms returns FALSE
T1240 170:512.032 JLINK_IsHalted()
T1240 170:512.608 - 0.557ms returns FALSE
T1240 170:620.848 JLINK_IsHalted()
T1240 170:621.856 - 0.999ms returns FALSE
T1240 170:621.888 JLINK_IsHalted()
T1240 170:622.416 - 0.512ms returns FALSE
T1240 170:730.272 JLINK_IsHalted()
T1240 170:730.816 - 0.535ms returns FALSE
T1240 170:730.864 JLINK_IsHalted()
T1240 170:731.280 - 0.408ms returns FALSE
T1240 170:839.760 JLINK_IsHalted()
T1240 170:840.224 - 0.481ms returns FALSE
T1240 170:840.320 JLINK_IsHalted()
T1240 170:840.944 - 0.624ms returns FALSE
T1240 170:948.720 JLINK_IsHalted()
T1240 170:950.864 - 2.135ms returns FALSE
T1240 170:950.928 JLINK_IsHalted()
T1240 170:951.312 - 0.388ms returns FALSE
T1240 171:057.760 JLINK_IsHalted()
T1240 171:058.528 - 0.756ms returns FALSE
T1240 171:058.704 JLINK_IsHalted()
T1240 171:059.200 - 0.499ms returns FALSE
T1240 171:167.168 JLINK_IsHalted()
T1240 171:168.352 - 1.167ms returns FALSE
T1240 171:168.464 JLINK_IsHalted()
T1240 171:168.832 - 0.370ms returns FALSE
T1240 171:277.216 JLINK_IsHalted()
T1240 171:277.840 - 0.628ms returns FALSE
T1240 171:277.920 JLINK_IsHalted()
T1240 171:278.288 - 0.362ms returns FALSE
T1240 171:386.016 JLINK_IsHalted()
T1240 171:386.592 - 0.574ms returns FALSE
T1240 171:386.656 JLINK_IsHalted()
T1240 171:387.056 - 0.405ms returns FALSE
T4FF8 171:387.168 JLINK_IsHalted()
T4FF8 171:387.520 - 0.351ms returns FALSE
T4FF8 171:387.584 JLINK_IsHalted()
T4FF8 171:387.984 - 0.393ms returns FALSE
T1240 171:495.136 JLINK_IsHalted()
T1240 171:495.696 - 0.555ms returns FALSE
T1240 171:495.776 JLINK_IsHalted()
T1240 171:496.160 - 0.388ms returns FALSE
T1240 171:604.832 JLINK_IsHalted()
T1240 171:605.296 - 0.465ms returns FALSE
T1240 171:605.376 JLINK_IsHalted()
T1240 171:605.760 - 0.377ms returns FALSE
T1240 171:714.688 JLINK_IsHalted()
T1240 171:715.472 - 0.775ms returns FALSE
T1240 171:715.568 JLINK_IsHalted()
T1240 171:716.048 - 0.472ms returns FALSE
T1240 171:823.360 JLINK_IsHalted()
T1240 171:823.952 - 0.589ms returns FALSE
T1240 171:824.016 JLINK_IsHalted()
T1240 171:824.608 - 0.577ms returns FALSE
T1240 171:933.440 JLINK_IsHalted()
T1240 171:934.096 - 0.652ms returns FALSE
T1240 171:934.176 JLINK_IsHalted()
T1240 171:934.656 - 0.471ms returns FALSE
T1240 172:042.240 JLINK_IsHalted()
T1240 172:042.720 - 0.485ms returns FALSE
T1240 172:042.800 JLINK_IsHalted()
T1240 172:043.152 - 0.336ms returns FALSE
T1240 172:152.192 JLINK_IsHalted()
T1240 172:152.832 - 0.631ms returns FALSE
T1240 172:152.928 JLINK_IsHalted()
T1240 172:153.440 - 0.508ms returns FALSE
T1240 172:261.008 JLINK_IsHalted()
T1240 172:263.152 - 2.145ms returns FALSE
T1240 172:263.264 JLINK_IsHalted()
T1240 172:263.776 - 0.496ms returns FALSE
T1240 172:370.464 JLINK_IsHalted()
T1240 172:371.056 - 0.599ms returns FALSE
T1240 172:371.152 JLINK_IsHalted()
T1240 172:371.760 - 0.606ms returns FALSE
T4FF8 172:388.320 JLINK_IsHalted()
T4FF8 172:388.960 - 0.652ms returns FALSE
T4FF8 172:389.040 JLINK_IsHalted()
T4FF8 172:389.552 - 0.517ms returns FALSE
T1240 172:479.776 JLINK_IsHalted()
T1240 172:480.480 - 0.696ms returns FALSE
T1240 172:480.656 JLINK_IsHalted()
T1240 172:481.232 - 0.579ms returns FALSE
T1240 172:589.712 JLINK_IsHalted()
T1240 172:592.192 - 2.469ms returns FALSE
T1240 172:592.352 JLINK_IsHalted()
T1240 172:592.928 - 0.575ms returns FALSE
T1240 172:698.448 JLINK_IsHalted()
T1240 172:699.280 - 0.839ms returns FALSE
T1240 172:699.392 JLINK_IsHalted()
T1240 172:699.968 - 0.563ms returns FALSE
T1240 172:807.712 JLINK_IsHalted()
T1240 172:810.192 - 2.476ms returns FALSE
T1240 172:810.272 JLINK_IsHalted()
T1240 172:811.040 - 0.771ms returns FALSE
T1240 172:917.152 JLINK_IsHalted()
T1240 172:917.856 - 0.694ms returns FALSE
T1240 172:917.968 JLINK_IsHalted()
T1240 172:918.416 - 0.452ms returns FALSE
T1240 173:026.640 JLINK_IsHalted()
T1240 173:027.456 - 0.822ms returns FALSE
T1240 173:027.568 JLINK_IsHalted()
T1240 173:028.000 - 0.421ms returns FALSE
T1240 173:136.224 JLINK_IsHalted()
T1240 173:136.992 - 0.765ms returns FALSE
T1240 173:137.088 JLINK_IsHalted()
T1240 173:137.696 - 0.604ms returns FALSE
T1240 173:245.216 JLINK_IsHalted()
T1240 173:245.776 - 0.551ms returns FALSE
T1240 173:245.904 JLINK_IsHalted()
T1240 173:246.608 - 0.707ms returns FALSE
T1240 173:354.784 JLINK_IsHalted()
T1240 173:355.488 - 0.715ms returns FALSE
T1240 173:355.600 JLINK_IsHalted()
T1240 173:356.384 - 0.775ms returns FALSE
T4FF8 173:390.400 JLINK_IsHalted()
T4FF8 173:391.536 - 1.143ms returns FALSE
T4FF8 173:391.648 JLINK_IsHalted()
T4FF8 173:392.288 - 0.625ms returns FALSE
T1240 173:464.208 JLINK_IsHalted()
T1240 173:464.848 - 0.644ms returns FALSE
T1240 173:465.008 JLINK_IsHalted()
T1240 173:465.712 - 0.709ms returns FALSE
T1240 173:573.216 JLINK_IsHalted()
T1240 173:573.920 - 0.709ms returns FALSE
T1240 173:574.064 JLINK_IsHalted()
T1240 173:574.576 - 0.520ms returns FALSE
T1240 173:682.544 JLINK_IsHalted()
T1240 173:683.424 - 0.878ms returns FALSE
T1240 173:683.616 JLINK_IsHalted()
T1240 173:684.288 - 0.657ms returns FALSE
T1240 173:792.032 JLINK_IsHalted()
T1240 173:792.672 - 0.622ms returns FALSE
T1240 173:792.768 JLINK_IsHalted()
T1240 173:793.184 - 0.411ms returns FALSE
T1240 173:901.872 JLINK_IsHalted()
T1240 173:902.528 - 0.656ms returns FALSE
T1240 173:902.688 JLINK_IsHalted()
T1240 173:903.136 - 0.445ms returns FALSE
T1240 174:010.816 JLINK_IsHalted()
T1240 174:011.456 - 0.634ms returns FALSE
T1240 174:011.552 JLINK_IsHalted()
T1240 174:011.936 - 0.390ms returns FALSE
T1240 174:120.368 JLINK_IsHalted()
T1240 174:120.896 - 0.534ms returns FALSE
T1240 174:121.008 JLINK_IsHalted()
T1240 174:121.600 - 0.578ms returns FALSE
T1240 174:230.320 JLINK_IsHalted()
T1240 174:231.008 - 0.670ms returns FALSE
T1240 174:231.152 JLINK_IsHalted()
T1240 174:231.648 - 0.484ms returns FALSE
T1240 174:339.920 JLINK_IsHalted()
T1240 174:341.088 - 1.165ms returns FALSE
T1240 174:341.200 JLINK_IsHalted()
T1240 174:341.632 - 0.440ms returns FALSE
T4FF8 174:392.976 JLINK_IsHalted()
T4FF8 174:393.648 - 0.682ms returns FALSE
T4FF8 174:393.760 JLINK_IsHalted()
T4FF8 174:394.272 - 0.486ms returns FALSE
T1240 174:448.656 JLINK_IsHalted()
T1240 174:449.296 - 0.642ms returns FALSE
T1240 174:449.424 JLINK_IsHalted()
T1240 174:449.888 - 0.471ms returns FALSE
T1240 174:557.856 JLINK_IsHalted()
T1240 174:558.928 - 1.073ms returns FALSE
T1240 174:559.008 JLINK_IsHalted()
T1240 174:559.712 - 0.688ms returns FALSE
T1240 174:667.264 JLINK_IsHalted()
T1240 174:667.968 - 0.696ms returns FALSE
T1240 174:668.080 JLINK_IsHalted()
T1240 174:668.512 - 0.424ms returns FALSE
T1240 174:778.176 JLINK_IsHalted()
T1240 174:778.864 - 0.697ms returns FALSE
T1240 174:778.976 JLINK_IsHalted()
T1240 174:779.440 - 0.464ms returns FALSE
T1240 174:886.016 JLINK_IsHalted()
T1240 174:886.608 - 0.585ms returns FALSE
T1240 174:886.704 JLINK_IsHalted()
T1240 174:887.200 - 0.489ms returns FALSE
T1240 174:995.584 JLINK_IsHalted()
T1240 174:996.160 - 0.579ms returns FALSE
T1240 174:996.272 JLINK_IsHalted()
T1240 174:996.752 - 0.480ms returns FALSE
T1240 175:104.544 JLINK_IsHalted()
T1240 175:106.704 - 2.154ms returns FALSE
T1240 175:106.864 JLINK_IsHalted()
T1240 175:107.680 - 0.809ms returns FALSE
T1240 175:214.496 JLINK_IsHalted()
T1240 175:216.608 - 2.101ms returns FALSE
T1240 175:216.736 JLINK_IsHalted()
T1240 175:217.312 - 0.588ms returns FALSE
T1240 175:323.296 JLINK_IsHalted()
T1240 175:327.392 - 4.093ms returns FALSE
T1240 175:327.456 JLINK_IsHalted()
T1240 175:327.952 - 0.482ms returns FALSE
T4FF8 175:394.000 JLINK_IsHalted()
T4FF8 175:394.512 - 0.522ms returns FALSE
T4FF8 175:394.624 JLINK_IsHalted()
T4FF8 175:395.520 - 0.890ms returns FALSE
T1240 175:433.072 JLINK_IsHalted()
T1240 175:433.696 - 0.631ms returns FALSE
T1240 175:433.760 JLINK_IsHalted()
T1240 175:434.144 - 0.381ms returns FALSE
T1240 175:542.336 JLINK_IsHalted()
T1240 175:542.976 - 0.631ms returns FALSE
T1240 175:543.056 JLINK_IsHalted()
T1240 175:543.488 - 0.433ms returns FALSE
T1240 175:651.536 JLINK_IsHalted()
T1240 175:652.192 - 0.661ms returns FALSE
T1240 175:652.304 JLINK_IsHalted()
T1240 175:652.688 - 0.385ms returns FALSE
T1240 175:761.072 JLINK_IsHalted()
T1240 175:761.696 - 0.606ms returns FALSE
T1240 175:761.840 JLINK_IsHalted()
T1240 175:762.272 - 0.423ms returns FALSE
T1240 175:870.576 JLINK_IsHalted()
T1240 175:872.672 - 2.079ms returns FALSE
T1240 175:872.816 JLINK_IsHalted()
T1240 175:873.728 - 0.913ms returns FALSE
T1240 175:980.016 JLINK_IsHalted()
T1240 175:980.640 - 0.616ms returns FALSE
T1240 175:980.816 JLINK_IsHalted()
T1240 175:981.472 - 0.662ms returns FALSE
T1240 176:089.248 JLINK_IsHalted()
T1240 176:090.272 - 1.022ms returns FALSE
T1240 176:090.400 JLINK_IsHalted()
T1240 176:091.248 - 0.834ms returns FALSE
T1240 176:198.768 JLINK_IsHalted()
T1240 176:200.064 - 1.299ms returns FALSE
T1240 176:200.160 JLINK_IsHalted()
T1240 176:200.576 - 0.428ms returns FALSE
T1240 176:307.712 JLINK_IsHalted()
T1240 176:308.368 - 0.652ms returns FALSE
T1240 176:308.512 JLINK_IsHalted()
T1240 176:309.008 - 0.501ms returns FALSE
T4FF8 176:396.896 JLINK_IsHalted()
T4FF8 176:397.536 - 0.635ms returns FALSE
T4FF8 176:397.696 JLINK_IsHalted()
T4FF8 176:398.336 - 0.640ms returns FALSE
T1240 176:417.424 JLINK_IsHalted()
T1240 176:418.080 - 0.662ms returns FALSE
T1240 176:418.240 JLINK_IsHalted()
T1240 176:418.672 - 0.438ms returns FALSE
T1240 176:527.280 JLINK_IsHalted()
T1240 176:527.968 - 0.677ms returns FALSE
T1240 176:528.032 JLINK_IsHalted()
T1240 176:528.416 - 0.394ms returns FALSE
T1240 176:635.952 JLINK_IsHalted()
T1240 176:636.704 - 0.757ms returns FALSE
T1240 176:636.768 JLINK_IsHalted()
T1240 176:637.312 - 0.531ms returns FALSE
T1240 176:745.824 JLINK_IsHalted()
T1240 176:746.464 - 0.619ms returns FALSE
T1240 176:746.576 JLINK_IsHalted()
T1240 176:747.104 - 0.528ms returns FALSE
T1240 176:854.640 JLINK_IsHalted()
T1240 176:855.168 - 0.519ms returns FALSE
T1240 176:855.296 JLINK_IsHalted()
T1240 176:856.112 - 0.827ms returns FALSE
T1240 176:963.968 JLINK_IsHalted()
T1240 176:964.512 - 0.537ms returns FALSE
T1240 176:964.640 JLINK_IsHalted()
T1240 176:965.392 - 0.749ms returns FALSE
T1240 177:073.424 JLINK_IsHalted()
T1240 177:074.048 - 0.620ms returns FALSE
T1240 177:074.176 JLINK_IsHalted()
T1240 177:074.784 - 0.602ms returns FALSE
T1240 177:183.360 JLINK_IsHalted()
T1240 177:184.480 - 1.112ms returns FALSE
T1240 177:184.640 JLINK_IsHalted()
T1240 177:185.136 - 0.503ms returns FALSE
T1240 177:291.952 JLINK_IsHalted()
T1240 177:292.560 - 0.596ms returns FALSE
T1240 177:292.672 JLINK_IsHalted()
T1240 177:293.168 - 0.495ms returns FALSE
T4FF8 177:399.200 JLINK_IsHalted()
T4FF8 177:399.648 - 0.457ms returns FALSE
T4FF8 177:399.744 JLINK_IsHalted()
T4FF8 177:400.176 - 0.432ms returns FALSE
T1240 177:402.000 JLINK_IsHalted()
T1240 177:402.544 - 0.547ms returns FALSE
T1240 177:402.656 JLINK_IsHalted()
T1240 177:403.216 - 0.561ms returns FALSE
T1240 177:510.880 JLINK_IsHalted()
T1240 177:511.472 - 0.598ms returns FALSE
T1240 177:511.600 JLINK_IsHalted()
T1240 177:512.032 - 0.432ms returns FALSE
T1240 177:620.032 JLINK_IsHalted()
T1240 177:620.736 - 0.692ms returns FALSE
T1240 177:620.864 JLINK_IsHalted()
T1240 177:621.328 - 0.453ms returns FALSE
T1240 177:729.408 JLINK_IsHalted()
T1240 177:730.608 - 1.194ms returns FALSE
T1240 177:730.736 JLINK_IsHalted()
T1240 177:731.216 - 0.471ms returns FALSE
T1240 177:839.344 JLINK_IsHalted()
T1240 177:840.288 - 0.932ms returns FALSE
T1240 177:840.416 JLINK_IsHalted()
T1240 177:841.024 - 0.602ms returns FALSE
T1240 177:948.384 JLINK_IsHalted()
T1240 177:948.960 - 0.576ms returns FALSE
T1240 177:949.088 JLINK_IsHalted()
T1240 177:949.488 - 0.401ms returns FALSE
T1240 178:057.680 JLINK_IsHalted()
T1240 178:058.288 - 0.613ms returns FALSE
T1240 178:058.400 JLINK_IsHalted()
T1240 178:058.800 - 0.411ms returns FALSE
T1240 178:167.264 JLINK_IsHalted()
T1240 178:167.840 - 0.578ms returns FALSE
T1240 178:168.032 JLINK_IsHalted()
T1240 178:168.528 - 0.497ms returns FALSE
T1240 178:276.848 JLINK_IsHalted()
T1240 178:277.520 - 0.667ms returns FALSE
T1240 178:277.632 JLINK_IsHalted()
T1240 178:278.128 - 0.498ms returns FALSE
T1240 178:386.144 JLINK_IsHalted()
T1240 178:387.024 - 0.877ms returns FALSE
T1240 178:387.056 JLINK_IsHalted()
T1240 178:387.376 - 0.313ms returns FALSE
T4FF8 178:400.720 JLINK_IsHalted()
T4FF8 178:401.296 - 0.576ms returns FALSE
T4FF8 178:401.344 JLINK_IsHalted()
T4FF8 178:401.648 - 0.307ms returns FALSE
T1240 178:495.888 JLINK_IsHalted()
T1240 178:496.336 - 0.453ms returns FALSE
T1240 178:496.384 JLINK_IsHalted()
T1240 178:496.656 - 0.275ms returns FALSE
T1240 178:604.576 JLINK_IsHalted()
T1240 178:605.152 - 0.555ms returns FALSE
T1240 178:605.248 JLINK_IsHalted()
T1240 178:605.584 - 0.325ms returns FALSE
T1240 178:714.000 JLINK_IsHalted()
T1240 178:714.448 - 0.448ms returns FALSE
T1240 178:714.496 JLINK_IsHalted()
T1240 178:714.880 - 0.378ms returns FALSE
T1240 178:823.328 JLINK_IsHalted()
T1240 178:824.288 - 0.955ms returns FALSE
T1240 178:824.384 JLINK_IsHalted()
T1240 178:824.768 - 0.393ms returns FALSE
T1240 178:933.568 JLINK_IsHalted()
T1240 178:935.296 - 1.716ms returns FALSE
T1240 178:935.392 JLINK_IsHalted()
T1240 178:936.000 - 0.611ms returns FALSE
T1240 179:042.464 JLINK_IsHalted()
T1240 179:042.976 - 0.513ms returns FALSE
T1240 179:043.024 JLINK_IsHalted()
T1240 179:043.456 - 0.442ms returns FALSE
T1240 179:151.648 JLINK_IsHalted()
T1240 179:152.224 - 0.571ms returns FALSE
T1240 179:152.320 JLINK_IsHalted()
T1240 179:153.120 - 0.809ms returns FALSE
T1240 179:261.632 JLINK_IsHalted()
T1240 179:262.208 - 0.569ms returns FALSE
T1240 179:262.464 JLINK_IsHalted()
T1240 179:262.944 - 0.490ms returns FALSE
T1240 179:370.112 JLINK_IsHalted()
T1240 179:370.848 - 0.717ms returns FALSE
T1240 179:370.912 JLINK_IsHalted()
T1240 179:371.840 - 0.942ms returns FALSE
T4FF8 179:401.104 JLINK_IsHalted()
T4FF8 179:401.952 - 0.854ms returns FALSE
T4FF8 179:402.048 JLINK_IsHalted()
T4FF8 179:402.640 - 0.578ms returns FALSE
T1240 179:480.128 JLINK_IsHalted()
T1240 179:480.800 - 0.676ms returns FALSE
T1240 179:480.912 JLINK_IsHalted()
T1240 179:482.656 - 1.736ms returns FALSE
T1240 179:589.056 JLINK_IsHalted()
T1240 179:589.728 - 0.664ms returns FALSE
T1240 179:589.840 JLINK_IsHalted()
T1240 179:590.352 - 0.517ms returns FALSE
T1240 179:698.400 JLINK_IsHalted()
T1240 179:699.040 - 0.629ms returns FALSE
T1240 179:699.120 JLINK_IsHalted()
T1240 179:699.552 - 0.437ms returns FALSE
T1240 179:807.792 JLINK_IsHalted()
T1240 179:808.368 - 0.570ms returns FALSE
T1240 179:808.480 JLINK_IsHalted()
T1240 179:808.880 - 0.419ms returns FALSE
T1240 179:917.904 JLINK_IsHalted()
T1240 179:918.480 - 0.578ms returns FALSE
T1240 179:918.512 JLINK_IsHalted()
T1240 179:918.944 - 0.412ms returns FALSE
T1240 180:027.056 JLINK_IsHalted()
T1240 180:029.600 - 2.527ms returns FALSE
T1240 180:029.696 JLINK_IsHalted()
T1240 180:030.288 - 0.587ms returns FALSE
T1240 180:136.224 JLINK_IsHalted()
T1240 180:136.816 - 0.590ms returns FALSE
T1240 180:136.864 JLINK_IsHalted()
T1240 180:137.376 - 0.497ms returns FALSE
T1240 180:245.232 JLINK_IsHalted()
T1240 180:245.904 - 0.658ms returns FALSE
T1240 180:245.968 JLINK_IsHalted()
T1240 180:246.432 - 0.480ms returns FALSE
T1240 180:354.448 JLINK_IsHalted()
T1240 180:354.976 - 0.541ms returns FALSE
T1240 180:355.024 JLINK_IsHalted()
T1240 180:355.440 - 0.426ms returns FALSE
T4FF8 180:402.912 JLINK_IsHalted()
T4FF8 180:403.536 - 0.614ms returns FALSE
T4FF8 180:403.616 JLINK_IsHalted()
T4FF8 180:404.048 - 0.429ms returns FALSE
T1240 180:464.288 JLINK_IsHalted()
T1240 180:464.736 - 0.447ms returns FALSE
T1240 180:464.752 JLINK_IsHalted()
T1240 180:465.168 - 0.413ms returns FALSE
T1240 180:574.368 JLINK_IsHalted()
T1240 180:575.072 - 0.698ms returns FALSE
T1240 180:575.120 JLINK_IsHalted()
T1240 180:575.648 - 0.529ms returns FALSE
T1240 180:683.344 JLINK_IsHalted()
T1240 180:684.208 - 0.874ms returns FALSE
T1240 180:684.304 JLINK_IsHalted()
T1240 180:684.864 - 0.567ms returns FALSE
T1240 180:792.416 JLINK_IsHalted()
T1240 180:793.120 - 0.681ms returns FALSE
T1240 180:793.184 JLINK_IsHalted()
T1240 180:793.696 - 0.527ms returns FALSE
T1240 180:901.568 JLINK_IsHalted()
T1240 180:902.192 - 0.617ms returns FALSE
T1240 180:902.288 JLINK_IsHalted()
T1240 180:902.720 - 0.442ms returns FALSE
T1240 181:011.504 JLINK_IsHalted()
T1240 181:012.192 - 0.670ms returns FALSE
T1240 181:012.256 JLINK_IsHalted()
T1240 181:012.624 - 0.367ms returns FALSE
T1240 181:121.088 JLINK_IsHalted()
T1240 181:121.760 - 0.668ms returns FALSE
T1240 181:121.856 JLINK_IsHalted()
T1240 181:122.416 - 0.559ms returns FALSE
T1240 181:230.432 JLINK_IsHalted()
T1240 181:230.896 - 0.469ms returns FALSE
T1240 181:230.960 JLINK_IsHalted()
T1240 181:231.360 - 0.395ms returns FALSE
T1240 181:339.216 JLINK_IsHalted()
T1240 181:340.400 - 1.198ms returns FALSE
T1240 181:340.448 JLINK_IsHalted()
T1240 181:342.912 - 2.472ms returns FALSE
T4FF8 181:405.024 JLINK_IsHalted()
T4FF8 181:405.424 - 0.402ms returns FALSE
T4FF8 181:405.456 JLINK_IsHalted()
T4FF8 181:405.728 - 0.265ms returns FALSE
T1240 181:448.224 JLINK_IsHalted()
T1240 181:448.768 - 0.547ms returns FALSE
T1240 181:448.816 JLINK_IsHalted()
T1240 181:449.168 - 0.339ms returns FALSE
T1240 181:557.664 JLINK_IsHalted()
T1240 181:558.240 - 0.567ms returns FALSE
T1240 181:558.272 JLINK_IsHalted()
T1240 181:558.688 - 0.411ms returns FALSE
T1240 181:668.448 JLINK_IsHalted()
T1240 181:669.088 - 0.641ms returns FALSE
T1240 181:669.248 JLINK_IsHalted()
T1240 181:669.728 - 0.483ms returns FALSE
T1240 181:776.800 JLINK_IsHalted()
T1240 181:779.424 - 2.636ms returns FALSE
T1240 181:779.520 JLINK_IsHalted()
T1240 181:781.552 - 2.031ms returns FALSE
T1240 181:886.432 JLINK_IsHalted()
T1240 181:887.040 - 0.604ms returns FALSE
T1240 181:887.072 JLINK_IsHalted()
T1240 181:888.544 - 1.475ms returns FALSE
T1240 181:996.416 JLINK_IsHalted()
T1240 181:998.576 - 2.164ms returns FALSE
T1240 181:998.624 JLINK_IsHalted()
T1240 181:999.168 - 0.539ms returns FALSE
T1240 182:104.864 JLINK_IsHalted()
T1240 182:105.632 - 0.748ms returns FALSE
T1240 182:105.712 JLINK_IsHalted()
T1240 182:106.352 - 0.640ms returns FALSE
T1240 182:214.576 JLINK_IsHalted()
T1240 182:215.248 - 0.670ms returns FALSE
T1240 182:215.328 JLINK_IsHalted()
T1240 182:216.032 - 0.705ms returns FALSE
T1240 182:323.696 JLINK_IsHalted()
T1240 182:324.384 - 0.676ms returns FALSE
T1240 182:324.464 JLINK_IsHalted()
T1240 182:324.816 - 0.339ms returns FALSE
T4FF8 182:406.800 JLINK_IsHalted()
T4FF8 182:407.904 - 1.103ms returns FALSE
T4FF8 182:408.224 JLINK_IsHalted()
T4FF8 182:408.960 - 0.732ms returns FALSE
T1240 182:432.992 JLINK_IsHalted()
T1240 182:433.776 - 0.798ms returns FALSE
T1240 182:433.872 JLINK_IsHalted()
T1240 182:434.288 - 0.426ms returns FALSE
T1240 182:542.112 JLINK_IsHalted()
T1240 182:542.560 - 0.469ms returns FALSE
T1240 182:542.592 JLINK_IsHalted()
T1240 182:543.056 - 0.454ms returns FALSE
T1240 182:652.256 JLINK_IsHalted()
T1240 182:653.072 - 0.815ms returns FALSE
T1240 182:653.104 JLINK_IsHalted()
T1240 182:653.472 - 0.360ms returns FALSE
T1240 182:760.992 JLINK_IsHalted()
T1240 182:761.680 - 0.674ms returns FALSE
T1240 182:761.760 JLINK_IsHalted()
T1240 182:762.208 - 0.455ms returns FALSE
T1240 182:870.992 JLINK_IsHalted()
T1240 182:871.632 - 0.638ms returns FALSE
T1240 182:871.696 JLINK_IsHalted()
T1240 182:872.128 - 0.440ms returns FALSE
T1240 182:979.808 JLINK_IsHalted()
T1240 182:980.576 - 0.783ms returns FALSE
T1240 182:980.624 JLINK_IsHalted()
T1240 182:981.024 - 0.400ms returns FALSE
T1240 183:089.872 JLINK_IsHalted()
T1240 183:090.432 - 0.572ms returns FALSE
T1240 183:090.496 JLINK_IsHalted()
T1240 183:090.992 - 0.505ms returns FALSE
T1240 183:198.304 JLINK_IsHalted()
T1240 183:198.832 - 0.527ms returns FALSE
T1240 183:198.912 JLINK_IsHalted()
T1240 183:199.376 - 0.465ms returns FALSE
T1240 183:308.320 JLINK_IsHalted()
T1240 183:308.832 - 0.523ms returns FALSE
T1240 183:308.864 JLINK_IsHalted()
T1240 183:309.312 - 0.446ms returns FALSE
T4FF8 183:409.376 JLINK_IsHalted()
T4FF8 183:409.888 - 0.514ms returns FALSE
T4FF8 183:409.920 JLINK_IsHalted()
T4FF8 183:410.336 - 0.419ms returns FALSE
T1240 183:417.152 JLINK_IsHalted()
T1240 183:417.520 - 0.376ms returns FALSE
T1240 183:417.552 JLINK_IsHalted()
T1240 183:417.824 - 0.257ms returns FALSE
T1240 183:526.832 JLINK_IsHalted()
T1240 183:527.392 - 0.562ms returns FALSE
T1240 183:527.472 JLINK_IsHalted()
T1240 183:527.776 - 0.305ms returns FALSE
T1240 183:635.760 JLINK_IsHalted()
T1240 183:636.464 - 0.697ms returns FALSE
T1240 183:636.528 JLINK_IsHalted()
T1240 183:637.024 - 0.481ms returns FALSE
T1240 183:745.344 JLINK_IsHalted()
T1240 183:745.904 - 0.566ms returns FALSE
T1240 183:746.000 JLINK_IsHalted()
T1240 183:746.384 - 0.387ms returns FALSE
T1240 183:854.480 JLINK_IsHalted()
T1240 183:855.040 - 0.558ms returns FALSE
T1240 183:855.072 JLINK_IsHalted()
T1240 183:855.392 - 0.323ms returns FALSE
T1240 183:964.592 JLINK_IsHalted()
T1240 183:965.296 - 0.699ms returns FALSE
T1240 183:965.408 JLINK_IsHalted()
T1240 183:966.096 - 0.687ms returns FALSE
T1240 184:074.784 JLINK_IsHalted()
T1240 184:075.712 - 0.904ms returns FALSE
T1240 184:075.824 JLINK_IsHalted()
T1240 184:078.128 - 2.304ms returns FALSE
T1240 184:183.696 JLINK_IsHalted()
T1240 184:184.288 - 0.601ms returns FALSE
T1240 184:184.384 JLINK_IsHalted()
T1240 184:185.056 - 0.658ms returns FALSE
T1240 184:292.256 JLINK_IsHalted()
T1240 184:293.328 - 1.060ms returns FALSE
T1240 184:293.456 JLINK_IsHalted()
T1240 184:295.584 - 2.133ms returns FALSE
T1240 184:401.456 JLINK_IsHalted()
T1240 184:403.248 - 1.788ms returns FALSE
T1240 184:403.328 JLINK_IsHalted()
T1240 184:403.680 - 0.335ms returns FALSE
T4FF8 184:410.336 JLINK_IsHalted()
T4FF8 184:412.160 - 1.825ms returns FALSE
T4FF8 184:412.192 JLINK_IsHalted()
T4FF8 184:412.560 - 0.353ms returns FALSE
T1240 184:511.584 JLINK_IsHalted()
T1240 184:512.176 - 0.581ms returns FALSE
T1240 184:512.208 JLINK_IsHalted()
T1240 184:512.624 - 0.423ms returns FALSE
T1240 184:620.848 JLINK_IsHalted()
T1240 184:621.472 - 0.610ms returns FALSE
T1240 184:621.600 JLINK_IsHalted()
T1240 184:622.048 - 0.442ms returns FALSE
T1240 184:730.704 JLINK_IsHalted()
T1240 184:731.424 - 0.732ms returns FALSE
T1240 184:731.520 JLINK_IsHalted()
T1240 184:731.936 - 0.431ms returns FALSE
T1240 184:839.168 JLINK_IsHalted()
T1240 184:839.872 - 0.709ms returns FALSE
T1240 184:839.936 JLINK_IsHalted()
T1240 184:840.368 - 0.443ms returns FALSE
T1240 184:948.512 JLINK_IsHalted()
T1240 184:949.168 - 0.668ms returns FALSE
T1240 184:949.264 JLINK_IsHalted()
T1240 184:949.664 - 0.409ms returns FALSE
T1240 185:058.272 JLINK_IsHalted()
T1240 185:058.864 - 0.585ms returns FALSE
T1240 185:058.896 JLINK_IsHalted()
T1240 185:059.296 - 0.408ms returns FALSE
T1240 185:167.136 JLINK_IsHalted()
T1240 185:167.808 - 0.664ms returns FALSE
T1240 185:167.888 JLINK_IsHalted()
T1240 185:168.336 - 0.454ms returns FALSE
T1240 185:276.368 JLINK_IsHalted()
T1240 185:276.896 - 0.543ms returns FALSE
T1240 185:276.944 JLINK_IsHalted()
T1240 185:277.248 - 0.309ms returns FALSE
T1240 185:385.840 JLINK_IsHalted()
T1240 185:386.480 - 0.634ms returns FALSE
T1240 185:386.528 JLINK_IsHalted()
T1240 185:386.912 - 0.386ms returns FALSE
T4FF8 185:413.616 JLINK_IsHalted()
T4FF8 185:414.432 - 0.802ms returns FALSE
T4FF8 185:414.496 JLINK_IsHalted()
T4FF8 185:414.880 - 0.377ms returns FALSE
T1240 185:495.392 JLINK_IsHalted()
T1240 185:496.080 - 0.690ms returns FALSE
T1240 185:496.144 JLINK_IsHalted()
T1240 185:496.576 - 0.425ms returns FALSE
T1240 185:605.360 JLINK_IsHalted()
T1240 185:605.984 - 0.615ms returns FALSE
T1240 185:606.096 JLINK_IsHalted()
T1240 185:606.432 - 0.335ms returns FALSE
T1240 185:714.112 JLINK_IsHalted()
T1240 185:714.736 - 0.619ms returns FALSE
T1240 185:714.784 JLINK_IsHalted()
T1240 185:715.200 - 0.403ms returns FALSE
T1240 185:823.232 JLINK_IsHalted()
T1240 185:823.840 - 0.613ms returns FALSE
T1240 185:823.936 JLINK_IsHalted()
T1240 185:825.904 - 1.968ms returns FALSE
T1240 185:932.640 JLINK_IsHalted()
T1240 185:933.216 - 0.566ms returns FALSE
T1240 185:933.232 JLINK_IsHalted()
T1240 185:933.664 - 0.416ms returns FALSE
T1240 186:042.544 JLINK_IsHalted()
T1240 186:043.168 - 0.612ms returns FALSE
T1240 186:043.248 JLINK_IsHalted()
T1240 186:043.632 - 0.382ms returns FALSE
T1240 186:151.456 JLINK_IsHalted()
T1240 186:152.240 - 0.787ms returns FALSE
T1240 186:152.320 JLINK_IsHalted()
T1240 186:153.184 - 0.855ms returns FALSE
T1240 186:261.216 JLINK_IsHalted()
T1240 186:261.824 - 0.604ms returns FALSE
T1240 186:261.904 JLINK_IsHalted()
T1240 186:263.696 - 1.794ms returns FALSE
T1240 186:370.528 JLINK_IsHalted()
T1240 186:371.184 - 0.661ms returns FALSE
T1240 186:371.296 JLINK_IsHalted()
T1240 186:371.776 - 0.469ms returns FALSE
T4FF8 186:415.296 JLINK_IsHalted()
T4FF8 186:415.968 - 0.659ms returns FALSE
T4FF8 186:416.000 JLINK_IsHalted()
T4FF8 186:416.512 - 0.513ms returns FALSE
T1240 186:480.864 JLINK_IsHalted()
T1240 186:481.568 - 0.691ms returns FALSE
T1240 186:481.648 JLINK_IsHalted()
T1240 186:482.144 - 0.507ms returns FALSE
T1240 186:590.192 JLINK_IsHalted()
T1240 186:590.896 - 0.710ms returns FALSE
T1240 186:590.944 JLINK_IsHalted()
T1240 186:591.520 - 0.566ms returns FALSE
T1240 186:699.056 JLINK_IsHalted()
T1240 186:699.856 - 0.795ms returns FALSE
T1240 186:699.920 JLINK_IsHalted()
T1240 186:700.496 - 0.569ms returns FALSE
T1240 186:807.728 JLINK_IsHalted()
T1240 186:808.576 - 0.836ms returns FALSE
T1240 186:808.624 JLINK_IsHalted()
T1240 186:809.072 - 0.453ms returns FALSE
T1240 186:916.960 JLINK_IsHalted()
T1240 186:917.728 - 0.771ms returns FALSE
T1240 186:917.792 JLINK_IsHalted()
T1240 186:918.352 - 0.550ms returns FALSE
T1240 187:026.640 JLINK_IsHalted()
T1240 187:027.232 - 0.602ms returns FALSE
T1240 187:027.296 JLINK_IsHalted()
T1240 187:027.792 - 0.500ms returns FALSE
T1240 187:136.112 JLINK_IsHalted()
T1240 187:136.768 - 0.654ms returns FALSE
T1240 187:136.864 JLINK_IsHalted()
T1240 187:137.248 - 0.394ms returns FALSE
T1240 187:245.472 JLINK_IsHalted()
T1240 187:246.160 - 0.683ms returns FALSE
T1240 187:246.192 JLINK_IsHalted()
T1240 187:246.560 - 0.360ms returns FALSE
T1240 187:354.848 JLINK_IsHalted()
T1240 187:355.424 - 0.572ms returns FALSE
T1240 187:355.504 JLINK_IsHalted()
T1240 187:355.936 - 0.435ms returns FALSE
T4FF8 187:416.800 JLINK_IsHalted()
T4FF8 187:417.344 - 0.554ms returns FALSE
T4FF8 187:417.408 JLINK_IsHalted()
T4FF8 187:417.856 - 0.458ms returns FALSE
T1240 187:463.904 JLINK_IsHalted()
T1240 187:464.544 - 0.633ms returns FALSE
T1240 187:464.576 JLINK_IsHalted()
T1240 187:465.056 - 0.494ms returns FALSE
T1240 187:573.680 JLINK_IsHalted()
T1240 187:574.352 - 0.673ms returns FALSE
T1240 187:574.384 JLINK_IsHalted()
T1240 187:575.024 - 0.629ms returns FALSE
T1240 187:683.168 JLINK_IsHalted()
T1240 187:683.872 - 0.703ms returns FALSE
T1240 187:683.888 JLINK_IsHalted()
T1240 187:684.512 - 0.607ms returns FALSE
T1240 187:792.416 JLINK_IsHalted()
T1240 187:793.056 - 0.642ms returns FALSE
T1240 187:793.088 JLINK_IsHalted()
T1240 187:793.680 - 0.588ms returns FALSE
T1240 187:901.792 JLINK_IsHalted()
T1240 187:902.560 - 0.755ms returns FALSE
T1240 187:902.592 JLINK_IsHalted()
T1240 187:903.136 - 0.555ms returns FALSE
T1240 188:011.392 JLINK_IsHalted()
T1240 188:012.048 - 0.642ms returns FALSE
T1240 188:012.080 JLINK_IsHalted()
T1240 188:012.560 - 0.484ms returns FALSE
T1240 188:121.424 JLINK_IsHalted()
T1240 188:122.096 - 0.677ms returns FALSE
T1240 188:122.144 JLINK_IsHalted()
T1240 188:122.608 - 0.452ms returns FALSE
T1240 188:229.984 JLINK_IsHalted()
T1240 188:230.592 - 0.595ms returns FALSE
T1240 188:230.624 JLINK_IsHalted()
T1240 188:231.200 - 0.574ms returns FALSE
T1240 188:339.424 JLINK_IsHalted()
T1240 188:340.000 - 0.582ms returns FALSE
T1240 188:340.080 JLINK_IsHalted()
T1240 188:340.576 - 0.494ms returns FALSE
T4FF8 188:418.656 JLINK_IsHalted()
T4FF8 188:419.264 - 0.602ms returns FALSE
T4FF8 188:419.360 JLINK_IsHalted()
T4FF8 188:419.808 - 0.436ms returns FALSE
T1240 188:449.184 JLINK_IsHalted()
T1240 188:450.016 - 0.839ms returns FALSE
T1240 188:450.128 JLINK_IsHalted()
T1240 188:450.640 - 0.507ms returns FALSE
T1240 188:558.448 JLINK_IsHalted()
T1240 188:559.200 - 0.749ms returns FALSE
T1240 188:559.392 JLINK_IsHalted()
T1240 188:559.840 - 0.449ms returns FALSE
T1240 188:667.248 JLINK_IsHalted()
T1240 188:667.808 - 0.543ms returns FALSE
T1240 188:668.048 JLINK_IsHalted()
T1240 188:668.688 - 0.635ms returns FALSE
T1240 188:777.264 JLINK_IsHalted()
T1240 188:779.424 - 2.152ms returns FALSE
T1240 188:779.472 JLINK_IsHalted()
T1240 188:780.000 - 0.543ms returns FALSE
T1240 188:886.864 JLINK_IsHalted()
T1240 188:887.520 - 0.663ms returns FALSE
T1240 188:887.584 JLINK_IsHalted()
T1240 188:887.968 - 0.388ms returns FALSE
T1240 188:996.432 JLINK_IsHalted()
T1240 188:997.152 - 0.720ms returns FALSE
T1240 188:997.216 JLINK_IsHalted()
T1240 188:997.664 - 0.447ms returns FALSE
T1240 189:104.752 JLINK_IsHalted()
T1240 189:105.536 - 0.775ms returns FALSE
T1240 189:105.696 JLINK_IsHalted()
T1240 189:106.272 - 0.555ms returns FALSE
T1240 189:215.072 JLINK_IsHalted()
T1240 189:215.696 - 0.635ms returns FALSE
T1240 189:215.760 JLINK_IsHalted()
T1240 189:216.160 - 0.404ms returns FALSE
T1240 189:323.168 JLINK_IsHalted()
T1240 189:323.648 - 0.493ms returns FALSE
T1240 189:323.696 JLINK_IsHalted()
T1240 189:324.032 - 0.328ms returns FALSE
T4FF8 189:420.000 JLINK_IsHalted()
T4FF8 189:420.560 - 0.559ms returns FALSE
T4FF8 189:420.640 JLINK_IsHalted()
T4FF8 189:421.024 - 0.371ms returns FALSE
T1240 189:432.640 JLINK_IsHalted()
T1240 189:433.312 - 0.669ms returns FALSE
T1240 189:433.376 JLINK_IsHalted()
T1240 189:433.696 - 0.325ms returns FALSE
T1240 189:542.496 JLINK_IsHalted()
T1240 189:543.136 - 0.618ms returns FALSE
T1240 189:543.184 JLINK_IsHalted()
T1240 189:543.456 - 0.285ms returns FALSE
T1240 189:651.872 JLINK_IsHalted()
T1240 189:652.320 - 0.442ms returns FALSE
T1240 189:652.368 JLINK_IsHalted()
T1240 189:652.672 - 0.300ms returns FALSE
T1240 189:761.408 JLINK_IsHalted()
T1240 189:762.080 - 0.676ms returns FALSE
T1240 189:762.160 JLINK_IsHalted()
T1240 189:762.656 - 0.498ms returns FALSE
T1240 189:870.240 JLINK_IsHalted()
T1240 189:870.816 - 0.577ms returns FALSE
T1240 189:870.880 JLINK_IsHalted()
T1240 189:871.520 - 0.624ms returns FALSE
T1240 189:979.680 JLINK_IsHalted()
T1240 189:980.288 - 0.619ms returns FALSE
T1240 189:980.352 JLINK_IsHalted()
T1240 189:980.768 - 0.411ms returns FALSE
T1240 190:088.960 JLINK_IsHalted()
T1240 190:089.504 - 0.562ms returns FALSE
T1240 190:089.568 JLINK_IsHalted()
T1240 190:089.968 - 0.393ms returns FALSE
T1240 190:198.560 JLINK_IsHalted()
T1240 190:199.088 - 0.533ms returns FALSE
T1240 190:199.120 JLINK_IsHalted()
T1240 190:199.456 - 0.332ms returns FALSE
T1240 190:307.872 JLINK_IsHalted()
T1240 190:308.464 - 0.600ms returns FALSE
T1240 190:308.528 JLINK_IsHalted()
T1240 190:309.104 - 0.576ms returns FALSE
T1240 190:417.232 JLINK_IsHalted()
T1240 190:418.048 - 0.816ms returns FALSE
T1240 190:418.128 JLINK_IsHalted()
T1240 190:418.624 - 0.502ms returns FALSE
T4FF8 190:421.200 JLINK_IsHalted()
T4FF8 190:421.856 - 0.651ms returns FALSE
T4FF8 190:421.920 JLINK_IsHalted()
T4FF8 190:422.448 - 0.538ms returns FALSE
T1240 190:526.560 JLINK_IsHalted()
T1240 190:527.184 - 0.622ms returns FALSE
T1240 190:527.216 JLINK_IsHalted()
T1240 190:527.728 - 0.517ms returns FALSE
T1240 190:636.016 JLINK_IsHalted()
T1240 190:636.656 - 0.640ms returns FALSE
T1240 190:636.704 JLINK_IsHalted()
T1240 190:637.216 - 0.526ms returns FALSE
T1240 190:745.792 JLINK_IsHalted()
T1240 190:746.400 - 0.616ms returns FALSE
T1240 190:746.464 JLINK_IsHalted()
T1240 190:746.864 - 0.416ms returns FALSE
T1240 190:855.168 JLINK_IsHalted()
T1240 190:855.968 - 0.798ms returns FALSE
T1240 190:856.240 JLINK_IsHalted()
T1240 190:856.992 - 0.748ms returns FALSE
T1240 190:964.768 JLINK_IsHalted()
T1240 190:965.520 - 0.758ms returns FALSE
T1240 190:965.584 JLINK_IsHalted()
T1240 190:966.064 - 0.490ms returns FALSE
T1240 191:073.376 JLINK_IsHalted()
T1240 191:074.416 - 1.047ms returns FALSE
T1240 191:074.480 JLINK_IsHalted()
T1240 191:074.912 - 0.444ms returns FALSE
T1240 191:182.720 JLINK_IsHalted()
T1240 191:183.488 - 0.763ms returns FALSE
T1240 191:183.536 JLINK_IsHalted()
T1240 191:184.160 - 0.616ms returns FALSE
T1240 191:292.464 JLINK_IsHalted()
T1240 191:293.392 - 0.914ms returns FALSE
T1240 191:293.472 JLINK_IsHalted()
T1240 191:293.952 - 0.485ms returns FALSE
T1240 191:402.016 JLINK_IsHalted()
T1240 191:403.072 - 1.049ms returns FALSE
T1240 191:403.232 JLINK_IsHalted()
T1240 191:403.776 - 0.537ms returns FALSE
T4FF8 191:423.248 JLINK_IsHalted()
T4FF8 191:423.840 - 0.581ms returns FALSE
T4FF8 191:423.968 JLINK_IsHalted()
T4FF8 191:424.416 - 0.459ms returns FALSE
T1240 191:511.328 JLINK_IsHalted()
T1240 191:511.856 - 0.535ms returns FALSE
T1240 191:511.920 JLINK_IsHalted()
T1240 191:512.304 - 0.377ms returns FALSE
T1240 191:620.128 JLINK_IsHalted()
T1240 191:620.832 - 0.703ms returns FALSE
T1240 191:620.912 JLINK_IsHalted()
T1240 191:621.472 - 0.561ms returns FALSE
T1240 191:729.648 JLINK_IsHalted()
T1240 191:731.584 - 1.930ms returns FALSE
T1240 191:731.616 JLINK_IsHalted()
T1240 191:732.096 - 0.476ms returns FALSE
T1240 191:839.360 JLINK_IsHalted()
T1240 191:839.968 - 0.615ms returns FALSE
T1240 191:840.032 JLINK_IsHalted()
T1240 191:840.416 - 0.379ms returns FALSE
T1240 191:948.368 JLINK_IsHalted()
T1240 191:948.640   
  ***** Error: 
T1240 191:948.672   Communication timed out: Requested 4 bytes, received -1 bytes !
T1240 191:948.688 - 0.323ms returns ERROR
T1240 191:948.720 JLINK_IsHalted()
T1240 191:948.896 - 0.162ms returns ERROR
T7D00 191:959.696 JLINK_Halt()
T7D00 191:961.488   
  ***** Warning: 
T7D00 191:961.504   CPU could not be halted
T7D00 191:961.536 - 1.839ms returns 0x01
T7D00 191:961.632 JLINK_ReadReg(XPSR)
T7D00 191:965.008   CPU is running
T7D00 191:965.024   
  ***** Error: 
T7D00 191:965.024   Cannot read register 16 (XPSR) while CPU is running
T7D00 191:965.040 - 3.411ms returns 0x00000000
T7D00 191:969.760 JLINK_Close()
T7D00 191:980.848 - 11.088ms
T7D00 191:980.880   
T7D00 191:980.880   Closed
