#include <stdint.h>

#include <stddef.h>

const size_t sub_0001_command_stream_size = 21072;

__attribute__((aligned(16))) const uint8_t sub_0001_command_stream[21072] = {
0x43, 0x4f, 0x50, 0x31, 0x01, 0x00, 0x10, 0x00, 0x08, 0x30, 0x00, 0x00, 0x00, 0x00, 0x06, 0x10, 
0x05, 0x00, 0x00, 0x00, 0x05, 0x00, 0x00, 0x00, 0x05, 0x00, 0x00, 0x00, 0x02, 0x00, 0x8c, 0x14, 
0x0f, 0x01, 0x01, 0x00, 0x00, 0x40, 0x00, 0x00, 0x00, 0xb0, 0x01, 0x00, 0x01, 0x40, 0x00, 0x00, 
0x00, 0x00, 0x00, 0x00, 0x02, 0x40, 0x00, 0x00, 0x00, 0x00, 0x00, 0x00, 0x03, 0x40, 0x00, 0x00, 
0x00, 0x00, 0x00, 0x00, 0x0b, 0x01, 0x02, 0x00, 0x0c, 0x01, 0x02, 0x00, 0x0a, 0x01, 0xff, 0x8f, 
0x04, 0x01, 0x00, 0x00, 0x06, 0x40, 0x00, 0x00, 0x01, 0x00, 0x00, 0x00, 0x05, 0x40, 0x00, 0x00, 
0x00, 0x90, 0x00, 0x00, 0x04, 0x40, 0x00, 0x00, 0x01, 0x00, 0x00, 0x00, 0x09, 0x01, 0x00, 0x00, 
0x05, 0x01, 0x01, 0x00, 0x07, 0x01, 0x00, 0x00, 0x00, 0x01, 0x00, 0x00, 0x01, 0x01, 0x00, 0x00, 
0x03, 0x01, 0x00, 0x00, 0x02, 0x01, 0x00, 0x00, 0x1f, 0x01, 0x01, 0x00, 0x10, 0x40, 0x00, 0x00, 
0x00, 0x00, 0x00, 0x00, 0x11, 0x40, 0x00, 0x00, 0x00, 0x00, 0x00, 0x00, 0x12, 0x40, 0x00, 0x00, 
0x00, 0x00, 0x00, 0x00, 0x13, 0x40, 0x00, 0x00, 0x00, 0x00, 0x00, 0x00, 0x1b, 0x01, 0x02, 0x00, 
0x1c, 0x01, 0x02, 0x00, 0x1a, 0x01, 0xff, 0x8f, 0x12, 0x01, 0x02, 0x00, 0x11, 0x01, 0xff, 0x8f, 
0x13, 0x01, 0x00, 0x00, 0x16, 0x40, 0x00, 0x00, 0x01, 0x00, 0x00, 0x00, 0x15, 0x40, 0x00, 0x00, 
0x01, 0x00, 0x00, 0x00, 0x14, 0x40, 0x00, 0x00, 0x03, 0x00, 0x00, 0x00, 0x18, 0x01, 0x00, 0x00, 
0x14, 0x01, 0x01, 0x01, 0x21, 0x01, 0x00, 0x00, 0x20, 0x01, 0x00, 0x00, 0x22, 0x01, 0x00, 0x00, 
0x25, 0x01, 0x00, 0x00, 0x26, 0x01, 0x80, 0xff, 0x27, 0x01, 0x7f, 0x00, 0x16, 0x01, 0x01, 0x00, 
0x15, 0x01, 0x19, 0x00, 0x17, 0x01, 0x07, 0x00, 0x0d, 0x01, 0x0a, 0x00, 0x2d, 0x01, 0x1e, 0x00, 
0x24, 0x01, 0x00, 0x00, 0x24, 0x40, 0x1f, 0x00, 0x01, 0x00, 0x00, 0x80, 0x2f, 0x01, 0x00, 0x00, 
0x05, 0x00, 0x01, 0x00, 0x00, 0x40, 0x00, 0x00, 0x00, 0x00, 0x00, 0x00, 0x0b, 0x01, 0xbf, 0x00, 
0x0c, 0x01, 0xbf, 0x00, 0x0a, 0x01, 0xbf, 0x00, 0x04, 0x01, 0x02, 0x00, 0x05, 0x40, 0x00, 0x00, 
0x40, 0x02, 0x00, 0x00, 0x04, 0x40, 0x00, 0x00, 0x03, 0x00, 0x00, 0x00, 0x09, 0x01, 0xff, 0xff, 
0x03, 0x01, 0x01, 0x00, 0x02, 0x01, 0x01, 0x00, 0x10, 0x40, 0x00, 0x00, 0x00, 0xb0, 0x01, 0x00, 
0x1b, 0x01, 0x5f, 0x00, 0x1c, 0x01, 0x5f, 0x00, 0x1a, 0x01, 0x5f, 0x00, 0x12, 0x01, 0x5f, 0x00, 
0x11, 0x01, 0x5f, 0x00, 0x13, 0x01, 0x17, 0x00, 0x16, 0x40, 0x00, 0x00, 0x00, 0x06, 0x00, 0x00, 
0x15, 0x40, 0x00, 0x00, 0x00, 0x0c, 0x00, 0x00, 0x14, 0x40, 0x00, 0x00, 0x10, 0x00, 0x00, 0x00, 
0x18, 0x01, 0xff, 0xff, 0x14, 0x01, 0x41, 0x00, 0x21, 0x01, 0x02, 0x00, 0x20, 0x01, 0x02, 0x00, 
0x22, 0x01, 0x07, 0x00, 0x28, 0x01, 0x00, 0x00, 0x20, 0x40, 0x00, 0x00, 0xe0, 0xc9, 0x00, 0x00, 
0x21, 0x40, 0x00, 0x00, 0x40, 0x03, 0x00, 0x00, 0x29, 0x01, 0x00, 0x00, 0x22, 0x40, 0x00, 0x00, 
0xf0, 0xc8, 0x00, 0x00, 0x23, 0x40, 0x00, 0x00, 0xf0, 0x00, 0x00, 0x00, 0x26, 0x01, 0xff, 0xff, 
0x16, 0x01, 0x07, 0x00, 0x15, 0x01, 0x0b, 0x00, 0x17, 0x01, 0x17, 0x00, 0x2d, 0x01, 0x0e, 0x00, 
0x2f, 0x01, 0x03, 0x00, 0x02, 0x00, 0x00, 0x00, 0x00, 0x40, 0x00, 0x00, 0x00, 0xb0, 0x01, 0x00, 
0x0b, 0x01, 0x5f, 0x00, 0x0c, 0x01, 0x5f, 0x00, 0x0a, 0x01, 0x5f, 0x00, 0x04, 0x01, 0x17, 0x00, 
0x06, 0x40, 0x00, 0x00, 0x00, 0x06, 0x00, 0x00, 0x05, 0x40, 0x00, 0x00, 0x00, 0x0c, 0x00, 0x00, 
0x04, 0x40, 0x00, 0x00, 0x10, 0x00, 0x00, 0x00, 0x09, 0x01, 0x00, 0x00, 0x05, 0x01, 0x41, 0x00, 
0x03, 0x01, 0x00, 0x00, 0x02, 0x01, 0x00, 0x00, 0x10, 0x40, 0x00, 0x00, 0x00, 0x00, 0x00, 0x00, 
0x1b, 0x01, 0x2f, 0x00, 0x1c, 0x01, 0x2f, 0x00, 0x1a, 0x01, 0x2f, 0x00, 0x12, 0x01, 0x2f, 0x00, 
0x11, 0x01, 0x2f, 0x00, 0x16, 0x40, 0x00, 0x00, 0x00, 0x03, 0x00, 0x00, 0x15, 0x40, 0x00, 0x00, 
0x00, 0x06, 0x00, 0x00, 0x18, 0x01, 0x00, 0x00, 0x14, 0x01, 0x41, 0x01, 0x22, 0x01, 0x03, 0x00, 
0x26, 0x01, 0x80, 0xff, 0x16, 0x01, 0x09, 0x00, 0x17, 0x01, 0x0f, 0x00, 0x0d, 0x01, 0x1a, 0x00, 
0x2d, 0x01, 0x1e, 0x00, 0x24, 0x40, 0x23, 0x00, 0xe5, 0x38, 0x8e, 0xe3, 0x05, 0x00, 0x01, 0x00, 
0x00, 0x40, 0x00, 0x00, 0x00, 0x00, 0x00, 0x00, 0x0b, 0x01, 0x2f, 0x00, 0x0c, 0x01, 0x2f, 0x00, 
0x0a, 0x01, 0x2f, 0x00, 0x06, 0x40, 0x00, 0x00, 0x00, 0x03, 0x00, 0x00, 0x05, 0x40, 0x00, 0x00, 
0x00, 0x06, 0x00, 0x00, 0x09, 0x01, 0xff, 0xff, 0x03, 0x01, 0x01, 0x00, 0x02, 0x01, 0x01, 0x00, 
0x10, 0x40, 0x00, 0x00, 0x00, 0x20, 0x01, 0x00, 0x1b, 0x01, 0x17, 0x00, 0x1c, 0x01, 0x17, 0x00, 
0x1a, 0x01, 0x17, 0x00, 0x12, 0x01, 0x17, 0x00, 0x11, 0x01, 0x17, 0x00, 0x16, 0x40, 0x00, 0x00, 
0x80, 0x01, 0x00, 0x00, 0x15, 0x40, 0x00, 0x00, 0x00, 0x03, 0x00, 0x00, 0x14, 0x01, 0x41, 0x00, 
0x20, 0x40, 0x00, 0x00, 0x10, 0xce, 0x00, 0x00, 0x21, 0x40, 0x00, 0x00, 0x10, 0x01, 0x00, 0x00, 
0x22, 0x40, 0x00, 0x00, 0x20, 0xcd, 0x00, 0x00, 0x03, 0x00, 0x00, 0x00, 0x00, 0x40, 0x00, 0x00, 
0x00, 0x20, 0x01, 0x00, 0x0b, 0x01, 0x17, 0x00, 0x0c, 0x01, 0x17, 0x00, 0x0a, 0x01, 0x17, 0x00, 
0x06, 0x40, 0x00, 0x00, 0x80, 0x01, 0x00, 0x00, 0x05, 0x40, 0x00, 0x00, 0x00, 0x03, 0x00, 0x00, 
0x09, 0x01, 0x00, 0x00, 0x03, 0x01, 0x00, 0x00, 0x02, 0x01, 0x00, 0x00, 0x10, 0x40, 0x00, 0x00, 
0x00, 0x8c, 0x01, 0x00, 0x18, 0x01, 0xff, 0xff, 0x21, 0x01, 0x00, 0x00, 0x20, 0x01, 0x00, 0x00, 
0x22, 0x01, 0x00, 0x00, 0x20, 0x40, 0x00, 0x00, 0x10, 0xd0, 0x00, 0x00, 0x21, 0x40, 0x00, 0x00, 
0x60, 0x02, 0x00, 0x00, 0x22, 0x40, 0x00, 0x00, 0x20, 0xcf, 0x00, 0x00, 0x26, 0x01, 0xff, 0xff, 
0x16, 0x01, 0x05, 0x00, 0x15, 0x01, 0x17, 0x00, 0x17, 0x01, 0x17, 0x00, 0x0d, 0x01, 0x0a, 0x00, 
0x2d, 0x01, 0x0e, 0x00, 0x02, 0x00, 0x00, 0x00, 0x00, 0x40, 0x00, 0x00, 0x00, 0x8c, 0x01, 0x00, 
0x09, 0x01, 0xff, 0xff, 0x10, 0x40, 0x00, 0x00, 0x00, 0x20, 0x01, 0x00, 0x16, 0x40, 0x00, 0x00, 
0x01, 0x00, 0x00, 0x00, 0x15, 0x40, 0x00, 0x00, 0x80, 0x04, 0x00, 0x00, 0x14, 0x40, 0x00, 0x00, 
0x30, 0x00, 0x00, 0x00, 0x14, 0x01, 0x01, 0x81, 0x26, 0x01, 0x80, 0xff, 0x16, 0x01, 0x01, 0x00, 
0x15, 0x01, 0x09, 0x00, 0x17, 0x01, 0x0f, 0x00, 0x2d, 0x01, 0x1e, 0x00, 0x24, 0x40, 0x1f, 0x00, 
0x01, 0x00, 0x00, 0x80, 0x05, 0x00, 0x01, 0x00, 0x00, 0x40, 0x00, 0x00, 0x00, 0x00, 0x00, 0x00, 
0x0b, 0x01, 0x2f, 0x00, 0x0c, 0x01, 0x2f, 0x00, 0x0a, 0x01, 0x2f, 0x00, 0x06, 0x40, 0x00, 0x00, 
0x00, 0x03, 0x00, 0x00, 0x05, 0x40, 0x00, 0x00, 0x00, 0x06, 0x00, 0x00, 0x10, 0x40, 0x00, 0x00, 
0x00, 0x8c, 0x01, 0x00, 0x1b, 0x01, 0x2f, 0x00, 0x1c, 0x01, 0x2f, 0x00, 0x1a, 0x01, 0x2f, 0x00, 
0x12, 0x01, 0x2f, 0x00, 0x11, 0x01, 0x2f, 0x00, 0x16, 0x40, 0x00, 0x00, 0x00, 0x03, 0x00, 0x00, 
0x15, 0x40, 0x00, 0x00, 0x00, 0x06, 0x00, 0x00, 0x14, 0x40, 0x00, 0x00, 0x10, 0x00, 0x00, 0x00, 
0x18, 0x01, 0x00, 0x00, 0x14, 0x01, 0x41, 0x00, 0x20, 0x40, 0x00, 0x00, 0x60, 0xd3, 0x00, 0x00, 
0x21, 0x40, 0x00, 0x00, 0x70, 0x02, 0x00, 0x00, 0x22, 0x40, 0x00, 0x00, 0x70, 0xd2, 0x00, 0x00, 
0x26, 0x01, 0x00, 0x00, 0x16, 0x01, 0x09, 0x00, 0x15, 0x01, 0x0f, 0x00, 0x17, 0x01, 0x17, 0x00, 
0x2d, 0x01, 0x0e, 0x00, 0x02, 0x00, 0x00, 0x00, 0x00, 0x40, 0x00, 0x00, 0x00, 0x8c, 0x01, 0x00, 
0x09, 0x01, 0x00, 0x00, 0x03, 0x01, 0x01, 0x00, 0x02, 0x01, 0x01, 0x00, 0x10, 0x40, 0x00, 0x00, 
0x00, 0x00, 0x00, 0x00, 0x1b, 0x01, 0x17, 0x00, 0x1c, 0x01, 0x17, 0x00, 0x1a, 0x01, 0x17, 0x00, 
0x12, 0x01, 0x17, 0x00, 0x11, 0x01, 0x17, 0x00, 0x16, 0x40, 0x00, 0x00, 0x80, 0x01, 0x00, 0x00, 
0x15, 0x40, 0x00, 0x00, 0x00, 0x03, 0x00, 0x00, 0x21, 0x01, 0x02, 0x00, 0x20, 0x01, 0x02, 0x00, 
0x22, 0x01, 0x03, 0x00, 0x20, 0x40, 0x00, 0x00, 0xc0, 0xd6, 0x00, 0x00, 0x21, 0x40, 0x00, 0x00, 
0x10, 0x01, 0x00, 0x00, 0x22, 0x40, 0x00, 0x00, 0xd0, 0xd5, 0x00, 0x00, 0x26, 0x01, 0x80, 0xff, 
0x15, 0x01, 0x0b, 0x00, 0x17, 0x01, 0x0f, 0x00, 0x0d, 0x01, 0x1a, 0x00, 0x2d, 0x01, 0x1e, 0x00, 
0x03, 0x00, 0x00, 0x00, 0x00, 0x40, 0x00, 0x00, 0x00, 0x00, 0x00, 0x00, 0x0b, 0x01, 0x17, 0x00, 
0x0c, 0x01, 0x17, 0x00, 0x0a, 0x01, 0x17, 0x00, 0x06, 0x40, 0x00, 0x00, 0x80, 0x01, 0x00, 0x00, 
0x05, 0x40, 0x00, 0x00, 0x00, 0x03, 0x00, 0x00, 0x03, 0x01, 0x00, 0x00, 0x02, 0x01, 0x00, 0x00, 
0x10, 0x40, 0x00, 0x00, 0x00, 0x48, 0x00, 0x00, 0x18, 0x01, 0xff, 0xff, 0x21, 0x01, 0x00, 0x00, 
0x20, 0x01, 0x00, 0x00, 0x22, 0x01, 0x00, 0x00, 0x20, 0x40, 0x00, 0x00, 0xc0, 0xd8, 0x00, 0x00, 
0x21, 0x40, 0x00, 0x00, 0x90, 0x02, 0x00, 0x00, 0x22, 0x40, 0x00, 0x00, 0xd0, 0xd7, 0x00, 0x00, 
0x26, 0x01, 0xff, 0xff, 0x16, 0x01, 0x05, 0x00, 0x15, 0x01, 0x17, 0x00, 0x17, 0x01, 0x17, 0x00, 
0x0d, 0x01, 0x0a, 0x00, 0x2d, 0x01, 0x0e, 0x00, 0x02, 0x00, 0x00, 0x00, 0x00, 0x40, 0x00, 0x00, 
0x00, 0x48, 0x00, 0x00, 0x09, 0x01, 0xff, 0xff, 0x10, 0x40, 0x00, 0x00, 0x18, 0x20, 0x01, 0x00, 
0x16, 0x40, 0x00, 0x00, 0x01, 0x00, 0x00, 0x00, 0x15, 0x40, 0x00, 0x00, 0x80, 0x04, 0x00, 0x00, 
0x14, 0x40, 0x00, 0x00, 0x30, 0x00, 0x00, 0x00, 0x14, 0x01, 0x01, 0x81, 0x26, 0x01, 0x80, 0xff, 
0x16, 0x01, 0x01, 0x00, 0x15, 0x01, 0x09, 0x00, 0x17, 0x01, 0x0f, 0x00, 0x2d, 0x01, 0x1e, 0x00, 
0x05, 0x00, 0x01, 0x00, 0x00, 0x40, 0x00, 0x00, 0x00, 0x20, 0x01, 0x00, 0x04, 0x01, 0x2f, 0x00, 
0x06, 0x40, 0x00, 0x00, 0x01, 0x00, 0x00, 0x00, 0x05, 0x40, 0x00, 0x00, 0x80, 0x04, 0x00, 0x00, 
0x04, 0x40, 0x00, 0x00, 0x30, 0x00, 0x00, 0x00, 0x05, 0x01, 0x01, 0x00, 0x10, 0x40, 0x00, 0x00, 
0x00, 0x6c, 0x00, 0x00, 0x13, 0x01, 0x2f, 0x00, 0x14, 0x01, 0x01, 0x00, 0x20, 0x40, 0x00, 0x00, 
0x30, 0xdd, 0x00, 0x00, 0x21, 0x40, 0x00, 0x00, 0x60, 0x00, 0x00, 0x00, 0x22, 0x40, 0x00, 0x00, 
0x50, 0xdb, 0x00, 0x00, 0x23, 0x40, 0x00, 0x00, 0xe0, 0x01, 0x00, 0x00, 0x16, 0x01, 0x05, 0x00, 
0x15, 0x01, 0x0b, 0x00, 0x17, 0x01, 0x2f, 0x00, 0x2d, 0x01, 0x0e, 0x00, 0x02, 0x00, 0x00, 0x00, 
0x30, 0x01, 0x01, 0x00, 0x30, 0x40, 0x00, 0x00, 0x00, 0x6c, 0x00, 0x00, 0x31, 0x01, 0x01, 0x00, 
0x31, 0x40, 0x00, 0x00, 0x00, 0x00, 0x00, 0x00, 0x32, 0x40, 0x00, 0x00, 0x00, 0x6c, 0x00, 0x00, 
0x12, 0x00, 0x00, 0x00, 0x10, 0x00, 0x00, 0x00, 0x00, 0x40, 0x00, 0x00, 0x00, 0x00, 0x00, 0x00, 
0x0b, 0x01, 0x3f, 0x02, 0x0c, 0x01, 0x3f, 0x02, 0x0a, 0x01, 0x2f, 0x00, 0x04, 0x01, 0x00, 0x00, 
0x05, 0x40, 0x00, 0x00, 0x30, 0x00, 0x00, 0x00, 0x04, 0x40, 0x00, 0x00, 0x01, 0x00, 0x00, 0x00, 
0x09, 0x01, 0x00, 0x00, 0x10, 0x40, 0x00, 0x00, 0x00, 0xd8, 0x00, 0x00, 0x1b, 0x01, 0x3f, 0x02, 
0x1c, 0x01, 0x3f, 0x02, 0x1a, 0x01, 0x2f, 0x00, 0x12, 0x01, 0x3f, 0x02, 0x11, 0x01, 0x2f, 0x00, 
0x13, 0x01, 0x00, 0x00, 0x15, 0x40, 0x00, 0x00, 0x01, 0x00, 0x00, 0x00, 0x14, 0x40, 0x00, 0x00, 
0x40, 0x02, 0x00, 0x00, 0x18, 0x01, 0x00, 0x00, 0x14, 0x01, 0x01, 0x01, 0x16, 0x01, 0x01, 0x00, 
0x15, 0x01, 0x09, 0x00, 0x17, 0x01, 0x07, 0x00, 0x2d, 0x01, 0x1e, 0x00, 0x11, 0x00, 0x00, 0x00, 
0x05, 0x00, 0x01, 0x00, 0x00, 0x40, 0x00, 0x00, 0x00, 0xd8, 0x00, 0x00, 0x0b, 0x01, 0x17, 0x00, 
0x0c, 0x01, 0x17, 0x00, 0x0a, 0x01, 0x17, 0x00, 0x04, 0x01, 0x17, 0x00, 0x05, 0x40, 0x00, 0x00, 
0x40, 0x02, 0x00, 0x00, 0x04, 0x40, 0x00, 0x00, 0x18, 0x00, 0x00, 0x00, 0x10, 0x40, 0x00, 0x00, 
0x00, 0x00, 0x00, 0x00, 0x1b, 0x01, 0x17, 0x00, 0x1c, 0x01, 0x17, 0x00, 0x1a, 0x01, 0x17, 0x00, 
0x12, 0x01, 0x17, 0x00, 0x11, 0x01, 0x17, 0x00, 0x13, 0x01, 0x17, 0x00, 0x15, 0x40, 0x00, 0x00, 
0x40, 0x02, 0x00, 0x00, 0x14, 0x40, 0x00, 0x00, 0x18, 0x00, 0x00, 0x00, 0x17, 0x01, 0x0f, 0x00, 
0x05, 0x00, 0x01, 0x00, 0x00, 0x40, 0x00, 0x00, 0x00, 0x00, 0x00, 0x00, 0x0a, 0x01, 0x3f, 0x02, 
0x04, 0x01, 0x00, 0x00, 0x04, 0x40, 0x00, 0x00, 0x01, 0x00, 0x00, 0x00, 0x10, 0x40, 0x00, 0x00, 
0x00, 0xd8, 0x00, 0x00, 0x1a, 0x01, 0x3f, 0x02, 0x11, 0x01, 0x3f, 0x02, 0x13, 0x01, 0x00, 0x00, 
0x15, 0x40, 0x00, 0x00, 0x01, 0x00, 0x00, 0x00, 0x15, 0x01, 0x19, 0x00, 0x17, 0x01, 0x07, 0x00, 
0x05, 0x00, 0x01, 0x00, 0x00, 0x40, 0x00, 0x00, 0x00, 0xd8, 0x00, 0x00, 0x0a, 0x01, 0x17, 0x00, 
0x04, 0x01, 0x17, 0x00, 0x04, 0x40, 0x00, 0x00, 0x18, 0x00, 0x00, 0x00, 0x09, 0x01, 0xff, 0xff, 
0x10, 0x40, 0x00, 0x00, 0x00, 0x00, 0x00, 0x00, 0x1a, 0x01, 0x17, 0x00, 0x11, 0x01, 0x17, 0x00, 
0x13, 0x01, 0x17, 0x00, 0x15, 0x40, 0x00, 0x00, 0x80, 0x04, 0x00, 0x00, 0x14, 0x40, 0x00, 0x00, 
0x30, 0x00, 0x00, 0x00, 0x18, 0x01, 0xff, 0xff, 0x14, 0x01, 0x01, 0x81, 0x15, 0x01, 0x09, 0x00, 
0x17, 0x01, 0x0f, 0x00, 0x05, 0x00, 0x01, 0x00, 0x31, 0x40, 0x00, 0x00, 0x00, 0xd8, 0x00, 0x00, 
0x12, 0x00, 0x00, 0x00, 0x10, 0x00, 0x00, 0x00, 0x0b, 0x01, 0x3f, 0x02, 0x0c, 0x01, 0x3f, 0x02, 
0x0a, 0x01, 0x2f, 0x00, 0x04, 0x01, 0x00, 0x00, 0x05, 0x40, 0x00, 0x00, 0x30, 0x00, 0x00, 0x00, 
0x04, 0x40, 0x00, 0x00, 0x01, 0x00, 0x00, 0x00, 0x09, 0x01, 0x00, 0x00, 0x10, 0x40, 0x00, 0x00, 
0x00, 0x6c, 0x00, 0x00, 0x1b, 0x01, 0x3f, 0x02, 0x1c, 0x01, 0x3f, 0x02, 0x1a, 0x01, 0x2f, 0x00, 
0x12, 0x01, 0x3f, 0x02, 0x11, 0x01, 0x2f, 0x00, 0x13, 0x01, 0x00, 0x00, 0x15, 0x40, 0x00, 0x00, 
0x01, 0x00, 0x00, 0x00, 0x14, 0x40, 0x00, 0x00, 0x40, 0x02, 0x00, 0x00, 0x18, 0x01, 0x00, 0x00, 
0x14, 0x01, 0x01, 0x01, 0x17, 0x01, 0x07, 0x00, 0x11, 0x00, 0x00, 0x00, 0x05, 0x00, 0x01, 0x00, 
0x00, 0x40, 0x00, 0x00, 0x00, 0xa2, 0x00, 0x00, 0x0b, 0x01, 0x17, 0x00, 0x0c, 0x01, 0x17, 0x00, 
0x0a, 0x01, 0x17, 0x00, 0x04, 0x01, 0x17, 0x00, 0x05, 0x40, 0x00, 0x00, 0x40, 0x02, 0x00, 0x00, 
0x04, 0x40, 0x00, 0x00, 0x18, 0x00, 0x00, 0x00, 0x10, 0x40, 0x00, 0x00, 0x00, 0xd8, 0x00, 0x00, 
0x1b, 0x01, 0x17, 0x00, 0x1c, 0x01, 0x17, 0x00, 0x1a, 0x01, 0x17, 0x00, 0x12, 0x01, 0x17, 0x00, 
0x11, 0x01, 0x17, 0x00, 0x13, 0x01, 0x17, 0x00, 0x15, 0x40, 0x00, 0x00, 0x40, 0x02, 0x00, 0x00, 
0x14, 0x40, 0x00, 0x00, 0x18, 0x00, 0x00, 0x00, 0x17, 0x01, 0x0f, 0x00, 0x2f, 0x01, 0x02, 0x00, 
0x05, 0x00, 0x01, 0x00, 0x00, 0x40, 0x00, 0x00, 0x00, 0xd8, 0x00, 0x00, 0x0a, 0x01, 0x3f, 0x02, 
0x04, 0x01, 0x00, 0x00, 0x04, 0x40, 0x00, 0x00, 0x01, 0x00, 0x00, 0x00, 0x10, 0x40, 0x00, 0x00, 
0x00, 0x0e, 0x01, 0x00, 0x1a, 0x01, 0x3f, 0x02, 0x11, 0x01, 0x3f, 0x02, 0x13, 0x01, 0x00, 0x00, 
0x15, 0x40, 0x00, 0x00, 0x01, 0x00, 0x00, 0x00, 0x15, 0x01, 0x19, 0x00, 0x17, 0x01, 0x07, 0x00, 
0x2f, 0x01, 0x03, 0x00, 0x05, 0x00, 0x01, 0x00, 0x00, 0x40, 0x00, 0x00, 0x00, 0x0e, 0x01, 0x00, 
0x0a, 0x01, 0x17, 0x00, 0x04, 0x01, 0x17, 0x00, 0x04, 0x40, 0x00, 0x00, 0x18, 0x00, 0x00, 0x00, 
0x09, 0x01, 0xff, 0xff, 0x10, 0x40, 0x00, 0x00, 0x00, 0x6c, 0x00, 0x00, 0x1a, 0x01, 0x17, 0x00, 
0x11, 0x01, 0x17, 0x00, 0x13, 0x01, 0x17, 0x00, 0x16, 0x40, 0x00, 0x00, 0x80, 0x01, 0x00, 0x00, 
0x15, 0x40, 0x00, 0x00, 0x00, 0x03, 0x00, 0x00, 0x14, 0x40, 0x00, 0x00, 0x10, 0x00, 0x00, 0x00, 
0x14, 0x01, 0x41, 0x00, 0x20, 0x40, 0x00, 0x00, 0x80, 0xde, 0x00, 0x00, 0x21, 0x40, 0x00, 0x00, 
0x90, 0x02, 0x00, 0x00, 0x22, 0x40, 0x00, 0x00, 0x90, 0xdd, 0x00, 0x00, 0x23, 0x40, 0x00, 0x00, 
0xf0, 0x00, 0x00, 0x00, 0x26, 0x01, 0x00, 0x00, 0x16, 0x01, 0x05, 0x00, 0x15, 0x01, 0x17, 0x00, 
0x17, 0x01, 0x17, 0x00, 0x2d, 0x01, 0x0e, 0x00, 0x02, 0x00, 0x00, 0x00, 0x00, 0x40, 0x00, 0x00, 
0x00, 0x6c, 0x00, 0x00, 0x06, 0x40, 0x00, 0x00, 0x80, 0x01, 0x00, 0x00, 0x05, 0x40, 0x00, 0x00, 
0x00, 0x03, 0x00, 0x00, 0x04, 0x40, 0x00, 0x00, 0x10, 0x00, 0x00, 0x00, 0x09, 0x01, 0x00, 0x00, 
0x05, 0x01, 0x41, 0x00, 0x00, 0x01, 0x01, 0x00, 0x01, 0x01, 0x01, 0x00, 0x03, 0x01, 0x01, 0x00, 
0x02, 0x01, 0x01, 0x00, 0x10, 0x40, 0x00, 0x00, 0x00, 0xb4, 0x00, 0x00, 0x21, 0x01, 0x02, 0x00, 
0x20, 0x01, 0x02, 0x00, 0x20, 0x40, 0x00, 0x00, 0x00, 0xe2, 0x00, 0x00, 0x21, 0x40, 0x00, 0x00, 
0x20, 0x01, 0x00, 0x00, 0x22, 0x40, 0x00, 0x00, 0x10, 0xe1, 0x00, 0x00, 0x26, 0x01, 0x80, 0xff, 
0x16, 0x01, 0x0d, 0x00, 0x15, 0x01, 0x0d, 0x00, 0x17, 0x01, 0x0f, 0x00, 0x2f, 0x01, 0x01, 0x00, 
0x03, 0x00, 0x00, 0x00, 0x00, 0x40, 0x00, 0x00, 0x00, 0xb4, 0x00, 0x00, 0x00, 0x01, 0x00, 0x00, 
0x01, 0x01, 0x00, 0x00, 0x03, 0x01, 0x00, 0x00, 0x02, 0x01, 0x00, 0x00, 0x10, 0x40, 0x00, 0x00, 
0x00, 0x6c, 0x00, 0x00, 0x18, 0x01, 0xff, 0xff, 0x21, 0x01, 0x00, 0x00, 0x20, 0x01, 0x00, 0x00, 
0x20, 0x40, 0x00, 0x00, 0x10, 0xe4, 0x00, 0x00, 0x21, 0x40, 0x00, 0x00, 0x90, 0x02, 0x00, 0x00, 
0x22, 0x40, 0x00, 0x00, 0x20, 0xe3, 0x00, 0x00, 0x26, 0x01, 0xff, 0xff, 0x16, 0x01, 0x05, 0x00, 
0x15, 0x01, 0x17, 0x00, 0x17, 0x01, 0x17, 0x00, 0x2f, 0x01, 0x02, 0x00, 0x02, 0x00, 0x00, 0x00, 
0x00, 0x40, 0x00, 0x00, 0x00, 0x6c, 0x00, 0x00, 0x09, 0x01, 0xff, 0xff, 0x10, 0x40, 0x00, 0x00, 
0x18, 0x00, 0x00, 0x00, 0x16, 0x40, 0x00, 0x00, 0x01, 0x00, 0x00, 0x00, 0x15, 0x40, 0x00, 0x00, 
0x80, 0x04, 0x00, 0x00, 0x14, 0x40, 0x00, 0x00, 0x30, 0x00, 0x00, 0x00, 0x14, 0x01, 0x01, 0x81, 
0x26, 0x01, 0x80, 0xff, 0x16, 0x01, 0x01, 0x00, 0x15, 0x01, 0x09, 0x00, 0x17, 0x01, 0x0f, 0x00, 
0x2d, 0x01, 0x1e, 0x00, 0x2f, 0x01, 0x03, 0x00, 0x05, 0x00, 0x01, 0x00, 0x00, 0x40, 0x00, 0x00, 
0x00, 0x00, 0x00, 0x00, 0x04, 0x01, 0x2f, 0x00, 0x06, 0x40, 0x00, 0x00, 0x01, 0x00, 0x00, 0x00, 
0x05, 0x40, 0x00, 0x00, 0x80, 0x04, 0x00, 0x00, 0x04, 0x40, 0x00, 0x00, 0x30, 0x00, 0x00, 0x00, 
0x05, 0x01, 0x01, 0x00, 0x10, 0x40, 0x00, 0x00, 0x00, 0x6c, 0x00, 0x00, 0x13, 0x01, 0x2f, 0x00, 
0x14, 0x01, 0x01, 0x00, 0x20, 0x40, 0x00, 0x00, 0x80, 0xe8, 0x00, 0x00, 0x21, 0x40, 0x00, 0x00, 
0x60, 0x00, 0x00, 0x00, 0x22, 0x40, 0x00, 0x00, 0xa0, 0xe6, 0x00, 0x00, 0x23, 0x40, 0x00, 0x00, 
0xe0, 0x01, 0x00, 0x00, 0x16, 0x01, 0x05, 0x00, 0x15, 0x01, 0x0b, 0x00, 0x17, 0x01, 0x2f, 0x00, 
0x2d, 0x01, 0x0e, 0x00, 0x02, 0x00, 0x00, 0x00, 0x31, 0x40, 0x00, 0x00, 0x00, 0x00, 0x00, 0x00, 
0x12, 0x00, 0x00, 0x00, 0x10, 0x00, 0x00, 0x00, 0x0b, 0x01, 0x3f, 0x02, 0x0c, 0x01, 0x3f, 0x02, 
0x0a, 0x01, 0x2f, 0x00, 0x04, 0x01, 0x00, 0x00, 0x05, 0x40, 0x00, 0x00, 0x30, 0x00, 0x00, 0x00, 
0x04, 0x40, 0x00, 0x00, 0x01, 0x00, 0x00, 0x00, 0x09, 0x01, 0x00, 0x00, 0x10, 0x40, 0x00, 0x00, 
0x00, 0xd8, 0x00, 0x00, 0x1b, 0x01, 0x3f, 0x02, 0x1c, 0x01, 0x3f, 0x02, 0x1a, 0x01, 0x2f, 0x00, 
0x12, 0x01, 0x3f, 0x02, 0x11, 0x01, 0x2f, 0x00, 0x13, 0x01, 0x00, 0x00, 0x15, 0x40, 0x00, 0x00, 
0x01, 0x00, 0x00, 0x00, 0x14, 0x40, 0x00, 0x00, 0x40, 0x02, 0x00, 0x00, 0x18, 0x01, 0x00, 0x00, 
0x14, 0x01, 0x01, 0x01, 0x16, 0x01, 0x01, 0x00, 0x15, 0x01, 0x09, 0x00, 0x17, 0x01, 0x07, 0x00, 
0x2d, 0x01, 0x1e, 0x00, 0x11, 0x00, 0x00, 0x00, 0x05, 0x00, 0x01, 0x00, 0x00, 0x40, 0x00, 0x00, 
0x00, 0xd8, 0x00, 0x00, 0x0b, 0x01, 0x17, 0x00, 0x0c, 0x01, 0x17, 0x00, 0x0a, 0x01, 0x17, 0x00, 
0x04, 0x01, 0x17, 0x00, 0x05, 0x40, 0x00, 0x00, 0x40, 0x02, 0x00, 0x00, 0x04, 0x40, 0x00, 0x00, 
0x18, 0x00, 0x00, 0x00, 0x10, 0x40, 0x00, 0x00, 0x00, 0x00, 0x00, 0x00, 0x1b, 0x01, 0x17, 0x00, 
0x1c, 0x01, 0x17, 0x00, 0x1a, 0x01, 0x17, 0x00, 0x12, 0x01, 0x17, 0x00, 0x11, 0x01, 0x17, 0x00, 
0x13, 0x01, 0x17, 0x00, 0x15, 0x40, 0x00, 0x00, 0x40, 0x02, 0x00, 0x00, 0x14, 0x40, 0x00, 0x00, 
0x18, 0x00, 0x00, 0x00, 0x17, 0x01, 0x0f, 0x00, 0x05, 0x00, 0x01, 0x00, 0x00, 0x40, 0x00, 0x00, 
0x00, 0x00, 0x00, 0x00, 0x0a, 0x01, 0x3f, 0x02, 0x04, 0x01, 0x00, 0x00, 0x04, 0x40, 0x00, 0x00, 
0x01, 0x00, 0x00, 0x00, 0x10, 0x40, 0x00, 0x00, 0x00, 0xd8, 0x00, 0x00, 0x1a, 0x01, 0x3f, 0x02, 
0x11, 0x01, 0x3f, 0x02, 0x13, 0x01, 0x00, 0x00, 0x15, 0x40, 0x00, 0x00, 0x01, 0x00, 0x00, 0x00, 
0x15, 0x01, 0x19, 0x00, 0x17, 0x01, 0x07, 0x00, 0x05, 0x00, 0x01, 0x00, 0x00, 0x40, 0x00, 0x00, 
0x00, 0xd8, 0x00, 0x00, 0x0a, 0x01, 0x17, 0x00, 0x04, 0x01, 0x17, 0x00, 0x04, 0x40, 0x00, 0x00, 
0x18, 0x00, 0x00, 0x00, 0x09, 0x01, 0xff, 0xff, 0x10, 0x40, 0x00, 0x00, 0x00, 0x00, 0x00, 0x00, 
0x1a, 0x01, 0x17, 0x00, 0x11, 0x01, 0x17, 0x00, 0x13, 0x01, 0x17, 0x00, 0x15, 0x40, 0x00, 0x00, 
0x80, 0x04, 0x00, 0x00, 0x14, 0x40, 0x00, 0x00, 0x30, 0x00, 0x00, 0x00, 0x18, 0x01, 0xff, 0xff, 
0x14, 0x01, 0x01, 0x81, 0x15, 0x01, 0x09, 0x00, 0x17, 0x01, 0x0f, 0x00, 0x05, 0x00, 0x01, 0x00, 
0x31, 0x40, 0x00, 0x00, 0x00, 0xd8, 0x00, 0x00, 0x12, 0x00, 0x00, 0x00, 0x10, 0x00, 0x00, 0x00, 
0x0b, 0x01, 0x3f, 0x02, 0x0c, 0x01, 0x3f, 0x02, 0x0a, 0x01, 0x2f, 0x00, 0x04, 0x01, 0x00, 0x00, 
0x05, 0x40, 0x00, 0x00, 0x30, 0x00, 0x00, 0x00, 0x04, 0x40, 0x00, 0x00, 0x01, 0x00, 0x00, 0x00, 
0x09, 0x01, 0x00, 0x00, 0x10, 0x40, 0x00, 0x00, 0x00, 0x6c, 0x00, 0x00, 0x1b, 0x01, 0x3f, 0x02, 
0x1c, 0x01, 0x3f, 0x02, 0x1a, 0x01, 0x2f, 0x00, 0x12, 0x01, 0x3f, 0x02, 0x11, 0x01, 0x2f, 0x00, 
0x13, 0x01, 0x00, 0x00, 0x15, 0x40, 0x00, 0x00, 0x01, 0x00, 0x00, 0x00, 0x14, 0x40, 0x00, 0x00, 
0x40, 0x02, 0x00, 0x00, 0x18, 0x01, 0x00, 0x00, 0x14, 0x01, 0x01, 0x01, 0x17, 0x01, 0x07, 0x00, 
0x24, 0x40, 0x1c, 0x00, 0xe1, 0x8a, 0xfc, 0x16, 0x11, 0x00, 0x00, 0x00, 0x05, 0x00, 0x01, 0x00, 
0x00, 0x40, 0x00, 0x00, 0x00, 0xa2, 0x00, 0x00, 0x0b, 0x01, 0x17, 0x00, 0x0c, 0x01, 0x17, 0x00, 
0x0a, 0x01, 0x17, 0x00, 0x04, 0x01, 0x17, 0x00, 0x05, 0x40, 0x00, 0x00, 0x40, 0x02, 0x00, 0x00, 
0x04, 0x40, 0x00, 0x00, 0x18, 0x00, 0x00, 0x00, 0x10, 0x40, 0x00, 0x00, 0x00, 0xd8, 0x00, 0x00, 
0x1b, 0x01, 0x17, 0x00, 0x1c, 0x01, 0x17, 0x00, 0x1a, 0x01, 0x17, 0x00, 0x12, 0x01, 0x17, 0x00, 
0x11, 0x01, 0x17, 0x00, 0x13, 0x01, 0x17, 0x00, 0x15, 0x40, 0x00, 0x00, 0x40, 0x02, 0x00, 0x00, 
0x14, 0x40, 0x00, 0x00, 0x18, 0x00, 0x00, 0x00, 0x17, 0x01, 0x0f, 0x00, 0x24, 0x40, 0x1f, 0x00, 
0x01, 0x00, 0x00, 0x80, 0x2f, 0x01, 0x02, 0x00, 0x05, 0x00, 0x01, 0x00, 0x00, 0x40, 0x00, 0x00, 
0x00, 0xd8, 0x00, 0x00, 0x0a, 0x01, 0x3f, 0x02, 0x04, 0x01, 0x00, 0x00, 0x04, 0x40, 0x00, 0x00, 
0x01, 0x00, 0x00, 0x00, 0x10, 0x40, 0x00, 0x00, 0x00, 0x0e, 0x01, 0x00, 0x1a, 0x01, 0x3f, 0x02, 
0x11, 0x01, 0x3f, 0x02, 0x13, 0x01, 0x00, 0x00, 0x15, 0x40, 0x00, 0x00, 0x01, 0x00, 0x00, 0x00, 
0x15, 0x01, 0x19, 0x00, 0x17, 0x01, 0x07, 0x00, 0x2f, 0x01, 0x03, 0x00, 0x05, 0x00, 0x01, 0x00, 
0x00, 0x40, 0x00, 0x00, 0x00, 0x0e, 0x01, 0x00, 0x0a, 0x01, 0x17, 0x00, 0x04, 0x01, 0x17, 0x00, 
0x04, 0x40, 0x00, 0x00, 0x18, 0x00, 0x00, 0x00, 0x09, 0x01, 0xff, 0xff, 0x10, 0x40, 0x00, 0x00, 
0x00, 0x6c, 0x00, 0x00, 0x1a, 0x01, 0x17, 0x00, 0x11, 0x01, 0x17, 0x00, 0x13, 0x01, 0x17, 0x00, 
0x16, 0x40, 0x00, 0x00, 0x80, 0x01, 0x00, 0x00, 0x15, 0x40, 0x00, 0x00, 0x00, 0x03, 0x00, 0x00, 
0x14, 0x40, 0x00, 0x00, 0x10, 0x00, 0x00, 0x00, 0x14, 0x01, 0x41, 0x00, 0x20, 0x40, 0x00, 0x00, 
0xd0, 0xe9, 0x00, 0x00, 0x21, 0x40, 0x00, 0x00, 0x80, 0x02, 0x00, 0x00, 0x22, 0x40, 0x00, 0x00, 
0xe0, 0xe8, 0x00, 0x00, 0x23, 0x40, 0x00, 0x00, 0xf0, 0x00, 0x00, 0x00, 0x26, 0x01, 0x00, 0x00, 
0x16, 0x01, 0x05, 0x00, 0x15, 0x01, 0x17, 0x00, 0x17, 0x01, 0x17, 0x00, 0x2d, 0x01, 0x0e, 0x00, 
0x02, 0x00, 0x00, 0x00, 0x00, 0x40, 0x00, 0x00, 0x00, 0x6c, 0x00, 0x00, 0x06, 0x40, 0x00, 0x00, 
0x80, 0x01, 0x00, 0x00, 0x05, 0x40, 0x00, 0x00, 0x00, 0x03, 0x00, 0x00, 0x04, 0x40, 0x00, 0x00, 
0x10, 0x00, 0x00, 0x00, 0x09, 0x01, 0x00, 0x00, 0x05, 0x01, 0x41, 0x00, 0x00, 0x01, 0x01, 0x00, 
0x01, 0x01, 0x01, 0x00, 0x03, 0x01, 0x01, 0x00, 0x02, 0x01, 0x01, 0x00, 0x10, 0x40, 0x00, 0x00, 
0x00, 0xb4, 0x00, 0x00, 0x21, 0x01, 0x02, 0x00, 0x20, 0x01, 0x02, 0x00, 0x20, 0x40, 0x00, 0x00, 
0x40, 0xed, 0x00, 0x00, 0x21, 0x40, 0x00, 0x00, 0x10, 0x01, 0x00, 0x00, 0x22, 0x40, 0x00, 0x00, 
0x50, 0xec, 0x00, 0x00, 0x26, 0x01, 0x80, 0xff, 0x16, 0x01, 0x0d, 0x00, 0x15, 0x01, 0x0d, 0x00, 
0x17, 0x01, 0x0f, 0x00, 0x2f, 0x01, 0x01, 0x00, 0x03, 0x00, 0x00, 0x00, 0x00, 0x40, 0x00, 0x00, 
0x00, 0xb4, 0x00, 0x00, 0x00, 0x01, 0x00, 0x00, 0x01, 0x01, 0x00, 0x00, 0x03, 0x01, 0x00, 0x00, 
0x02, 0x01, 0x00, 0x00, 0x10, 0x40, 0x00, 0x00, 0x00, 0x6c, 0x00, 0x00, 0x18, 0x01, 0xff, 0xff, 
0x21, 0x01, 0x00, 0x00, 0x20, 0x01, 0x00, 0x00, 0x20, 0x40, 0x00, 0x00, 0x40, 0xef, 0x00, 0x00, 
0x21, 0x40, 0x00, 0x00, 0xa0, 0x02, 0x00, 0x00, 0x22, 0x40, 0x00, 0x00, 0x50, 0xee, 0x00, 0x00, 
0x26, 0x01, 0xff, 0xff, 0x16, 0x01, 0x05, 0x00, 0x15, 0x01, 0x17, 0x00, 0x17, 0x01, 0x17, 0x00, 
0x2f, 0x01, 0x02, 0x00, 0x02, 0x00, 0x00, 0x00, 0x00, 0x40, 0x00, 0x00, 0x00, 0x6c, 0x00, 0x00, 
0x09, 0x01, 0xff, 0xff, 0x10, 0x40, 0x00, 0x00, 0x18, 0x00, 0x00, 0x00, 0x16, 0x40, 0x00, 0x00, 
0x01, 0x00, 0x00, 0x00, 0x15, 0x40, 0x00, 0x00, 0x80, 0x04, 0x00, 0x00, 0x14, 0x40, 0x00, 0x00, 
0x30, 0x00, 0x00, 0x00, 0x14, 0x01, 0x01, 0x81, 0x26, 0x01, 0x80, 0xff, 0x16, 0x01, 0x01, 0x00, 
0x15, 0x01, 0x09, 0x00, 0x17, 0x01, 0x0f, 0x00, 0x2d, 0x01, 0x1e, 0x00, 0x2f, 0x01, 0x03, 0x00, 
0x05, 0x00, 0x01, 0x00, 0x00, 0x40, 0x00, 0x00, 0x00, 0x00, 0x00, 0x00, 0x04, 0x01, 0x2f, 0x00, 
0x06, 0x40, 0x00, 0x00, 0x01, 0x00, 0x00, 0x00, 0x05, 0x40, 0x00, 0x00, 0x80, 0x04, 0x00, 0x00, 
0x04, 0x40, 0x00, 0x00, 0x30, 0x00, 0x00, 0x00, 0x05, 0x01, 0x01, 0x00, 0x10, 0x40, 0x00, 0x00, 
0x00, 0x6c, 0x00, 0x00, 0x13, 0x01, 0x2f, 0x00, 0x14, 0x01, 0x01, 0x00, 0x20, 0x40, 0x00, 0x00, 
0xc0, 0xf3, 0x00, 0x00, 0x21, 0x40, 0x00, 0x00, 0x60, 0x00, 0x00, 0x00, 0x22, 0x40, 0x00, 0x00, 
0xe0, 0xf1, 0x00, 0x00, 0x23, 0x40, 0x00, 0x00, 0xe0, 0x01, 0x00, 0x00, 0x16, 0x01, 0x05, 0x00, 
0x15, 0x01, 0x0b, 0x00, 0x17, 0x01, 0x2f, 0x00, 0x2d, 0x01, 0x0e, 0x00, 0x02, 0x00, 0x00, 0x00, 
0x31, 0x40, 0x00, 0x00, 0x00, 0x00, 0x00, 0x00, 0x12, 0x00, 0x00, 0x00, 0x10, 0x00, 0x00, 0x00, 
0x0b, 0x01, 0x3f, 0x02, 0x0c, 0x01, 0x3f, 0x02, 0x0a, 0x01, 0x2f, 0x00, 0x04, 0x01, 0x00, 0x00, 
0x05, 0x40, 0x00, 0x00, 0x30, 0x00, 0x00, 0x00, 0x04, 0x40, 0x00, 0x00, 0x01, 0x00, 0x00, 0x00, 
0x09, 0x01, 0x00, 0x00, 0x10, 0x40, 0x00, 0x00, 0x00, 0xd8, 0x00, 0x00, 0x1b, 0x01, 0x3f, 0x02, 
0x1c, 0x01, 0x3f, 0x02, 0x1a, 0x01, 0x2f, 0x00, 0x12, 0x01, 0x3f, 0x02, 0x11, 0x01, 0x2f, 0x00, 
0x13, 0x01, 0x00, 0x00, 0x15, 0x40, 0x00, 0x00, 0x01, 0x00, 0x00, 0x00, 0x14, 0x40, 0x00, 0x00, 
0x40, 0x02, 0x00, 0x00, 0x18, 0x01, 0x00, 0x00, 0x14, 0x01, 0x01, 0x01, 0x16, 0x01, 0x01, 0x00, 
0x15, 0x01, 0x09, 0x00, 0x17, 0x01, 0x07, 0x00, 0x2d, 0x01, 0x1e, 0x00, 0x11, 0x00, 0x00, 0x00, 
0x05, 0x00, 0x01, 0x00, 0x00, 0x40, 0x00, 0x00, 0x00, 0xd8, 0x00, 0x00, 0x0b, 0x01, 0x17, 0x00, 
0x0c, 0x01, 0x17, 0x00, 0x0a, 0x01, 0x17, 0x00, 0x04, 0x01, 0x17, 0x00, 0x05, 0x40, 0x00, 0x00, 
0x40, 0x02, 0x00, 0x00, 0x04, 0x40, 0x00, 0x00, 0x18, 0x00, 0x00, 0x00, 0x10, 0x40, 0x00, 0x00, 
0x00, 0x00, 0x00, 0x00, 0x1b, 0x01, 0x17, 0x00, 0x1c, 0x01, 0x17, 0x00, 0x1a, 0x01, 0x17, 0x00, 
0x12, 0x01, 0x17, 0x00, 0x11, 0x01, 0x17, 0x00, 0x13, 0x01, 0x17, 0x00, 0x15, 0x40, 0x00, 0x00, 
0x40, 0x02, 0x00, 0x00, 0x14, 0x40, 0x00, 0x00, 0x18, 0x00, 0x00, 0x00, 0x17, 0x01, 0x0f, 0x00, 
0x05, 0x00, 0x01, 0x00, 0x00, 0x40, 0x00, 0x00, 0x00, 0x00, 0x00, 0x00, 0x0a, 0x01, 0x3f, 0x02, 
0x04, 0x01, 0x00, 0x00, 0x04, 0x40, 0x00, 0x00, 0x01, 0x00, 0x00, 0x00, 0x10, 0x40, 0x00, 0x00, 
0x00, 0xd8, 0x00, 0x00, 0x1a, 0x01, 0x3f, 0x02, 0x11, 0x01, 0x3f, 0x02, 0x13, 0x01, 0x00, 0x00, 
0x15, 0x40, 0x00, 0x00, 0x01, 0x00, 0x00, 0x00, 0x15, 0x01, 0x19, 0x00, 0x17, 0x01, 0x07, 0x00, 
0x05, 0x00, 0x01, 0x00, 0x00, 0x40, 0x00, 0x00, 0x00, 0xd8, 0x00, 0x00, 0x0a, 0x01, 0x17, 0x00, 
0x04, 0x01, 0x17, 0x00, 0x04, 0x40, 0x00, 0x00, 0x18, 0x00, 0x00, 0x00, 0x09, 0x01, 0xff, 0xff, 
0x10, 0x40, 0x00, 0x00, 0x00, 0x00, 0x00, 0x00, 0x1a, 0x01, 0x17, 0x00, 0x11, 0x01, 0x17, 0x00, 
0x13, 0x01, 0x17, 0x00, 0x15, 0x40, 0x00, 0x00, 0x80, 0x04, 0x00, 0x00, 0x14, 0x40, 0x00, 0x00, 
0x30, 0x00, 0x00, 0x00, 0x18, 0x01, 0xff, 0xff, 0x14, 0x01, 0x01, 0x81, 0x15, 0x01, 0x09, 0x00, 
0x17, 0x01, 0x0f, 0x00, 0x05, 0x00, 0x01, 0x00, 0x31, 0x40, 0x00, 0x00, 0x00, 0xd8, 0x00, 0x00, 
0x12, 0x00, 0x00, 0x00, 0x10, 0x00, 0x00, 0x00, 0x0b, 0x01, 0x3f, 0x02, 0x0c, 0x01, 0x3f, 0x02, 
0x0a, 0x01, 0x2f, 0x00, 0x04, 0x01, 0x00, 0x00, 0x05, 0x40, 0x00, 0x00, 0x30, 0x00, 0x00, 0x00, 
0x04, 0x40, 0x00, 0x00, 0x01, 0x00, 0x00, 0x00, 0x09, 0x01, 0x00, 0x00, 0x10, 0x40, 0x00, 0x00, 
0x00, 0x6c, 0x00, 0x00, 0x1b, 0x01, 0x3f, 0x02, 0x1c, 0x01, 0x3f, 0x02, 0x1a, 0x01, 0x2f, 0x00, 
0x12, 0x01, 0x3f, 0x02, 0x11, 0x01, 0x2f, 0x00, 0x13, 0x01, 0x00, 0x00, 0x15, 0x40, 0x00, 0x00, 
0x01, 0x00, 0x00, 0x00, 0x14, 0x40, 0x00, 0x00, 0x40, 0x02, 0x00, 0x00, 0x18, 0x01, 0x00, 0x00, 
0x14, 0x01, 0x01, 0x01, 0x17, 0x01, 0x07, 0x00, 0x11, 0x00, 0x00, 0x00, 0x05, 0x00, 0x01, 0x00, 
0x00, 0x40, 0x00, 0x00, 0x00, 0xa2, 0x00, 0x00, 0x0b, 0x01, 0x17, 0x00, 0x0c, 0x01, 0x17, 0x00, 
0x0a, 0x01, 0x17, 0x00, 0x04, 0x01, 0x17, 0x00, 0x05, 0x40, 0x00, 0x00, 0x40, 0x02, 0x00, 0x00, 
0x04, 0x40, 0x00, 0x00, 0x18, 0x00, 0x00, 0x00, 0x10, 0x40, 0x00, 0x00, 0x00, 0xd8, 0x00, 0x00, 
0x1b, 0x01, 0x17, 0x00, 0x1c, 0x01, 0x17, 0x00, 0x1a, 0x01, 0x17, 0x00, 0x12, 0x01, 0x17, 0x00, 
0x11, 0x01, 0x17, 0x00, 0x13, 0x01, 0x17, 0x00, 0x15, 0x40, 0x00, 0x00, 0x40, 0x02, 0x00, 0x00, 
0x14, 0x40, 0x00, 0x00, 0x18, 0x00, 0x00, 0x00, 0x17, 0x01, 0x0f, 0x00, 0x2f, 0x01, 0x02, 0x00, 
0x05, 0x00, 0x01, 0x00, 0x00, 0x40, 0x00, 0x00, 0x00, 0xd8, 0x00, 0x00, 0x0a, 0x01, 0x3f, 0x02, 
0x04, 0x01, 0x00, 0x00, 0x04, 0x40, 0x00, 0x00, 0x01, 0x00, 0x00, 0x00, 0x10, 0x40, 0x00, 0x00, 
0x00, 0x0e, 0x01, 0x00, 0x1a, 0x01, 0x3f, 0x02, 0x11, 0x01, 0x3f, 0x02, 0x13, 0x01, 0x00, 0x00, 
0x15, 0x40, 0x00, 0x00, 0x01, 0x00, 0x00, 0x00, 0x15, 0x01, 0x19, 0x00, 0x17, 0x01, 0x07, 0x00, 
0x2f, 0x01, 0x03, 0x00, 0x05, 0x00, 0x01, 0x00, 0x00, 0x40, 0x00, 0x00, 0x00, 0x0e, 0x01, 0x00, 
0x0a, 0x01, 0x17, 0x00, 0x04, 0x01, 0x17, 0x00, 0x04, 0x40, 0x00, 0x00, 0x18, 0x00, 0x00, 0x00, 
0x09, 0x01, 0xff, 0xff, 0x10, 0x40, 0x00, 0x00, 0x00, 0x6c, 0x00, 0x00, 0x1a, 0x01, 0x17, 0x00, 
0x11, 0x01, 0x17, 0x00, 0x13, 0x01, 0x17, 0x00, 0x16, 0x40, 0x00, 0x00, 0x80, 0x01, 0x00, 0x00, 
0x15, 0x40, 0x00, 0x00, 0x00, 0x03, 0x00, 0x00, 0x14, 0x40, 0x00, 0x00, 0x10, 0x00, 0x00, 0x00, 
0x18, 0x01, 0xff, 0xff, 0x14, 0x01, 0x41, 0x00, 0x20, 0x40, 0x00, 0x00, 0x10, 0xf5, 0x00, 0x00, 
0x21, 0x40, 0x00, 0x00, 0x80, 0x02, 0x00, 0x00, 0x22, 0x40, 0x00, 0x00, 0x20, 0xf4, 0x00, 0x00, 
0x23, 0x40, 0x00, 0x00, 0xf0, 0x00, 0x00, 0x00, 0x26, 0x01, 0xff, 0xff, 0x16, 0x01, 0x05, 0x00, 
0x15, 0x01, 0x17, 0x00, 0x17, 0x01, 0x17, 0x00, 0x2d, 0x01, 0x0e, 0x00, 0x02, 0x00, 0x00, 0x00, 
0x00, 0x40, 0x00, 0x00, 0x00, 0x6c, 0x00, 0x00, 0x06, 0x40, 0x00, 0x00, 0x80, 0x01, 0x00, 0x00, 
0x05, 0x40, 0x00, 0x00, 0x00, 0x03, 0x00, 0x00, 0x04, 0x40, 0x00, 0x00, 0x10, 0x00, 0x00, 0x00, 
0x05, 0x01, 0x41, 0x00, 0x00, 0x01, 0x01, 0x00, 0x01, 0x01, 0x01, 0x00, 0x03, 0x01, 0x01, 0x00, 
0x02, 0x01, 0x01, 0x00, 0x10, 0x40, 0x00, 0x00, 0x00, 0xb4, 0x00, 0x00, 0x18, 0x01, 0x00, 0x00, 
0x21, 0x01, 0x02, 0x00, 0x20, 0x01, 0x02, 0x00, 0x20, 0x40, 0x00, 0x00, 0x80, 0xf8, 0x00, 0x00, 
0x21, 0x40, 0x00, 0x00, 0x20, 0x01, 0x00, 0x00, 0x22, 0x40, 0x00, 0x00, 0x90, 0xf7, 0x00, 0x00, 
0x26, 0x01, 0x80, 0xff, 0x16, 0x01, 0x0d, 0x00, 0x15, 0x01, 0x0d, 0x00, 0x17, 0x01, 0x0f, 0x00, 
0x2f, 0x01, 0x01, 0x00, 0x03, 0x00, 0x00, 0x00, 0x00, 0x40, 0x00, 0x00, 0x00, 0xb4, 0x00, 0x00, 
0x09, 0x01, 0x00, 0x00, 0x00, 0x01, 0x00, 0x00, 0x01, 0x01, 0x00, 0x00, 0x03, 0x01, 0x00, 0x00, 
0x02, 0x01, 0x00, 0x00, 0x10, 0x40, 0x00, 0x00, 0x00, 0x6c, 0x00, 0x00, 0x18, 0x01, 0xff, 0xff, 
0x21, 0x01, 0x00, 0x00, 0x20, 0x01, 0x00, 0x00, 0x20, 0x40, 0x00, 0x00, 0x90, 0xfa, 0x00, 0x00, 
0x21, 0x40, 0x00, 0x00, 0x80, 0x02, 0x00, 0x00, 0x22, 0x40, 0x00, 0x00, 0xa0, 0xf9, 0x00, 0x00, 
0x26, 0x01, 0xff, 0xff, 0x16, 0x01, 0x05, 0x00, 0x15, 0x01, 0x17, 0x00, 0x17, 0x01, 0x17, 0x00, 
0x2f, 0x01, 0x02, 0x00, 0x02, 0x00, 0x00, 0x00, 0x00, 0x40, 0x00, 0x00, 0x00, 0x6c, 0x00, 0x00, 
0x09, 0x01, 0xff, 0xff, 0x10, 0x40, 0x00, 0x00, 0x18, 0x00, 0x00, 0x00, 0x16, 0x40, 0x00, 0x00, 
0x01, 0x00, 0x00, 0x00, 0x15, 0x40, 0x00, 0x00, 0x80, 0x04, 0x00, 0x00, 0x14, 0x40, 0x00, 0x00, 
0x30, 0x00, 0x00, 0x00, 0x14, 0x01, 0x01, 0x81, 0x26, 0x01, 0x80, 0xff, 0x16, 0x01, 0x01, 0x00, 
0x15, 0x01, 0x09, 0x00, 0x17, 0x01, 0x0f, 0x00, 0x2d, 0x01, 0x1e, 0x00, 0x2f, 0x01, 0x03, 0x00, 
0x05, 0x00, 0x01, 0x00, 0x00, 0x40, 0x00, 0x00, 0x00, 0x00, 0x00, 0x00, 0x04, 0x01, 0x2f, 0x00, 
0x06, 0x40, 0x00, 0x00, 0x01, 0x00, 0x00, 0x00, 0x05, 0x40, 0x00, 0x00, 0x80, 0x04, 0x00, 0x00, 
0x04, 0x40, 0x00, 0x00, 0x30, 0x00, 0x00, 0x00, 0x05, 0x01, 0x01, 0x00, 0x03, 0x01, 0x01, 0x00, 
0x02, 0x01, 0x01, 0x00, 0x10, 0x40, 0x00, 0x00, 0x00, 0x6c, 0x00, 0x00, 0x1b, 0x01, 0x0b, 0x00, 
0x1c, 0x01, 0x0b, 0x00, 0x1a, 0x01, 0x0b, 0x00, 0x12, 0x01, 0x0b, 0x00, 0x11, 0x01, 0x0b, 0x00, 
0x13, 0x01, 0x2f, 0x00, 0x16, 0x40, 0x00, 0x00, 0xc0, 0x00, 0x00, 0x00, 0x15, 0x40, 0x00, 0x00, 
0x40, 0x02, 0x00, 0x00, 0x14, 0x40, 0x00, 0x00, 0x10, 0x00, 0x00, 0x00, 0x18, 0x01, 0x00, 0x00, 
0x14, 0x01, 0x41, 0x00, 0x21, 0x01, 0x02, 0x00, 0x20, 0x01, 0x02, 0x00, 0x22, 0x01, 0x03, 0x00, 
0x20, 0x40, 0x00, 0x00, 0xf0, 0xfe, 0x00, 0x00, 0x21, 0x40, 0x00, 0x00, 0x00, 0x02, 0x00, 0x00, 
0x22, 0x40, 0x00, 0x00, 0x10, 0xfd, 0x00, 0x00, 0x23, 0x40, 0x00, 0x00, 0xe0, 0x01, 0x00, 0x00, 
0x16, 0x01, 0x09, 0x00, 0x15, 0x01, 0x0b, 0x00, 0x0d, 0x01, 0x1a, 0x00, 0x2f, 0x01, 0x00, 0x00, 
0x03, 0x00, 0x00, 0x00, 0x00, 0x40, 0x00, 0x00, 0x00, 0x6c, 0x00, 0x00, 0x0b, 0x01, 0x0b, 0x00, 
0x0c, 0x01, 0x0b, 0x00, 0x0a, 0x01, 0x0b, 0x00, 0x06, 0x40, 0x00, 0x00, 0xc0, 0x00, 0x00, 0x00, 
0x05, 0x40, 0x00, 0x00, 0x40, 0x02, 0x00, 0x00, 0x04, 0x40, 0x00, 0x00, 0x10, 0x00, 0x00, 0x00, 
0x09, 0x01, 0x00, 0x00, 0x05, 0x01, 0x41, 0x00, 0x03, 0x01, 0x00, 0x00, 0x02, 0x01, 0x00, 0x00, 
0x10, 0x40, 0x00, 0x00, 0x00, 0xa2, 0x00, 0x00, 0x21, 0x01, 0x00, 0x00, 0x20, 0x01, 0x00, 0x00, 
0x22, 0x01, 0x00, 0x00, 0x20, 0x40, 0x00, 0x00, 0xd0, 0x02, 0x01, 0x00, 0x21, 0x40, 0x00, 0x00, 
0x90, 0x09, 0x00, 0x00, 0x22, 0x40, 0x00, 0x00, 0xf0, 0x00, 0x01, 0x00, 0x26, 0x01, 0x00, 0x00, 
0x17, 0x01, 0x1f, 0x00, 0x0d, 0x01, 0x0a, 0x00, 0x2d, 0x01, 0x0e, 0x00, 0x2f, 0x01, 0x03, 0x00, 
0x02, 0x00, 0x00, 0x00, 0x00, 0x40, 0x00, 0x00, 0x00, 0xa2, 0x00, 0x00, 0x10, 0x40, 0x00, 0x00, 
0x00, 0x6c, 0x00, 0x00, 0x15, 0x40, 0x00, 0x00, 0x80, 0x04, 0x00, 0x00, 0x14, 0x01, 0x41, 0x81, 
0x26, 0x01, 0x80, 0xff, 0x16, 0x01, 0x07, 0x00, 0x15, 0x01, 0x09, 0x00, 0x17, 0x01, 0x2f, 0x00, 
0x2f, 0x01, 0x02, 0x00, 0x05, 0x00, 0x01, 0x00, 0x00, 0x40, 0x00, 0x00, 0x00, 0x00, 0x00, 0x00, 
0x0b, 0x01, 0x17, 0x00, 0x0c, 0x01, 0x17, 0x00, 0x0a, 0x01, 0x17, 0x00, 0x06, 0x40, 0x00, 0x00, 
0x01, 0x00, 0x00, 0x00, 0x05, 0x40, 0x00, 0x00, 0x80, 0x04, 0x00, 0x00, 0x04, 0x40, 0x00, 0x00, 
0x30, 0x00, 0x00, 0x00, 0x09, 0x01, 0xff, 0xff, 0x05, 0x01, 0x01, 0x00, 0x10, 0x40, 0x00, 0x00, 
0x00, 0xa2, 0x00, 0x00, 0x1b, 0x01, 0x17, 0x00, 0x1c, 0x01, 0x17, 0x00, 0x1a, 0x01, 0x17, 0x00, 
0x12, 0x01, 0x17, 0x00, 0x11, 0x01, 0x17, 0x00, 0x16, 0x40, 0x00, 0x00, 0x80, 0x01, 0x00, 0x00, 
0x14, 0x01, 0x41, 0x00, 0x20, 0x40, 0x00, 0x00, 0x40, 0x0e, 0x01, 0x00, 0x21, 0x40, 0x00, 0x00, 
0x40, 0x0a, 0x00, 0x00, 0x22, 0x40, 0x00, 0x00, 0x60, 0x0c, 0x01, 0x00, 0x26, 0x01, 0x00, 0x00, 
0x16, 0x01, 0x05, 0x00, 0x15, 0x01, 0x0b, 0x00, 0x2f, 0x01, 0x03, 0x00, 0x02, 0x00, 0x00, 0x00, 
0x00, 0x40, 0x00, 0x00, 0x00, 0xa2, 0x00, 0x00, 0x06, 0x40, 0x00, 0x00, 0x80, 0x01, 0x00, 0x00, 
0x04, 0x40, 0x00, 0x00, 0x10, 0x00, 0x00, 0x00, 0x09, 0x01, 0x00, 0x00, 0x05, 0x01, 0x41, 0x00, 
0x03, 0x01, 0x01, 0x00, 0x02, 0x01, 0x01, 0x00, 0x10, 0x40, 0x00, 0x00, 0x00, 0x00, 0x00, 0x00, 
0x1b, 0x01, 0x0b, 0x00, 0x1c, 0x01, 0x0b, 0x00, 0x1a, 0x01, 0x0b, 0x00, 0x12, 0x01, 0x0b, 0x00, 
0x11, 0x01, 0x0b, 0x00, 0x16, 0x40, 0x00, 0x00, 0xc0, 0x00, 0x00, 0x00, 0x15, 0x40, 0x00, 0x00, 
0x40, 0x02, 0x00, 0x00, 0x21, 0x01, 0x02, 0x00, 0x20, 0x01, 0x02, 0x00, 0x22, 0x01, 0x03, 0x00, 
0x20, 0x40, 0x00, 0x00, 0x60, 0x1a, 0x01, 0x00, 0x21, 0x40, 0x00, 0x00, 0x00, 0x02, 0x00, 0x00, 
0x22, 0x40, 0x00, 0x00, 0x80, 0x18, 0x01, 0x00, 0x26, 0x01, 0x80, 0xff, 0x16, 0x01, 0x09, 0x00, 
0x17, 0x01, 0x0f, 0x00, 0x0d, 0x01, 0x1a, 0x00, 0x2d, 0x01, 0x1e, 0x00, 0x2f, 0x01, 0x00, 0x00, 
0x03, 0x00, 0x00, 0x00, 0x00, 0x40, 0x00, 0x00, 0x00, 0x00, 0x00, 0x00, 0x0b, 0x01, 0x0b, 0x00, 
0x0c, 0x01, 0x0b, 0x00, 0x0a, 0x01, 0x0b, 0x00, 0x06, 0x40, 0x00, 0x00, 0xc0, 0x00, 0x00, 0x00, 
0x05, 0x40, 0x00, 0x00, 0x40, 0x02, 0x00, 0x00, 0x03, 0x01, 0x00, 0x00, 0x02, 0x01, 0x00, 0x00, 
0x10, 0x40, 0x00, 0x00, 0x00, 0x1b, 0x00, 0x00, 0x21, 0x01, 0x00, 0x00, 0x20, 0x01, 0x00, 0x00, 
0x22, 0x01, 0x00, 0x00, 0x20, 0x40, 0x00, 0x00, 0x40, 0x1e, 0x01, 0x00, 0x21, 0x40, 0x00, 0x00, 
0xe0, 0x09, 0x00, 0x00, 0x22, 0x40, 0x00, 0x00, 0x60, 0x1c, 0x01, 0x00, 0x26, 0x01, 0x00, 0x00, 
0x17, 0x01, 0x1f, 0x00, 0x0d, 0x01, 0x0a, 0x00, 0x2d, 0x01, 0x0e, 0x00, 0x2f, 0x01, 0x03, 0x00, 
0x02, 0x00, 0x00, 0x00, 0x00, 0x40, 0x00, 0x00, 0x00, 0x1b, 0x00, 0x00, 0x10, 0x40, 0x00, 0x00, 
0x40, 0x6e, 0x00, 0x00, 0x15, 0x40, 0x00, 0x00, 0x80, 0x04, 0x00, 0x00, 0x14, 0x01, 0x41, 0x81, 
0x26, 0x01, 0x80, 0xff, 0x16, 0x01, 0x07, 0x00, 0x15, 0x01, 0x09, 0x00, 0x17, 0x01, 0x2f, 0x00, 
0x2f, 0x01, 0x02, 0x00, 0x05, 0x00, 0x01, 0x00, 0x00, 0x40, 0x00, 0x00, 0x00, 0x6c, 0x00, 0x00, 
0x04, 0x01, 0x5f, 0x00, 0x05, 0x40, 0x00, 0x00, 0x80, 0x04, 0x00, 0x00, 0x10, 0x40, 0x00, 0x00, 
0x00, 0x36, 0x00, 0x00, 0x13, 0x01, 0x5f, 0x00, 0x16, 0x40, 0x00, 0x00, 0x01, 0x00, 0x00, 0x00, 
0x14, 0x40, 0x00, 0x00, 0x60, 0x00, 0x00, 0x00, 0x14, 0x01, 0x01, 0x00, 0x20, 0x40, 0x00, 0x00, 
0xe0, 0x2b, 0x01, 0x00, 0x21, 0x40, 0x00, 0x00, 0xe0, 0x00, 0x00, 0x00, 0x22, 0x40, 0x00, 0x00, 
0x20, 0x28, 0x01, 0x00, 0x23, 0x40, 0x00, 0x00, 0xc0, 0x03, 0x00, 0x00, 0x16, 0x01, 0x05, 0x00, 
0x15, 0x01, 0x0b, 0x00, 0x2f, 0x01, 0x03, 0x00, 0x02, 0x00, 0x00, 0x00, 0x30, 0x40, 0x00, 0x00, 
0x00, 0x36, 0x00, 0x00, 0x31, 0x40, 0x00, 0x00, 0x00, 0x00, 0x00, 0x00, 0x32, 0x40, 0x00, 0x00, 
0x00, 0x36, 0x00, 0x00, 0x12, 0x00, 0x00, 0x00, 0x10, 0x00, 0x00, 0x00, 0x00, 0x40, 0x00, 0x00, 
0x00, 0x00, 0x00, 0x00, 0x0b, 0x01, 0x8f, 0x00, 0x0c, 0x01, 0x8f, 0x00, 0x0a, 0x01, 0x5f, 0x00, 
0x04, 0x01, 0x00, 0x00, 0x06, 0x40, 0x00, 0x00, 0x01, 0x00, 0x00, 0x00, 0x05, 0x40, 0x00, 0x00, 
0x60, 0x00, 0x00, 0x00, 0x04, 0x40, 0x00, 0x00, 0x01, 0x00, 0x00, 0x00, 0x05, 0x01, 0x01, 0x00, 
0x10, 0x40, 0x00, 0x00, 0x00, 0x6c, 0x00, 0x00, 0x1b, 0x01, 0x8f, 0x00, 0x1c, 0x01, 0x8f, 0x00, 
0x1a, 0x01, 0x5f, 0x00, 0x12, 0x01, 0x8f, 0x00, 0x11, 0x01, 0x5f, 0x00, 0x13, 0x01, 0x00, 0x00, 
0x15, 0x40, 0x00, 0x00, 0x01, 0x00, 0x00, 0x00, 0x14, 0x40, 0x00, 0x00, 0x90, 0x00, 0x00, 0x00, 
0x14, 0x01, 0x01, 0x01, 0x16, 0x01, 0x01, 0x00, 0x15, 0x01, 0x09, 0x00, 0x17, 0x01, 0x07, 0x00, 
0x2d, 0x01, 0x1e, 0x00, 0x11, 0x00, 0x00, 0x00, 0x05, 0x00, 0x01, 0x00, 0x00, 0x40, 0x00, 0x00, 
0x00, 0x6c, 0x00, 0x00, 0x0b, 0x01, 0x2f, 0x00, 0x0c, 0x01, 0x2f, 0x00, 0x0a, 0x01, 0x0b, 0x00, 
0x04, 0x01, 0x0b, 0x00, 0x05, 0x40, 0x00, 0x00, 0x90, 0x00, 0x00, 0x00, 0x04, 0x40, 0x00, 0x00, 
0x0c, 0x00, 0x00, 0x00, 0x10, 0x40, 0x00, 0x00, 0x00, 0x00, 0x00, 0x00, 0x1b, 0x01, 0x2f, 0x00, 
0x1c, 0x01, 0x2f, 0x00, 0x1a, 0x01, 0x0b, 0x00, 0x12, 0x01, 0x2f, 0x00, 0x11, 0x01, 0x0b, 0x00, 
0x13, 0x01, 0x0b, 0x00, 0x15, 0x40, 0x00, 0x00, 0x90, 0x00, 0x00, 0x00, 0x14, 0x40, 0x00, 0x00, 
0x0c, 0x00, 0x00, 0x00, 0x17, 0x01, 0x0f, 0x00, 0x05, 0x00, 0x01, 0x00, 0x00, 0x40, 0x00, 0x00, 
0x00, 0x00, 0x00, 0x00, 0x0a, 0x01, 0x8f, 0x00, 0x04, 0x01, 0x00, 0x00, 0x04, 0x40, 0x00, 0x00, 
0x01, 0x00, 0x00, 0x00, 0x10, 0x40, 0x00, 0x00, 0x00, 0x6c, 0x00, 0x00, 0x1a, 0x01, 0x8f, 0x00, 
0x11, 0x01, 0x8f, 0x00, 0x13, 0x01, 0x00, 0x00, 0x15, 0x40, 0x00, 0x00, 0x01, 0x00, 0x00, 0x00, 
0x14, 0x40, 0x00, 0x00, 0x30, 0x00, 0x00, 0x00, 0x16, 0x01, 0x07, 0x00, 0x15, 0x01, 0x3b, 0x00, 
0x17, 0x01, 0x07, 0x00, 0x2d, 0x01, 0x0e, 0x00, 0x05, 0x00, 0x01, 0x00, 0x00, 0x40, 0x00, 0x00, 
0x00, 0x6c, 0x00, 0x00, 0x0b, 0x01, 0x0b, 0x00, 0x0c, 0x01, 0x0b, 0x00, 0x0a, 0x01, 0x0b, 0x00, 
0x04, 0x01, 0x2f, 0x00, 0x05, 0x40, 0x00, 0x00, 0x40, 0x02, 0x00, 0x00, 0x04, 0x40, 0x00, 0x00, 
0x30, 0x00, 0x00, 0x00, 0x10, 0x40, 0x00, 0x00, 0x00, 0x00, 0x00, 0x00, 0x1b, 0x01, 0x0b, 0x00, 
0x1c, 0x01, 0x0b, 0x00, 0x1a, 0x01, 0x0b, 0x00, 0x12, 0x01, 0x0b, 0x00, 0x11, 0x01, 0x0b, 0x00, 
0x13, 0x01, 0x2f, 0x00, 0x16, 0x40, 0x00, 0x00, 0xc0, 0x00, 0x00, 0x00, 0x15, 0x40, 0x00, 0x00, 
0x80, 0x04, 0x00, 0x00, 0x14, 0x40, 0x00, 0x00, 0x10, 0x00, 0x00, 0x00, 0x14, 0x01, 0x41, 0x81, 
0x15, 0x01, 0x09, 0x00, 0x17, 0x01, 0x2f, 0x00, 0x2f, 0x01, 0x01, 0x00, 0x05, 0x00, 0x01, 0x00, 
0x31, 0x40, 0x00, 0x00, 0x00, 0x6c, 0x00, 0x00, 0x12, 0x00, 0x00, 0x00, 0x10, 0x00, 0x00, 0x00, 
0x0b, 0x01, 0x8f, 0x00, 0x0c, 0x01, 0x8f, 0x00, 0x0a, 0x01, 0x5f, 0x00, 0x04, 0x01, 0x00, 0x00, 
0x05, 0x40, 0x00, 0x00, 0x60, 0x00, 0x00, 0x00, 0x04, 0x40, 0x00, 0x00, 0x01, 0x00, 0x00, 0x00, 
0x10, 0x40, 0x00, 0x00, 0x00, 0x36, 0x00, 0x00, 0x1b, 0x01, 0x8f, 0x00, 0x1c, 0x01, 0x8f, 0x00, 
0x1a, 0x01, 0x5f, 0x00, 0x12, 0x01, 0x8f, 0x00, 0x11, 0x01, 0x5f, 0x00, 0x13, 0x01, 0x00, 0x00, 
0x16, 0x40, 0x00, 0x00, 0x01, 0x00, 0x00, 0x00, 0x15, 0x40, 0x00, 0x00, 0x01, 0x00, 0x00, 0x00, 
0x14, 0x40, 0x00, 0x00, 0x90, 0x00, 0x00, 0x00, 0x14, 0x01, 0x01, 0x01, 0x16, 0x01, 0x01, 0x00, 
0x17, 0x01, 0x07, 0x00, 0x2d, 0x01, 0x1e, 0x00, 0x2f, 0x01, 0x03, 0x00, 0x11, 0x00, 0x00, 0x00, 
0x05, 0x00, 0x01, 0x00, 0x00, 0x40, 0x00, 0x00, 0x00, 0x51, 0x00, 0x00, 0x0b, 0x01, 0x2f, 0x00, 
0x0c, 0x01, 0x2f, 0x00, 0x0a, 0x01, 0x0b, 0x00, 0x04, 0x01, 0x0b, 0x00, 0x05, 0x40, 0x00, 0x00, 
0x90, 0x00, 0x00, 0x00, 0x04, 0x40, 0x00, 0x00, 0x0c, 0x00, 0x00, 0x00, 0x10, 0x40, 0x00, 0x00, 
0x00, 0x6c, 0x00, 0x00, 0x1b, 0x01, 0x2f, 0x00, 0x1c, 0x01, 0x2f, 0x00, 0x1a, 0x01, 0x0b, 0x00, 
0x12, 0x01, 0x2f, 0x00, 0x11, 0x01, 0x0b, 0x00, 0x13, 0x01, 0x0b, 0x00, 0x15, 0x40, 0x00, 0x00, 
0x90, 0x00, 0x00, 0x00, 0x14, 0x40, 0x00, 0x00, 0x0c, 0x00, 0x00, 0x00, 0x17, 0x01, 0x0f, 0x00, 
0x05, 0x00, 0x01, 0x00, 0x00, 0x40, 0x00, 0x00, 0x00, 0x6c, 0x00, 0x00, 0x0a, 0x01, 0x8f, 0x00, 
0x04, 0x01, 0x00, 0x00, 0x04, 0x40, 0x00, 0x00, 0x01, 0x00, 0x00, 0x00, 0x10, 0x40, 0x00, 0x00, 
0x00, 0x36, 0x00, 0x00, 0x1a, 0x01, 0x8f, 0x00, 0x11, 0x01, 0x8f, 0x00, 0x13, 0x01, 0x00, 0x00, 
0x15, 0x40, 0x00, 0x00, 0x01, 0x00, 0x00, 0x00, 0x14, 0x40, 0x00, 0x00, 0x30, 0x00, 0x00, 0x00, 
0x16, 0x01, 0x07, 0x00, 0x15, 0x01, 0x3b, 0x00, 0x17, 0x01, 0x07, 0x00, 0x2d, 0x01, 0x0e, 0x00, 
0x05, 0x00, 0x01, 0x00, 0x00, 0x40, 0x00, 0x00, 0x00, 0x36, 0x00, 0x00, 0x0b, 0x01, 0x0b, 0x00, 
0x0c, 0x01, 0x0b, 0x00, 0x0a, 0x01, 0x0b, 0x00, 0x04, 0x01, 0x2f, 0x00, 0x05, 0x40, 0x00, 0x00, 
0x40, 0x02, 0x00, 0x00, 0x04, 0x40, 0x00, 0x00, 0x30, 0x00, 0x00, 0x00, 0x10, 0x40, 0x00, 0x00, 
0x00, 0x51, 0x00, 0x00, 0x1b, 0x01, 0x0b, 0x00, 0x1c, 0x01, 0x0b, 0x00, 0x1a, 0x01, 0x0b, 0x00, 
0x12, 0x01, 0x0b, 0x00, 0x11, 0x01, 0x0b, 0x00, 0x13, 0x01, 0x2f, 0x00, 0x16, 0x40, 0x00, 0x00, 
0xc0, 0x00, 0x00, 0x00, 0x15, 0x40, 0x00, 0x00, 0x40, 0x02, 0x00, 0x00, 0x14, 0x40, 0x00, 0x00, 
0x10, 0x00, 0x00, 0x00, 0x14, 0x01, 0x41, 0x00, 0x20, 0x40, 0x00, 0x00, 0xa0, 0x2e, 0x01, 0x00, 
0x21, 0x40, 0x00, 0x00, 0x20, 0x0a, 0x00, 0x00, 0x22, 0x40, 0x00, 0x00, 0xc0, 0x2c, 0x01, 0x00, 
0x23, 0x40, 0x00, 0x00, 0xe0, 0x01, 0x00, 0x00, 0x26, 0x01, 0x00, 0x00, 0x16, 0x01, 0x09, 0x00, 
0x15, 0x01, 0x0b, 0x00, 0x17, 0x01, 0x1f, 0x00, 0x2f, 0x01, 0x00, 0x00, 0x02, 0x00, 0x00, 0x00, 
0x00, 0x40, 0x00, 0x00, 0x00, 0x51, 0x00, 0x00, 0x06, 0x40, 0x00, 0x00, 0xc0, 0x00, 0x00, 0x00, 
0x04, 0x40, 0x00, 0x00, 0x10, 0x00, 0x00, 0x00, 0x05, 0x01, 0x41, 0x00, 0x00, 0x01, 0x01, 0x00, 
0x01, 0x01, 0x01, 0x00, 0x03, 0x01, 0x01, 0x00, 0x02, 0x01, 0x01, 0x00, 0x10, 0x40, 0x00, 0x00, 
0x00, 0x36, 0x00, 0x00, 0x21, 0x01, 0x02, 0x00, 0x20, 0x01, 0x02, 0x00, 0x20, 0x40, 0x00, 0x00, 
0xa0, 0x3a, 0x01, 0x00, 0x21, 0x40, 0x00, 0x00, 0x10, 0x02, 0x00, 0x00, 0x22, 0x40, 0x00, 0x00, 
0xc0, 0x38, 0x01, 0x00, 0x26, 0x01, 0x80, 0xff, 0x16, 0x01, 0x05, 0x00, 0x2f, 0x01, 0x02, 0x00, 
0x03, 0x00, 0x00, 0x00, 0x00, 0x40, 0x00, 0x00, 0x00, 0x36, 0x00, 0x00, 0x00, 0x01, 0x00, 0x00, 
0x01, 0x01, 0x00, 0x00, 0x03, 0x01, 0x00, 0x00, 0x02, 0x01, 0x00, 0x00, 0x10, 0x40, 0x00, 0x00, 
0x00, 0x51, 0x00, 0x00, 0x21, 0x01, 0x00, 0x00, 0x20, 0x01, 0x00, 0x00, 0x20, 0x40, 0x00, 0x00, 
0x90, 0x3e, 0x01, 0x00, 0x21, 0x40, 0x00, 0x00, 0xb0, 0x09, 0x00, 0x00, 0x22, 0x40, 0x00, 0x00, 
0xb0, 0x3c, 0x01, 0x00, 0x26, 0x01, 0x00, 0x00, 0x16, 0x01, 0x09, 0x00, 0x2f, 0x01, 0x01, 0x00, 
0x02, 0x00, 0x00, 0x00, 0x00, 0x40, 0x00, 0x00, 0x00, 0x51, 0x00, 0x00, 0x10, 0x40, 0x00, 0x00, 
0x40, 0x02, 0x00, 0x00, 0x15, 0x40, 0x00, 0x00, 0x80, 0x04, 0x00, 0x00, 0x14, 0x01, 0x41, 0x81, 
0x26, 0x01, 0x80, 0xff, 0x16, 0x01, 0x07, 0x00, 0x15, 0x01, 0x09, 0x00, 0x17, 0x01, 0x2f, 0x00, 
0x2f, 0x01, 0x02, 0x00, 0x05, 0x00, 0x01, 0x00, 0x00, 0x40, 0x00, 0x00, 0x00, 0x00, 0x00, 0x00, 
0x04, 0x01, 0x5f, 0x00, 0x05, 0x40, 0x00, 0x00, 0x80, 0x04, 0x00, 0x00, 0x10, 0x40, 0x00, 0x00, 
0x00, 0x36, 0x00, 0x00, 0x13, 0x01, 0x5f, 0x00, 0x16, 0x40, 0x00, 0x00, 0x01, 0x00, 0x00, 0x00, 
0x14, 0x40, 0x00, 0x00, 0x60, 0x00, 0x00, 0x00, 0x14, 0x01, 0x01, 0x00, 0x20, 0x40, 0x00, 0x00, 
0x00, 0x4c, 0x01, 0x00, 0x21, 0x40, 0x00, 0x00, 0xe0, 0x00, 0x00, 0x00, 0x22, 0x40, 0x00, 0x00, 
0x40, 0x48, 0x01, 0x00, 0x23, 0x40, 0x00, 0x00, 0xc0, 0x03, 0x00, 0x00, 0x16, 0x01, 0x05, 0x00, 
0x15, 0x01, 0x0b, 0x00, 0x2f, 0x01, 0x03, 0x00, 0x02, 0x00, 0x00, 0x00, 0x31, 0x40, 0x00, 0x00, 
0x00, 0x00, 0x00, 0x00, 0x12, 0x00, 0x00, 0x00, 0x10, 0x00, 0x00, 0x00, 0x0b, 0x01, 0x8f, 0x00, 
0x0c, 0x01, 0x8f, 0x00, 0x0a, 0x01, 0x5f, 0x00, 0x04, 0x01, 0x00, 0x00, 0x06, 0x40, 0x00, 0x00, 
0x01, 0x00, 0x00, 0x00, 0x05, 0x40, 0x00, 0x00, 0x60, 0x00, 0x00, 0x00, 0x04, 0x40, 0x00, 0x00, 
0x01, 0x00, 0x00, 0x00, 0x05, 0x01, 0x01, 0x00, 0x10, 0x40, 0x00, 0x00, 0x00, 0x6c, 0x00, 0x00, 
0x1b, 0x01, 0x8f, 0x00, 0x1c, 0x01, 0x8f, 0x00, 0x1a, 0x01, 0x5f, 0x00, 0x12, 0x01, 0x8f, 0x00, 
0x11, 0x01, 0x5f, 0x00, 0x13, 0x01, 0x00, 0x00, 0x15, 0x40, 0x00, 0x00, 0x01, 0x00, 0x00, 0x00, 
0x14, 0x40, 0x00, 0x00, 0x90, 0x00, 0x00, 0x00, 0x14, 0x01, 0x01, 0x01, 0x16, 0x01, 0x01, 0x00, 
0x15, 0x01, 0x09, 0x00, 0x17, 0x01, 0x07, 0x00, 0x2d, 0x01, 0x1e, 0x00, 0x11, 0x00, 0x00, 0x00, 
0x05, 0x00, 0x01, 0x00, 0x00, 0x40, 0x00, 0x00, 0x00, 0x6c, 0x00, 0x00, 0x0b, 0x01, 0x2f, 0x00, 
0x0c, 0x01, 0x2f, 0x00, 0x0a, 0x01, 0x0b, 0x00, 0x04, 0x01, 0x0b, 0x00, 0x05, 0x40, 0x00, 0x00, 
0x90, 0x00, 0x00, 0x00, 0x04, 0x40, 0x00, 0x00, 0x0c, 0x00, 0x00, 0x00, 0x10, 0x40, 0x00, 0x00, 
0x00, 0x00, 0x00, 0x00, 0x1b, 0x01, 0x2f, 0x00, 0x1c, 0x01, 0x2f, 0x00, 0x1a, 0x01, 0x0b, 0x00, 
0x12, 0x01, 0x2f, 0x00, 0x11, 0x01, 0x0b, 0x00, 0x13, 0x01, 0x0b, 0x00, 0x15, 0x40, 0x00, 0x00, 
0x90, 0x00, 0x00, 0x00, 0x14, 0x40, 0x00, 0x00, 0x0c, 0x00, 0x00, 0x00, 0x17, 0x01, 0x0f, 0x00, 
0x05, 0x00, 0x01, 0x00, 0x00, 0x40, 0x00, 0x00, 0x00, 0x00, 0x00, 0x00, 0x0a, 0x01, 0x8f, 0x00, 
0x04, 0x01, 0x00, 0x00, 0x04, 0x40, 0x00, 0x00, 0x01, 0x00, 0x00, 0x00, 0x10, 0x40, 0x00, 0x00, 
0x00, 0x6c, 0x00, 0x00, 0x1a, 0x01, 0x8f, 0x00, 0x11, 0x01, 0x8f, 0x00, 0x13, 0x01, 0x00, 0x00, 
0x15, 0x40, 0x00, 0x00, 0x01, 0x00, 0x00, 0x00, 0x14, 0x40, 0x00, 0x00, 0x30, 0x00, 0x00, 0x00, 
0x16, 0x01, 0x07, 0x00, 0x15, 0x01, 0x3b, 0x00, 0x17, 0x01, 0x07, 0x00, 0x2d, 0x01, 0x0e, 0x00, 
0x05, 0x00, 0x01, 0x00, 0x00, 0x40, 0x00, 0x00, 0x00, 0x6c, 0x00, 0x00, 0x0b, 0x01, 0x0b, 0x00, 
0x0c, 0x01, 0x0b, 0x00, 0x0a, 0x01, 0x0b, 0x00, 0x04, 0x01, 0x2f, 0x00, 0x05, 0x40, 0x00, 0x00, 
0x40, 0x02, 0x00, 0x00, 0x04, 0x40, 0x00, 0x00, 0x30, 0x00, 0x00, 0x00, 0x10, 0x40, 0x00, 0x00, 
0x00, 0x00, 0x00, 0x00, 0x1b, 0x01, 0x0b, 0x00, 0x1c, 0x01, 0x0b, 0x00, 0x1a, 0x01, 0x0b, 0x00, 
0x12, 0x01, 0x0b, 0x00, 0x11, 0x01, 0x0b, 0x00, 0x13, 0x01, 0x2f, 0x00, 0x16, 0x40, 0x00, 0x00, 
0xc0, 0x00, 0x00, 0x00, 0x15, 0x40, 0x00, 0x00, 0x80, 0x04, 0x00, 0x00, 0x14, 0x40, 0x00, 0x00, 
0x10, 0x00, 0x00, 0x00, 0x14, 0x01, 0x41, 0x81, 0x15, 0x01, 0x09, 0x00, 0x17, 0x01, 0x2f, 0x00, 
0x2f, 0x01, 0x01, 0x00, 0x05, 0x00, 0x01, 0x00, 0x31, 0x40, 0x00, 0x00, 0x00, 0x6c, 0x00, 0x00, 
0x12, 0x00, 0x00, 0x00, 0x10, 0x00, 0x00, 0x00, 0x0b, 0x01, 0x8f, 0x00, 0x0c, 0x01, 0x8f, 0x00, 
0x0a, 0x01, 0x5f, 0x00, 0x04, 0x01, 0x00, 0x00, 0x05, 0x40, 0x00, 0x00, 0x60, 0x00, 0x00, 0x00, 
0x04, 0x40, 0x00, 0x00, 0x01, 0x00, 0x00, 0x00, 0x10, 0x40, 0x00, 0x00, 0x00, 0x36, 0x00, 0x00, 
0x1b, 0x01, 0x8f, 0x00, 0x1c, 0x01, 0x8f, 0x00, 0x1a, 0x01, 0x5f, 0x00, 0x12, 0x01, 0x8f, 0x00, 
0x11, 0x01, 0x5f, 0x00, 0x13, 0x01, 0x00, 0x00, 0x16, 0x40, 0x00, 0x00, 0x01, 0x00, 0x00, 0x00, 
0x15, 0x40, 0x00, 0x00, 0x01, 0x00, 0x00, 0x00, 0x14, 0x40, 0x00, 0x00, 0x90, 0x00, 0x00, 0x00, 
0x14, 0x01, 0x01, 0x01, 0x16, 0x01, 0x01, 0x00, 0x17, 0x01, 0x07, 0x00, 0x2d, 0x01, 0x1e, 0x00, 
0x24, 0x40, 0x20, 0x00, 0x01, 0x35, 0xb0, 0xf6, 0x2f, 0x01, 0x03, 0x00, 0x11, 0x00, 0x00, 0x00, 
0x05, 0x00, 0x01, 0x00, 0x00, 0x40, 0x00, 0x00, 0x00, 0x51, 0x00, 0x00, 0x0b, 0x01, 0x2f, 0x00, 
0x0c, 0x01, 0x2f, 0x00, 0x0a, 0x01, 0x0b, 0x00, 0x04, 0x01, 0x0b, 0x00, 0x05, 0x40, 0x00, 0x00, 
0x90, 0x00, 0x00, 0x00, 0x04, 0x40, 0x00, 0x00, 0x0c, 0x00, 0x00, 0x00, 0x10, 0x40, 0x00, 0x00, 
0x00, 0x6c, 0x00, 0x00, 0x1b, 0x01, 0x2f, 0x00, 0x1c, 0x01, 0x2f, 0x00, 0x1a, 0x01, 0x0b, 0x00, 
0x12, 0x01, 0x2f, 0x00, 0x11, 0x01, 0x0b, 0x00, 0x13, 0x01, 0x0b, 0x00, 0x15, 0x40, 0x00, 0x00, 
0x90, 0x00, 0x00, 0x00, 0x14, 0x40, 0x00, 0x00, 0x0c, 0x00, 0x00, 0x00, 0x17, 0x01, 0x0f, 0x00, 
0x24, 0x40, 0x1f, 0x00, 0x01, 0x00, 0x00, 0x80, 0x05, 0x00, 0x01, 0x00, 0x00, 0x40, 0x00, 0x00, 
0x00, 0x6c, 0x00, 0x00, 0x0a, 0x01, 0x8f, 0x00, 0x04, 0x01, 0x00, 0x00, 0x04, 0x40, 0x00, 0x00, 
0x01, 0x00, 0x00, 0x00, 0x10, 0x40, 0x00, 0x00, 0x00, 0x36, 0x00, 0x00, 0x1a, 0x01, 0x8f, 0x00, 
0x11, 0x01, 0x8f, 0x00, 0x13, 0x01, 0x00, 0x00, 0x15, 0x40, 0x00, 0x00, 0x01, 0x00, 0x00, 0x00, 
0x14, 0x40, 0x00, 0x00, 0x30, 0x00, 0x00, 0x00, 0x16, 0x01, 0x07, 0x00, 0x15, 0x01, 0x3b, 0x00, 
0x17, 0x01, 0x07, 0x00, 0x2d, 0x01, 0x0e, 0x00, 0x05, 0x00, 0x01, 0x00, 0x00, 0x40, 0x00, 0x00, 
0x00, 0x36, 0x00, 0x00, 0x0b, 0x01, 0x0b, 0x00, 0x0c, 0x01, 0x0b, 0x00, 0x0a, 0x01, 0x0b, 0x00, 
0x04, 0x01, 0x2f, 0x00, 0x05, 0x40, 0x00, 0x00, 0x40, 0x02, 0x00, 0x00, 0x04, 0x40, 0x00, 0x00, 
0x30, 0x00, 0x00, 0x00, 0x10, 0x40, 0x00, 0x00, 0x00, 0x51, 0x00, 0x00, 0x1b, 0x01, 0x0b, 0x00, 
0x1c, 0x01, 0x0b, 0x00, 0x1a, 0x01, 0x0b, 0x00, 0x12, 0x01, 0x0b, 0x00, 0x11, 0x01, 0x0b, 0x00, 
0x13, 0x01, 0x2f, 0x00, 0x16, 0x40, 0x00, 0x00, 0xc0, 0x00, 0x00, 0x00, 0x15, 0x40, 0x00, 0x00, 
0x40, 0x02, 0x00, 0x00, 0x14, 0x40, 0x00, 0x00, 0x10, 0x00, 0x00, 0x00, 0x14, 0x01, 0x41, 0x00, 
0x20, 0x40, 0x00, 0x00, 0xc0, 0x4e, 0x01, 0x00, 0x21, 0x40, 0x00, 0x00, 0x40, 0x0a, 0x00, 0x00, 
0x22, 0x40, 0x00, 0x00, 0xe0, 0x4c, 0x01, 0x00, 0x23, 0x40, 0x00, 0x00, 0xe0, 0x01, 0x00, 0x00, 
0x26, 0x01, 0x00, 0x00, 0x16, 0x01, 0x09, 0x00, 0x15, 0x01, 0x0b, 0x00, 0x17, 0x01, 0x1f, 0x00, 
0x2f, 0x01, 0x00, 0x00, 0x02, 0x00, 0x00, 0x00, 0x00, 0x40, 0x00, 0x00, 0x00, 0x51, 0x00, 0x00, 
0x06, 0x40, 0x00, 0x00, 0xc0, 0x00, 0x00, 0x00, 0x04, 0x40, 0x00, 0x00, 0x10, 0x00, 0x00, 0x00, 
0x05, 0x01, 0x41, 0x00, 0x00, 0x01, 0x01, 0x00, 0x01, 0x01, 0x01, 0x00, 0x03, 0x01, 0x01, 0x00, 
0x02, 0x01, 0x01, 0x00, 0x10, 0x40, 0x00, 0x00, 0x00, 0x36, 0x00, 0x00, 0x21, 0x01, 0x02, 0x00, 
0x20, 0x01, 0x02, 0x00, 0x20, 0x40, 0x00, 0x00, 0xe0, 0x5a, 0x01, 0x00, 0x21, 0x40, 0x00, 0x00, 
0x00, 0x02, 0x00, 0x00, 0x22, 0x40, 0x00, 0x00, 0x00, 0x59, 0x01, 0x00, 0x26, 0x01, 0x80, 0xff, 
0x16, 0x01, 0x05, 0x00, 0x2f, 0x01, 0x02, 0x00, 0x03, 0x00, 0x00, 0x00, 0x00, 0x40, 0x00, 0x00, 
0x00, 0x36, 0x00, 0x00, 0x00, 0x01, 0x00, 0x00, 0x01, 0x01, 0x00, 0x00, 0x03, 0x01, 0x00, 0x00, 
0x02, 0x01, 0x00, 0x00, 0x10, 0x40, 0x00, 0x00, 0x00, 0x51, 0x00, 0x00, 0x21, 0x01, 0x00, 0x00, 
0x20, 0x01, 0x00, 0x00, 0x20, 0x40, 0x00, 0x00, 0xc0, 0x5e, 0x01, 0x00, 0x21, 0x40, 0x00, 0x00, 
0xa0, 0x09, 0x00, 0x00, 0x22, 0x40, 0x00, 0x00, 0xe0, 0x5c, 0x01, 0x00, 0x26, 0x01, 0x00, 0x00, 
0x16, 0x01, 0x09, 0x00, 0x2f, 0x01, 0x01, 0x00, 0x02, 0x00, 0x00, 0x00, 0x00, 0x40, 0x00, 0x00, 
0x00, 0x51, 0x00, 0x00, 0x10, 0x40, 0x00, 0x00, 0x40, 0x02, 0x00, 0x00, 0x15, 0x40, 0x00, 0x00, 
0x80, 0x04, 0x00, 0x00, 0x14, 0x01, 0x41, 0x81, 0x26, 0x01, 0x80, 0xff, 0x16, 0x01, 0x07, 0x00, 
0x15, 0x01, 0x09, 0x00, 0x17, 0x01, 0x2f, 0x00, 0x2f, 0x01, 0x02, 0x00, 0x05, 0x00, 0x01, 0x00, 
0x00, 0x40, 0x00, 0x00, 0x00, 0x00, 0x00, 0x00, 0x04, 0x01, 0x5f, 0x00, 0x05, 0x40, 0x00, 0x00, 
0x80, 0x04, 0x00, 0x00, 0x10, 0x40, 0x00, 0x00, 0x00, 0x36, 0x00, 0x00, 0x13, 0x01, 0x5f, 0x00, 
0x16, 0x40, 0x00, 0x00, 0x01, 0x00, 0x00, 0x00, 0x14, 0x40, 0x00, 0x00, 0x60, 0x00, 0x00, 0x00, 
0x14, 0x01, 0x01, 0x00, 0x20, 0x40, 0x00, 0x00, 0x20, 0x6c, 0x01, 0x00, 0x21, 0x40, 0x00, 0x00, 
0xe0, 0x00, 0x00, 0x00, 0x22, 0x40, 0x00, 0x00, 0x60, 0x68, 0x01, 0x00, 0x23, 0x40, 0x00, 0x00, 
0xc0, 0x03, 0x00, 0x00, 0x16, 0x01, 0x05, 0x00, 0x15, 0x01, 0x0b, 0x00, 0x2f, 0x01, 0x03, 0x00, 
0x02, 0x00, 0x00, 0x00, 0x31, 0x40, 0x00, 0x00, 0x00, 0x00, 0x00, 0x00, 0x12, 0x00, 0x00, 0x00, 
0x10, 0x00, 0x00, 0x00, 0x0b, 0x01, 0x8f, 0x00, 0x0c, 0x01, 0x8f, 0x00, 0x0a, 0x01, 0x5f, 0x00, 
0x04, 0x01, 0x00, 0x00, 0x06, 0x40, 0x00, 0x00, 0x01, 0x00, 0x00, 0x00, 0x05, 0x40, 0x00, 0x00, 
0x60, 0x00, 0x00, 0x00, 0x04, 0x40, 0x00, 0x00, 0x01, 0x00, 0x00, 0x00, 0x05, 0x01, 0x01, 0x00, 
0x10, 0x40, 0x00, 0x00, 0x00, 0x6c, 0x00, 0x00, 0x1b, 0x01, 0x8f, 0x00, 0x1c, 0x01, 0x8f, 0x00, 
0x1a, 0x01, 0x5f, 0x00, 0x12, 0x01, 0x8f, 0x00, 0x11, 0x01, 0x5f, 0x00, 0x13, 0x01, 0x00, 0x00, 
0x15, 0x40, 0x00, 0x00, 0x01, 0x00, 0x00, 0x00, 0x14, 0x40, 0x00, 0x00, 0x90, 0x00, 0x00, 0x00, 
0x14, 0x01, 0x01, 0x01, 0x16, 0x01, 0x01, 0x00, 0x15, 0x01, 0x09, 0x00, 0x17, 0x01, 0x07, 0x00, 
0x2d, 0x01, 0x1e, 0x00, 0x11, 0x00, 0x00, 0x00, 0x05, 0x00, 0x01, 0x00, 0x00, 0x40, 0x00, 0x00, 
0x00, 0x6c, 0x00, 0x00, 0x0b, 0x01, 0x2f, 0x00, 0x0c, 0x01, 0x2f, 0x00, 0x0a, 0x01, 0x0b, 0x00, 
0x04, 0x01, 0x0b, 0x00, 0x05, 0x40, 0x00, 0x00, 0x90, 0x00, 0x00, 0x00, 0x04, 0x40, 0x00, 0x00, 
0x0c, 0x00, 0x00, 0x00, 0x10, 0x40, 0x00, 0x00, 0x00, 0x00, 0x00, 0x00, 0x1b, 0x01, 0x2f, 0x00, 
0x1c, 0x01, 0x2f, 0x00, 0x1a, 0x01, 0x0b, 0x00, 0x12, 0x01, 0x2f, 0x00, 0x11, 0x01, 0x0b, 0x00, 
0x13, 0x01, 0x0b, 0x00, 0x15, 0x40, 0x00, 0x00, 0x90, 0x00, 0x00, 0x00, 0x14, 0x40, 0x00, 0x00, 
0x0c, 0x00, 0x00, 0x00, 0x17, 0x01, 0x0f, 0x00, 0x05, 0x00, 0x01, 0x00, 0x00, 0x40, 0x00, 0x00, 
0x00, 0x00, 0x00, 0x00, 0x0a, 0x01, 0x8f, 0x00, 0x04, 0x01, 0x00, 0x00, 0x04, 0x40, 0x00, 0x00, 
0x01, 0x00, 0x00, 0x00, 0x10, 0x40, 0x00, 0x00, 0x00, 0x6c, 0x00, 0x00, 0x1a, 0x01, 0x8f, 0x00, 
0x11, 0x01, 0x8f, 0x00, 0x13, 0x01, 0x00, 0x00, 0x15, 0x40, 0x00, 0x00, 0x01, 0x00, 0x00, 0x00, 
0x14, 0x40, 0x00, 0x00, 0x30, 0x00, 0x00, 0x00, 0x16, 0x01, 0x07, 0x00, 0x15, 0x01, 0x3b, 0x00, 
0x17, 0x01, 0x07, 0x00, 0x2d, 0x01, 0x0e, 0x00, 0x05, 0x00, 0x01, 0x00, 0x00, 0x40, 0x00, 0x00, 
0x00, 0x6c, 0x00, 0x00, 0x0b, 0x01, 0x0b, 0x00, 0x0c, 0x01, 0x0b, 0x00, 0x0a, 0x01, 0x0b, 0x00, 
0x04, 0x01, 0x2f, 0x00, 0x05, 0x40, 0x00, 0x00, 0x40, 0x02, 0x00, 0x00, 0x04, 0x40, 0x00, 0x00, 
0x30, 0x00, 0x00, 0x00, 0x10, 0x40, 0x00, 0x00, 0x00, 0x00, 0x00, 0x00, 0x1b, 0x01, 0x0b, 0x00, 
0x1c, 0x01, 0x0b, 0x00, 0x1a, 0x01, 0x0b, 0x00, 0x12, 0x01, 0x0b, 0x00, 0x11, 0x01, 0x0b, 0x00, 
0x13, 0x01, 0x2f, 0x00, 0x16, 0x40, 0x00, 0x00, 0xc0, 0x00, 0x00, 0x00, 0x15, 0x40, 0x00, 0x00, 
0x80, 0x04, 0x00, 0x00, 0x14, 0x40, 0x00, 0x00, 0x10, 0x00, 0x00, 0x00, 0x14, 0x01, 0x41, 0x81, 
0x15, 0x01, 0x09, 0x00, 0x17, 0x01, 0x2f, 0x00, 0x2f, 0x01, 0x01, 0x00, 0x05, 0x00, 0x01, 0x00, 
0x31, 0x40, 0x00, 0x00, 0x00, 0x6c, 0x00, 0x00, 0x12, 0x00, 0x00, 0x00, 0x10, 0x00, 0x00, 0x00, 
0x0b, 0x01, 0x8f, 0x00, 0x0c, 0x01, 0x8f, 0x00, 0x0a, 0x01, 0x5f, 0x00, 0x04, 0x01, 0x00, 0x00, 
0x05, 0x40, 0x00, 0x00, 0x60, 0x00, 0x00, 0x00, 0x04, 0x40, 0x00, 0x00, 0x01, 0x00, 0x00, 0x00, 
0x10, 0x40, 0x00, 0x00, 0x00, 0x36, 0x00, 0x00, 0x1b, 0x01, 0x8f, 0x00, 0x1c, 0x01, 0x8f, 0x00, 
0x1a, 0x01, 0x5f, 0x00, 0x12, 0x01, 0x8f, 0x00, 0x11, 0x01, 0x5f, 0x00, 0x13, 0x01, 0x00, 0x00, 
0x16, 0x40, 0x00, 0x00, 0x01, 0x00, 0x00, 0x00, 0x15, 0x40, 0x00, 0x00, 0x01, 0x00, 0x00, 0x00, 
0x14, 0x40, 0x00, 0x00, 0x90, 0x00, 0x00, 0x00, 0x14, 0x01, 0x01, 0x01, 0x16, 0x01, 0x01, 0x00, 
0x17, 0x01, 0x07, 0x00, 0x2d, 0x01, 0x1e, 0x00, 0x24, 0x40, 0x20, 0x00, 0x01, 0x58, 0x97, 0xb7, 
0x2f, 0x01, 0x03, 0x00, 0x11, 0x00, 0x00, 0x00, 0x05, 0x00, 0x01, 0x00, 0x00, 0x40, 0x00, 0x00, 
0x00, 0x51, 0x00, 0x00, 0x0b, 0x01, 0x2f, 0x00, 0x0c, 0x01, 0x2f, 0x00, 0x0a, 0x01, 0x0b, 0x00, 
0x04, 0x01, 0x0b, 0x00, 0x05, 0x40, 0x00, 0x00, 0x90, 0x00, 0x00, 0x00, 0x04, 0x40, 0x00, 0x00, 
0x0c, 0x00, 0x00, 0x00, 0x10, 0x40, 0x00, 0x00, 0x00, 0x6c, 0x00, 0x00, 0x1b, 0x01, 0x2f, 0x00, 
0x1c, 0x01, 0x2f, 0x00, 0x1a, 0x01, 0x0b, 0x00, 0x12, 0x01, 0x2f, 0x00, 0x11, 0x01, 0x0b, 0x00, 
0x13, 0x01, 0x0b, 0x00, 0x15, 0x40, 0x00, 0x00, 0x90, 0x00, 0x00, 0x00, 0x14, 0x40, 0x00, 0x00, 
0x0c, 0x00, 0x00, 0x00, 0x17, 0x01, 0x0f, 0x00, 0x24, 0x40, 0x1f, 0x00, 0x01, 0x00, 0x00, 0x80, 
0x05, 0x00, 0x01, 0x00, 0x00, 0x40, 0x00, 0x00, 0x00, 0x6c, 0x00, 0x00, 0x0a, 0x01, 0x8f, 0x00, 
0x04, 0x01, 0x00, 0x00, 0x04, 0x40, 0x00, 0x00, 0x01, 0x00, 0x00, 0x00, 0x10, 0x40, 0x00, 0x00, 
0x00, 0x36, 0x00, 0x00, 0x1a, 0x01, 0x8f, 0x00, 0x11, 0x01, 0x8f, 0x00, 0x13, 0x01, 0x00, 0x00, 
0x15, 0x40, 0x00, 0x00, 0x01, 0x00, 0x00, 0x00, 0x14, 0x40, 0x00, 0x00, 0x30, 0x00, 0x00, 0x00, 
0x16, 0x01, 0x07, 0x00, 0x15, 0x01, 0x3b, 0x00, 0x17, 0x01, 0x07, 0x00, 0x2d, 0x01, 0x0e, 0x00, 
0x05, 0x00, 0x01, 0x00, 0x00, 0x40, 0x00, 0x00, 0x00, 0x36, 0x00, 0x00, 0x0b, 0x01, 0x0b, 0x00, 
0x0c, 0x01, 0x0b, 0x00, 0x0a, 0x01, 0x0b, 0x00, 0x04, 0x01, 0x2f, 0x00, 0x05, 0x40, 0x00, 0x00, 
0x40, 0x02, 0x00, 0x00, 0x04, 0x40, 0x00, 0x00, 0x30, 0x00, 0x00, 0x00, 0x10, 0x40, 0x00, 0x00, 
0x00, 0x51, 0x00, 0x00, 0x1b, 0x01, 0x0b, 0x00, 0x1c, 0x01, 0x0b, 0x00, 0x1a, 0x01, 0x0b, 0x00, 
0x12, 0x01, 0x0b, 0x00, 0x11, 0x01, 0x0b, 0x00, 0x13, 0x01, 0x2f, 0x00, 0x16, 0x40, 0x00, 0x00, 
0xc0, 0x00, 0x00, 0x00, 0x15, 0x40, 0x00, 0x00, 0x40, 0x02, 0x00, 0x00, 0x14, 0x40, 0x00, 0x00, 
0x10, 0x00, 0x00, 0x00, 0x14, 0x01, 0x41, 0x00, 0x20, 0x40, 0x00, 0x00, 0xe0, 0x6e, 0x01, 0x00, 
0x21, 0x40, 0x00, 0x00, 0xf0, 0x09, 0x00, 0x00, 0x22, 0x40, 0x00, 0x00, 0x00, 0x6d, 0x01, 0x00, 
0x23, 0x40, 0x00, 0x00, 0xe0, 0x01, 0x00, 0x00, 0x26, 0x01, 0x00, 0x00, 0x16, 0x01, 0x09, 0x00, 
0x15, 0x01, 0x0b, 0x00, 0x17, 0x01, 0x1f, 0x00, 0x2f, 0x01, 0x00, 0x00, 0x02, 0x00, 0x00, 0x00, 
0x00, 0x40, 0x00, 0x00, 0x00, 0x51, 0x00, 0x00, 0x06, 0x40, 0x00, 0x00, 0xc0, 0x00, 0x00, 0x00, 
0x04, 0x40, 0x00, 0x00, 0x10, 0x00, 0x00, 0x00, 0x05, 0x01, 0x41, 0x00, 0x00, 0x01, 0x01, 0x00, 
0x01, 0x01, 0x01, 0x00, 0x03, 0x01, 0x01, 0x00, 0x02, 0x01, 0x01, 0x00, 0x10, 0x40, 0x00, 0x00, 
0x00, 0x36, 0x00, 0x00, 0x21, 0x01, 0x02, 0x00, 0x20, 0x01, 0x02, 0x00, 0x20, 0x40, 0x00, 0x00, 
0xb0, 0x7a, 0x01, 0x00, 0x21, 0x40, 0x00, 0x00, 0x00, 0x02, 0x00, 0x00, 0x22, 0x40, 0x00, 0x00, 
0xd0, 0x78, 0x01, 0x00, 0x26, 0x01, 0x80, 0xff, 0x16, 0x01, 0x05, 0x00, 0x2f, 0x01, 0x02, 0x00, 
0x03, 0x00, 0x00, 0x00, 0x00, 0x40, 0x00, 0x00, 0x00, 0x36, 0x00, 0x00, 0x00, 0x01, 0x00, 0x00, 
0x01, 0x01, 0x00, 0x00, 0x03, 0x01, 0x00, 0x00, 0x02, 0x01, 0x00, 0x00, 0x10, 0x40, 0x00, 0x00, 
0x00, 0x51, 0x00, 0x00, 0x21, 0x01, 0x00, 0x00, 0x20, 0x01, 0x00, 0x00, 0x20, 0x40, 0x00, 0x00, 
0x90, 0x7e, 0x01, 0x00, 0x21, 0x40, 0x00, 0x00, 0x00, 0x0a, 0x00, 0x00, 0x22, 0x40, 0x00, 0x00, 
0xb0, 0x7c, 0x01, 0x00, 0x26, 0x01, 0x00, 0x00, 0x16, 0x01, 0x09, 0x00, 0x2f, 0x01, 0x01, 0x00, 
0x02, 0x00, 0x00, 0x00, 0x00, 0x40, 0x00, 0x00, 0x00, 0x51, 0x00, 0x00, 0x10, 0x40, 0x00, 0x00, 
0x40, 0x02, 0x00, 0x00, 0x15, 0x40, 0x00, 0x00, 0x80, 0x04, 0x00, 0x00, 0x14, 0x01, 0x41, 0x81, 
0x26, 0x01, 0x80, 0xff, 0x16, 0x01, 0x07, 0x00, 0x15, 0x01, 0x09, 0x00, 0x17, 0x01, 0x2f, 0x00, 
0x2f, 0x01, 0x02, 0x00, 0x05, 0x00, 0x01, 0x00, 0x00, 0x40, 0x00, 0x00, 0x00, 0x00, 0x00, 0x00, 
0x04, 0x01, 0x5f, 0x00, 0x05, 0x40, 0x00, 0x00, 0x80, 0x04, 0x00, 0x00, 0x10, 0x40, 0x00, 0x00, 
0x00, 0x36, 0x00, 0x00, 0x13, 0x01, 0x5f, 0x00, 0x16, 0x40, 0x00, 0x00, 0x01, 0x00, 0x00, 0x00, 
0x14, 0x40, 0x00, 0x00, 0x60, 0x00, 0x00, 0x00, 0x14, 0x01, 0x01, 0x00, 0x20, 0x40, 0x00, 0x00, 
0x50, 0x8c, 0x01, 0x00, 0x21, 0x40, 0x00, 0x00, 0xe0, 0x00, 0x00, 0x00, 0x22, 0x40, 0x00, 0x00, 
0x90, 0x88, 0x01, 0x00, 0x23, 0x40, 0x00, 0x00, 0xc0, 0x03, 0x00, 0x00, 0x16, 0x01, 0x05, 0x00, 
0x15, 0x01, 0x0b, 0x00, 0x2f, 0x01, 0x03, 0x00, 0x02, 0x00, 0x00, 0x00, 0x31, 0x40, 0x00, 0x00, 
0x00, 0x00, 0x00, 0x00, 0x12, 0x00, 0x00, 0x00, 0x10, 0x00, 0x00, 0x00, 0x0b, 0x01, 0x8f, 0x00, 
0x0c, 0x01, 0x8f, 0x00, 0x0a, 0x01, 0x5f, 0x00, 0x04, 0x01, 0x00, 0x00, 0x06, 0x40, 0x00, 0x00, 
0x01, 0x00, 0x00, 0x00, 0x05, 0x40, 0x00, 0x00, 0x60, 0x00, 0x00, 0x00, 0x04, 0x40, 0x00, 0x00, 
0x01, 0x00, 0x00, 0x00, 0x05, 0x01, 0x01, 0x00, 0x10, 0x40, 0x00, 0x00, 0x00, 0x6c, 0x00, 0x00, 
0x1b, 0x01, 0x8f, 0x00, 0x1c, 0x01, 0x8f, 0x00, 0x1a, 0x01, 0x5f, 0x00, 0x12, 0x01, 0x8f, 0x00, 
0x11, 0x01, 0x5f, 0x00, 0x13, 0x01, 0x00, 0x00, 0x15, 0x40, 0x00, 0x00, 0x01, 0x00, 0x00, 0x00, 
0x14, 0x40, 0x00, 0x00, 0x90, 0x00, 0x00, 0x00, 0x14, 0x01, 0x01, 0x01, 0x16, 0x01, 0x01, 0x00, 
0x15, 0x01, 0x09, 0x00, 0x17, 0x01, 0x07, 0x00, 0x2d, 0x01, 0x1e, 0x00, 0x11, 0x00, 0x00, 0x00, 
0x05, 0x00, 0x01, 0x00, 0x00, 0x40, 0x00, 0x00, 0x00, 0x6c, 0x00, 0x00, 0x0b, 0x01, 0x2f, 0x00, 
0x0c, 0x01, 0x2f, 0x00, 0x0a, 0x01, 0x0b, 0x00, 0x04, 0x01, 0x0b, 0x00, 0x05, 0x40, 0x00, 0x00, 
0x90, 0x00, 0x00, 0x00, 0x04, 0x40, 0x00, 0x00, 0x0c, 0x00, 0x00, 0x00, 0x10, 0x40, 0x00, 0x00, 
0x00, 0x00, 0x00, 0x00, 0x1b, 0x01, 0x2f, 0x00, 0x1c, 0x01, 0x2f, 0x00, 0x1a, 0x01, 0x0b, 0x00, 
0x12, 0x01, 0x2f, 0x00, 0x11, 0x01, 0x0b, 0x00, 0x13, 0x01, 0x0b, 0x00, 0x15, 0x40, 0x00, 0x00, 
0x90, 0x00, 0x00, 0x00, 0x14, 0x40, 0x00, 0x00, 0x0c, 0x00, 0x00, 0x00, 0x17, 0x01, 0x0f, 0x00, 
0x05, 0x00, 0x01, 0x00, 0x00, 0x40, 0x00, 0x00, 0x00, 0x00, 0x00, 0x00, 0x0a, 0x01, 0x8f, 0x00, 
0x04, 0x01, 0x00, 0x00, 0x04, 0x40, 0x00, 0x00, 0x01, 0x00, 0x00, 0x00, 0x10, 0x40, 0x00, 0x00, 
0x00, 0x6c, 0x00, 0x00, 0x1a, 0x01, 0x8f, 0x00, 0x11, 0x01, 0x8f, 0x00, 0x13, 0x01, 0x00, 0x00, 
0x15, 0x40, 0x00, 0x00, 0x01, 0x00, 0x00, 0x00, 0x14, 0x40, 0x00, 0x00, 0x30, 0x00, 0x00, 0x00, 
0x16, 0x01, 0x07, 0x00, 0x15, 0x01, 0x3b, 0x00, 0x17, 0x01, 0x07, 0x00, 0x2d, 0x01, 0x0e, 0x00, 
0x05, 0x00, 0x01, 0x00, 0x00, 0x40, 0x00, 0x00, 0x00, 0x6c, 0x00, 0x00, 0x0b, 0x01, 0x0b, 0x00, 
0x0c, 0x01, 0x0b, 0x00, 0x0a, 0x01, 0x0b, 0x00, 0x04, 0x01, 0x2f, 0x00, 0x05, 0x40, 0x00, 0x00, 
0x40, 0x02, 0x00, 0x00, 0x04, 0x40, 0x00, 0x00, 0x30, 0x00, 0x00, 0x00, 0x10, 0x40, 0x00, 0x00, 
0x00, 0x00, 0x00, 0x00, 0x1b, 0x01, 0x0b, 0x00, 0x1c, 0x01, 0x0b, 0x00, 0x1a, 0x01, 0x0b, 0x00, 
0x12, 0x01, 0x0b, 0x00, 0x11, 0x01, 0x0b, 0x00, 0x13, 0x01, 0x2f, 0x00, 0x16, 0x40, 0x00, 0x00, 
0xc0, 0x00, 0x00, 0x00, 0x15, 0x40, 0x00, 0x00, 0x80, 0x04, 0x00, 0x00, 0x14, 0x40, 0x00, 0x00, 
0x10, 0x00, 0x00, 0x00, 0x14, 0x01, 0x41, 0x81, 0x15, 0x01, 0x09, 0x00, 0x17, 0x01, 0x2f, 0x00, 
0x2f, 0x01, 0x01, 0x00, 0x05, 0x00, 0x01, 0x00, 0x31, 0x40, 0x00, 0x00, 0x00, 0x6c, 0x00, 0x00, 
0x12, 0x00, 0x00, 0x00, 0x10, 0x00, 0x00, 0x00, 0x0b, 0x01, 0x8f, 0x00, 0x0c, 0x01, 0x8f, 0x00, 
0x0a, 0x01, 0x5f, 0x00, 0x04, 0x01, 0x00, 0x00, 0x05, 0x40, 0x00, 0x00, 0x60, 0x00, 0x00, 0x00, 
0x04, 0x40, 0x00, 0x00, 0x01, 0x00, 0x00, 0x00, 0x10, 0x40, 0x00, 0x00, 0x00, 0x36, 0x00, 0x00, 
0x1b, 0x01, 0x8f, 0x00, 0x1c, 0x01, 0x8f, 0x00, 0x1a, 0x01, 0x5f, 0x00, 0x12, 0x01, 0x8f, 0x00, 
0x11, 0x01, 0x5f, 0x00, 0x13, 0x01, 0x00, 0x00, 0x16, 0x40, 0x00, 0x00, 0x01, 0x00, 0x00, 0x00, 
0x15, 0x40, 0x00, 0x00, 0x01, 0x00, 0x00, 0x00, 0x14, 0x40, 0x00, 0x00, 0x90, 0x00, 0x00, 0x00, 
0x14, 0x01, 0x01, 0x01, 0x16, 0x01, 0x01, 0x00, 0x17, 0x01, 0x07, 0x00, 0x2d, 0x01, 0x1e, 0x00, 
0x24, 0x40, 0x1c, 0x00, 0xe1, 0x9f, 0xe2, 0x15, 0x2f, 0x01, 0x03, 0x00, 0x11, 0x00, 0x00, 0x00, 
0x05, 0x00, 0x01, 0x00, 0x00, 0x40, 0x00, 0x00, 0x00, 0x51, 0x00, 0x00, 0x0b, 0x01, 0x2f, 0x00, 
0x0c, 0x01, 0x2f, 0x00, 0x0a, 0x01, 0x0b, 0x00, 0x04, 0x01, 0x0b, 0x00, 0x05, 0x40, 0x00, 0x00, 
0x90, 0x00, 0x00, 0x00, 0x04, 0x40, 0x00, 0x00, 0x0c, 0x00, 0x00, 0x00, 0x10, 0x40, 0x00, 0x00, 
0x00, 0x6c, 0x00, 0x00, 0x1b, 0x01, 0x2f, 0x00, 0x1c, 0x01, 0x2f, 0x00, 0x1a, 0x01, 0x0b, 0x00, 
0x12, 0x01, 0x2f, 0x00, 0x11, 0x01, 0x0b, 0x00, 0x13, 0x01, 0x0b, 0x00, 0x15, 0x40, 0x00, 0x00, 
0x90, 0x00, 0x00, 0x00, 0x14, 0x40, 0x00, 0x00, 0x0c, 0x00, 0x00, 0x00, 0x17, 0x01, 0x0f, 0x00, 
0x24, 0x40, 0x1f, 0x00, 0x01, 0x00, 0x00, 0x80, 0x05, 0x00, 0x01, 0x00, 0x00, 0x40, 0x00, 0x00, 
0x00, 0x6c, 0x00, 0x00, 0x0a, 0x01, 0x8f, 0x00, 0x04, 0x01, 0x00, 0x00, 0x04, 0x40, 0x00, 0x00, 
0x01, 0x00, 0x00, 0x00, 0x10, 0x40, 0x00, 0x00, 0x00, 0x36, 0x00, 0x00, 0x1a, 0x01, 0x8f, 0x00, 
0x11, 0x01, 0x8f, 0x00, 0x13, 0x01, 0x00, 0x00, 0x15, 0x40, 0x00, 0x00, 0x01, 0x00, 0x00, 0x00, 
0x14, 0x40, 0x00, 0x00, 0x30, 0x00, 0x00, 0x00, 0x16, 0x01, 0x07, 0x00, 0x15, 0x01, 0x3b, 0x00, 
0x17, 0x01, 0x07, 0x00, 0x2d, 0x01, 0x0e, 0x00, 0x05, 0x00, 0x01, 0x00, 0x00, 0x40, 0x00, 0x00, 
0x00, 0x36, 0x00, 0x00, 0x0b, 0x01, 0x0b, 0x00, 0x0c, 0x01, 0x0b, 0x00, 0x0a, 0x01, 0x0b, 0x00, 
0x04, 0x01, 0x2f, 0x00, 0x05, 0x40, 0x00, 0x00, 0x40, 0x02, 0x00, 0x00, 0x04, 0x40, 0x00, 0x00, 
0x30, 0x00, 0x00, 0x00, 0x10, 0x40, 0x00, 0x00, 0x00, 0x51, 0x00, 0x00, 0x1b, 0x01, 0x0b, 0x00, 
0x1c, 0x01, 0x0b, 0x00, 0x1a, 0x01, 0x0b, 0x00, 0x12, 0x01, 0x0b, 0x00, 0x11, 0x01, 0x0b, 0x00, 
0x13, 0x01, 0x2f, 0x00, 0x16, 0x40, 0x00, 0x00, 0xc0, 0x00, 0x00, 0x00, 0x15, 0x40, 0x00, 0x00, 
0x40, 0x02, 0x00, 0x00, 0x14, 0x40, 0x00, 0x00, 0x10, 0x00, 0x00, 0x00, 0x14, 0x01, 0x41, 0x00, 
0x20, 0x40, 0x00, 0x00, 0x10, 0x8f, 0x01, 0x00, 0x21, 0x40, 0x00, 0x00, 0x40, 0x0a, 0x00, 0x00, 
0x22, 0x40, 0x00, 0x00, 0x30, 0x8d, 0x01, 0x00, 0x23, 0x40, 0x00, 0x00, 0xe0, 0x01, 0x00, 0x00, 
0x26, 0x01, 0x00, 0x00, 0x16, 0x01, 0x09, 0x00, 0x15, 0x01, 0x0b, 0x00, 0x17, 0x01, 0x1f, 0x00, 
0x2f, 0x01, 0x00, 0x00, 0x02, 0x00, 0x00, 0x00, 0x00, 0x40, 0x00, 0x00, 0x00, 0x51, 0x00, 0x00, 
0x06, 0x40, 0x00, 0x00, 0xc0, 0x00, 0x00, 0x00, 0x04, 0x40, 0x00, 0x00, 0x10, 0x00, 0x00, 0x00, 
0x05, 0x01, 0x41, 0x00, 0x00, 0x01, 0x01, 0x00, 0x01, 0x01, 0x01, 0x00, 0x03, 0x01, 0x01, 0x00, 
0x02, 0x01, 0x01, 0x00, 0x10, 0x40, 0x00, 0x00, 0x00, 0x36, 0x00, 0x00, 0x18, 0x01, 0xff, 0xff, 
0x21, 0x01, 0x02, 0x00, 0x20, 0x01, 0x02, 0x00, 0x20, 0x40, 0x00, 0x00, 0x30, 0x9b, 0x01, 0x00, 
0x21, 0x40, 0x00, 0x00, 0x10, 0x02, 0x00, 0x00, 0x22, 0x40, 0x00, 0x00, 0x50, 0x99, 0x01, 0x00, 
0x26, 0x01, 0x80, 0xff, 0x16, 0x01, 0x05, 0x00, 0x2f, 0x01, 0x02, 0x00, 0x03, 0x00, 0x00, 0x00, 
0x00, 0x40, 0x00, 0x00, 0x00, 0x36, 0x00, 0x00, 0x09, 0x01, 0xff, 0xff, 0x00, 0x01, 0x00, 0x00, 
0x01, 0x01, 0x00, 0x00, 0x03, 0x01, 0x00, 0x00, 0x02, 0x01, 0x00, 0x00, 0x10, 0x40, 0x00, 0x00, 
0x00, 0x51, 0x00, 0x00, 0x18, 0x01, 0x00, 0x00, 0x21, 0x01, 0x00, 0x00, 0x20, 0x01, 0x00, 0x00, 
0x20, 0x40, 0x00, 0x00, 0x20, 0x9f, 0x01, 0x00, 0x21, 0x40, 0x00, 0x00, 0x30, 0x0a, 0x00, 0x00, 
0x22, 0x40, 0x00, 0x00, 0x40, 0x9d, 0x01, 0x00, 0x26, 0x01, 0x00, 0x00, 0x16, 0x01, 0x09, 0x00, 
0x2f, 0x01, 0x01, 0x00, 0x02, 0x00, 0x00, 0x00, 0x00, 0x40, 0x00, 0x00, 0x00, 0x51, 0x00, 0x00, 
0x09, 0x01, 0x00, 0x00, 0x10, 0x40, 0x00, 0x00, 0x40, 0x02, 0x00, 0x00, 0x15, 0x40, 0x00, 0x00, 
0x80, 0x04, 0x00, 0x00, 0x14, 0x01, 0x41, 0x81, 0x26, 0x01, 0x80, 0xff, 0x16, 0x01, 0x07, 0x00, 
0x15, 0x01, 0x09, 0x00, 0x17, 0x01, 0x2f, 0x00, 0x2f, 0x01, 0x02, 0x00, 0x05, 0x00, 0x01, 0x00, 
0x00, 0x40, 0x00, 0x00, 0x00, 0x00, 0x00, 0x00, 0x04, 0x01, 0x5f, 0x00, 0x05, 0x40, 0x00, 0x00, 
0x80, 0x04, 0x00, 0x00, 0x10, 0x40, 0x00, 0x00, 0x00, 0x36, 0x00, 0x00, 0x13, 0x01, 0x5f, 0x00, 
0x16, 0x40, 0x00, 0x00, 0x01, 0x00, 0x00, 0x00, 0x14, 0x40, 0x00, 0x00, 0x60, 0x00, 0x00, 0x00, 
0x14, 0x01, 0x01, 0x00, 0x20, 0x40, 0x00, 0x00, 0x10, 0xad, 0x01, 0x00, 0x21, 0x40, 0x00, 0x00, 
0xe0, 0x00, 0x00, 0x00, 0x22, 0x40, 0x00, 0x00, 0x50, 0xa9, 0x01, 0x00, 0x23, 0x40, 0x00, 0x00, 
0xc0, 0x03, 0x00, 0x00, 0x16, 0x01, 0x05, 0x00, 0x15, 0x01, 0x0b, 0x00, 0x2f, 0x01, 0x03, 0x00, 
0x02, 0x00, 0x00, 0x00, 0x31, 0x40, 0x00, 0x00, 0x00, 0x00, 0x00, 0x00, 0x12, 0x00, 0x00, 0x00, 
0x10, 0x00, 0x00, 0x00, 0x0b, 0x01, 0x8f, 0x00, 0x0c, 0x01, 0x8f, 0x00, 0x0a, 0x01, 0x5f, 0x00, 
0x04, 0x01, 0x00, 0x00, 0x06, 0x40, 0x00, 0x00, 0x01, 0x00, 0x00, 0x00, 0x05, 0x40, 0x00, 0x00, 
0x60, 0x00, 0x00, 0x00, 0x04, 0x40, 0x00, 0x00, 0x01, 0x00, 0x00, 0x00, 0x05, 0x01, 0x01, 0x00, 
0x10, 0x40, 0x00, 0x00, 0x00, 0x6c, 0x00, 0x00, 0x1b, 0x01, 0x8f, 0x00, 0x1c, 0x01, 0x8f, 0x00, 
0x1a, 0x01, 0x5f, 0x00, 0x12, 0x01, 0x8f, 0x00, 0x11, 0x01, 0x5f, 0x00, 0x13, 0x01, 0x00, 0x00, 
0x15, 0x40, 0x00, 0x00, 0x01, 0x00, 0x00, 0x00, 0x14, 0x40, 0x00, 0x00, 0x90, 0x00, 0x00, 0x00, 
0x14, 0x01, 0x01, 0x01, 0x16, 0x01, 0x01, 0x00, 0x15, 0x01, 0x09, 0x00, 0x17, 0x01, 0x07, 0x00, 
0x2d, 0x01, 0x1e, 0x00, 0x11, 0x00, 0x00, 0x00, 0x05, 0x00, 0x01, 0x00, 0x00, 0x40, 0x00, 0x00, 
0x00, 0x6c, 0x00, 0x00, 0x0b, 0x01, 0x2f, 0x00, 0x0c, 0x01, 0x2f, 0x00, 0x0a, 0x01, 0x0b, 0x00, 
0x04, 0x01, 0x0b, 0x00, 0x05, 0x40, 0x00, 0x00, 0x90, 0x00, 0x00, 0x00, 0x04, 0x40, 0x00, 0x00, 
0x0c, 0x00, 0x00, 0x00, 0x10, 0x40, 0x00, 0x00, 0x00, 0x00, 0x00, 0x00, 0x1b, 0x01, 0x2f, 0x00, 
0x1c, 0x01, 0x2f, 0x00, 0x1a, 0x01, 0x0b, 0x00, 0x12, 0x01, 0x2f, 0x00, 0x11, 0x01, 0x0b, 0x00, 
0x13, 0x01, 0x0b, 0x00, 0x15, 0x40, 0x00, 0x00, 0x90, 0x00, 0x00, 0x00, 0x14, 0x40, 0x00, 0x00, 
0x0c, 0x00, 0x00, 0x00, 0x17, 0x01, 0x0f, 0x00, 0x05, 0x00, 0x01, 0x00, 0x00, 0x40, 0x00, 0x00, 
0x00, 0x00, 0x00, 0x00, 0x0a, 0x01, 0x8f, 0x00, 0x04, 0x01, 0x00, 0x00, 0x04, 0x40, 0x00, 0x00, 
0x01, 0x00, 0x00, 0x00, 0x10, 0x40, 0x00, 0x00, 0x00, 0x6c, 0x00, 0x00, 0x1a, 0x01, 0x8f, 0x00, 
0x11, 0x01, 0x8f, 0x00, 0x13, 0x01, 0x00, 0x00, 0x15, 0x40, 0x00, 0x00, 0x01, 0x00, 0x00, 0x00, 
0x14, 0x40, 0x00, 0x00, 0x30, 0x00, 0x00, 0x00, 0x16, 0x01, 0x07, 0x00, 0x15, 0x01, 0x3b, 0x00, 
0x17, 0x01, 0x07, 0x00, 0x2d, 0x01, 0x0e, 0x00, 0x05, 0x00, 0x01, 0x00, 0x00, 0x40, 0x00, 0x00, 
0x00, 0x6c, 0x00, 0x00, 0x0b, 0x01, 0x0b, 0x00, 0x0c, 0x01, 0x0b, 0x00, 0x0a, 0x01, 0x0b, 0x00, 
0x04, 0x01, 0x2f, 0x00, 0x05, 0x40, 0x00, 0x00, 0x40, 0x02, 0x00, 0x00, 0x04, 0x40, 0x00, 0x00, 
0x30, 0x00, 0x00, 0x00, 0x10, 0x40, 0x00, 0x00, 0x00, 0x00, 0x00, 0x00, 0x1b, 0x01, 0x0b, 0x00, 
0x1c, 0x01, 0x0b, 0x00, 0x1a, 0x01, 0x0b, 0x00, 0x12, 0x01, 0x0b, 0x00, 0x11, 0x01, 0x0b, 0x00, 
0x13, 0x01, 0x2f, 0x00, 0x16, 0x40, 0x00, 0x00, 0xc0, 0x00, 0x00, 0x00, 0x15, 0x40, 0x00, 0x00, 
0x80, 0x04, 0x00, 0x00, 0x14, 0x40, 0x00, 0x00, 0x10, 0x00, 0x00, 0x00, 0x14, 0x01, 0x41, 0x81, 
0x15, 0x01, 0x09, 0x00, 0x17, 0x01, 0x2f, 0x00, 0x2f, 0x01, 0x01, 0x00, 0x05, 0x00, 0x01, 0x00, 
0x31, 0x40, 0x00, 0x00, 0x00, 0x6c, 0x00, 0x00, 0x12, 0x00, 0x00, 0x00, 0x10, 0x00, 0x00, 0x00, 
0x0b, 0x01, 0x8f, 0x00, 0x0c, 0x01, 0x8f, 0x00, 0x0a, 0x01, 0x5f, 0x00, 0x04, 0x01, 0x00, 0x00, 
0x05, 0x40, 0x00, 0x00, 0x60, 0x00, 0x00, 0x00, 0x04, 0x40, 0x00, 0x00, 0x01, 0x00, 0x00, 0x00, 
0x10, 0x40, 0x00, 0x00, 0x00, 0x36, 0x00, 0x00, 0x1b, 0x01, 0x8f, 0x00, 0x1c, 0x01, 0x8f, 0x00, 
0x1a, 0x01, 0x5f, 0x00, 0x12, 0x01, 0x8f, 0x00, 0x11, 0x01, 0x5f, 0x00, 0x13, 0x01, 0x00, 0x00, 
0x16, 0x40, 0x00, 0x00, 0x01, 0x00, 0x00, 0x00, 0x15, 0x40, 0x00, 0x00, 0x01, 0x00, 0x00, 0x00, 
0x14, 0x40, 0x00, 0x00, 0x90, 0x00, 0x00, 0x00, 0x14, 0x01, 0x01, 0x01, 0x16, 0x01, 0x01, 0x00, 
0x17, 0x01, 0x07, 0x00, 0x2d, 0x01, 0x1e, 0x00, 0x2f, 0x01, 0x03, 0x00, 0x11, 0x00, 0x00, 0x00, 
0x05, 0x00, 0x01, 0x00, 0x00, 0x40, 0x00, 0x00, 0x00, 0x51, 0x00, 0x00, 0x0b, 0x01, 0x2f, 0x00, 
0x0c, 0x01, 0x2f, 0x00, 0x0a, 0x01, 0x0b, 0x00, 0x04, 0x01, 0x0b, 0x00, 0x05, 0x40, 0x00, 0x00, 
0x90, 0x00, 0x00, 0x00, 0x04, 0x40, 0x00, 0x00, 0x0c, 0x00, 0x00, 0x00, 0x10, 0x40, 0x00, 0x00, 
0x00, 0x6c, 0x00, 0x00, 0x1b, 0x01, 0x2f, 0x00, 0x1c, 0x01, 0x2f, 0x00, 0x1a, 0x01, 0x0b, 0x00, 
0x12, 0x01, 0x2f, 0x00, 0x11, 0x01, 0x0b, 0x00, 0x13, 0x01, 0x0b, 0x00, 0x15, 0x40, 0x00, 0x00, 
0x90, 0x00, 0x00, 0x00, 0x14, 0x40, 0x00, 0x00, 0x0c, 0x00, 0x00, 0x00, 0x17, 0x01, 0x0f, 0x00, 
0x05, 0x00, 0x01, 0x00, 0x00, 0x40, 0x00, 0x00, 0x00, 0x6c, 0x00, 0x00, 0x0a, 0x01, 0x8f, 0x00, 
0x04, 0x01, 0x00, 0x00, 0x04, 0x40, 0x00, 0x00, 0x01, 0x00, 0x00, 0x00, 0x10, 0x40, 0x00, 0x00, 
0x00, 0x36, 0x00, 0x00, 0x1a, 0x01, 0x8f, 0x00, 0x11, 0x01, 0x8f, 0x00, 0x13, 0x01, 0x00, 0x00, 
0x15, 0x40, 0x00, 0x00, 0x01, 0x00, 0x00, 0x00, 0x14, 0x40, 0x00, 0x00, 0x30, 0x00, 0x00, 0x00, 
0x16, 0x01, 0x07, 0x00, 0x15, 0x01, 0x3b, 0x00, 0x17, 0x01, 0x07, 0x00, 0x2d, 0x01, 0x0e, 0x00, 
0x05, 0x00, 0x01, 0x00, 0x00, 0x40, 0x00, 0x00, 0x00, 0x36, 0x00, 0x00, 0x0b, 0x01, 0x0b, 0x00, 
0x0c, 0x01, 0x0b, 0x00, 0x0a, 0x01, 0x0b, 0x00, 0x04, 0x01, 0x2f, 0x00, 0x05, 0x40, 0x00, 0x00, 
0x40, 0x02, 0x00, 0x00, 0x04, 0x40, 0x00, 0x00, 0x30, 0x00, 0x00, 0x00, 0x10, 0x40, 0x00, 0x00, 
0x00, 0x51, 0x00, 0x00, 0x1b, 0x01, 0x0b, 0x00, 0x1c, 0x01, 0x0b, 0x00, 0x1a, 0x01, 0x0b, 0x00, 
0x12, 0x01, 0x0b, 0x00, 0x11, 0x01, 0x0b, 0x00, 0x13, 0x01, 0x2f, 0x00, 0x16, 0x40, 0x00, 0x00, 
0xc0, 0x00, 0x00, 0x00, 0x15, 0x40, 0x00, 0x00, 0x40, 0x02, 0x00, 0x00, 0x14, 0x40, 0x00, 0x00, 
0x10, 0x00, 0x00, 0x00, 0x14, 0x01, 0x41, 0x00, 0x20, 0x40, 0x00, 0x00, 0xd0, 0xaf, 0x01, 0x00, 
0x21, 0x40, 0x00, 0x00, 0xe0, 0x09, 0x00, 0x00, 0x22, 0x40, 0x00, 0x00, 0xf0, 0xad, 0x01, 0x00, 
0x23, 0x40, 0x00, 0x00, 0xe0, 0x01, 0x00, 0x00, 0x26, 0x01, 0x00, 0x00, 0x16, 0x01, 0x09, 0x00, 
0x15, 0x01, 0x0b, 0x00, 0x17, 0x01, 0x1f, 0x00, 0x2f, 0x01, 0x00, 0x00, 0x02, 0x00, 0x00, 0x00, 
0x00, 0x40, 0x00, 0x00, 0x00, 0x51, 0x00, 0x00, 0x06, 0x40, 0x00, 0x00, 0xc0, 0x00, 0x00, 0x00, 
0x04, 0x40, 0x00, 0x00, 0x10, 0x00, 0x00, 0x00, 0x05, 0x01, 0x41, 0x00, 0x00, 0x01, 0x01, 0x00, 
0x01, 0x01, 0x01, 0x00, 0x03, 0x01, 0x01, 0x00, 0x02, 0x01, 0x01, 0x00, 0x10, 0x40, 0x00, 0x00, 
0x00, 0x36, 0x00, 0x00, 0x18, 0x01, 0xff, 0xff, 0x21, 0x01, 0x02, 0x00, 0x20, 0x01, 0x02, 0x00, 
0x20, 0x40, 0x00, 0x00, 0x90, 0xbb, 0x01, 0x00, 0x21, 0x40, 0x00, 0x00, 0x00, 0x02, 0x00, 0x00, 
0x22, 0x40, 0x00, 0x00, 0xb0, 0xb9, 0x01, 0x00, 0x26, 0x01, 0x80, 0xff, 0x16, 0x01, 0x05, 0x00, 
0x2f, 0x01, 0x02, 0x00, 0x03, 0x00, 0x00, 0x00, 0x00, 0x40, 0x00, 0x00, 0x00, 0x36, 0x00, 0x00, 
0x09, 0x01, 0xff, 0xff, 0x00, 0x01, 0x00, 0x00, 0x01, 0x01, 0x00, 0x00, 0x03, 0x01, 0x00, 0x00, 
0x02, 0x01, 0x00, 0x00, 0x10, 0x40, 0x00, 0x00, 0x00, 0x51, 0x00, 0x00, 0x18, 0x01, 0x00, 0x00, 
0x21, 0x01, 0x00, 0x00, 0x20, 0x01, 0x00, 0x00, 0x20, 0x40, 0x00, 0x00, 0x70, 0xbf, 0x01, 0x00, 
0x21, 0x40, 0x00, 0x00, 0x00, 0x0a, 0x00, 0x00, 0x22, 0x40, 0x00, 0x00, 0x90, 0xbd, 0x01, 0x00, 
0x26, 0x01, 0x00, 0x00, 0x16, 0x01, 0x09, 0x00, 0x2f, 0x01, 0x01, 0x00, 0x02, 0x00, 0x00, 0x00, 
0x00, 0x40, 0x00, 0x00, 0x00, 0x51, 0x00, 0x00, 0x09, 0x01, 0x00, 0x00, 0x10, 0x40, 0x00, 0x00, 
0x40, 0x02, 0x00, 0x00, 0x15, 0x40, 0x00, 0x00, 0x80, 0x04, 0x00, 0x00, 0x14, 0x01, 0x41, 0x81, 
0x26, 0x01, 0x80, 0xff, 0x16, 0x01, 0x07, 0x00, 0x15, 0x01, 0x09, 0x00, 0x17, 0x01, 0x2f, 0x00, 
0x2f, 0x01, 0x02, 0x00, 0x05, 0x00, 0x01, 0x00, 0x00, 0x40, 0x00, 0x00, 0x00, 0x00, 0x00, 0x00, 
0x04, 0x01, 0x5f, 0x00, 0x05, 0x40, 0x00, 0x00, 0x80, 0x04, 0x00, 0x00, 0x10, 0x40, 0x00, 0x00, 
0x00, 0x36, 0x00, 0x00, 0x13, 0x01, 0x5f, 0x00, 0x16, 0x40, 0x00, 0x00, 0x01, 0x00, 0x00, 0x00, 
0x14, 0x40, 0x00, 0x00, 0x60, 0x00, 0x00, 0x00, 0x14, 0x01, 0x01, 0x00, 0x20, 0x40, 0x00, 0x00, 
0x30, 0xcd, 0x01, 0x00, 0x21, 0x40, 0x00, 0x00, 0xe0, 0x00, 0x00, 0x00, 0x22, 0x40, 0x00, 0x00, 
0x70, 0xc9, 0x01, 0x00, 0x23, 0x40, 0x00, 0x00, 0xc0, 0x03, 0x00, 0x00, 0x16, 0x01, 0x05, 0x00, 
0x15, 0x01, 0x0b, 0x00, 0x2f, 0x01, 0x03, 0x00, 0x02, 0x00, 0x00, 0x00, 0x31, 0x40, 0x00, 0x00, 
0x00, 0x00, 0x00, 0x00, 0x12, 0x00, 0x00, 0x00, 0x10, 0x00, 0x00, 0x00, 0x0b, 0x01, 0x8f, 0x00, 
0x0c, 0x01, 0x8f, 0x00, 0x0a, 0x01, 0x5f, 0x00, 0x04, 0x01, 0x00, 0x00, 0x06, 0x40, 0x00, 0x00, 
0x01, 0x00, 0x00, 0x00, 0x05, 0x40, 0x00, 0x00, 0x60, 0x00, 0x00, 0x00, 0x04, 0x40, 0x00, 0x00, 
0x01, 0x00, 0x00, 0x00, 0x05, 0x01, 0x01, 0x00, 0x10, 0x40, 0x00, 0x00, 0x00, 0x6c, 0x00, 0x00, 
0x1b, 0x01, 0x8f, 0x00, 0x1c, 0x01, 0x8f, 0x00, 0x1a, 0x01, 0x5f, 0x00, 0x12, 0x01, 0x8f, 0x00, 
0x11, 0x01, 0x5f, 0x00, 0x13, 0x01, 0x00, 0x00, 0x15, 0x40, 0x00, 0x00, 0x01, 0x00, 0x00, 0x00, 
0x14, 0x40, 0x00, 0x00, 0x90, 0x00, 0x00, 0x00, 0x14, 0x01, 0x01, 0x01, 0x16, 0x01, 0x01, 0x00, 
0x15, 0x01, 0x09, 0x00, 0x17, 0x01, 0x07, 0x00, 0x2d, 0x01, 0x1e, 0x00, 0x11, 0x00, 0x00, 0x00, 
0x05, 0x00, 0x01, 0x00, 0x00, 0x40, 0x00, 0x00, 0x00, 0x6c, 0x00, 0x00, 0x0b, 0x01, 0x2f, 0x00, 
0x0c, 0x01, 0x2f, 0x00, 0x0a, 0x01, 0x0b, 0x00, 0x04, 0x01, 0x0b, 0x00, 0x05, 0x40, 0x00, 0x00, 
0x90, 0x00, 0x00, 0x00, 0x04, 0x40, 0x00, 0x00, 0x0c, 0x00, 0x00, 0x00, 0x10, 0x40, 0x00, 0x00, 
0x00, 0x00, 0x00, 0x00, 0x1b, 0x01, 0x2f, 0x00, 0x1c, 0x01, 0x2f, 0x00, 0x1a, 0x01, 0x0b, 0x00, 
0x12, 0x01, 0x2f, 0x00, 0x11, 0x01, 0x0b, 0x00, 0x13, 0x01, 0x0b, 0x00, 0x15, 0x40, 0x00, 0x00, 
0x90, 0x00, 0x00, 0x00, 0x14, 0x40, 0x00, 0x00, 0x0c, 0x00, 0x00, 0x00, 0x17, 0x01, 0x0f, 0x00, 
0x05, 0x00, 0x01, 0x00, 0x00, 0x40, 0x00, 0x00, 0x00, 0x00, 0x00, 0x00, 0x0a, 0x01, 0x8f, 0x00, 
0x04, 0x01, 0x00, 0x00, 0x04, 0x40, 0x00, 0x00, 0x01, 0x00, 0x00, 0x00, 0x10, 0x40, 0x00, 0x00, 
0x00, 0x6c, 0x00, 0x00, 0x1a, 0x01, 0x8f, 0x00, 0x11, 0x01, 0x8f, 0x00, 0x13, 0x01, 0x00, 0x00, 
0x15, 0x40, 0x00, 0x00, 0x01, 0x00, 0x00, 0x00, 0x14, 0x40, 0x00, 0x00, 0x30, 0x00, 0x00, 0x00, 
0x16, 0x01, 0x07, 0x00, 0x15, 0x01, 0x3b, 0x00, 0x17, 0x01, 0x07, 0x00, 0x2d, 0x01, 0x0e, 0x00, 
0x05, 0x00, 0x01, 0x00, 0x00, 0x40, 0x00, 0x00, 0x00, 0x6c, 0x00, 0x00, 0x0b, 0x01, 0x0b, 0x00, 
0x0c, 0x01, 0x0b, 0x00, 0x0a, 0x01, 0x0b, 0x00, 0x04, 0x01, 0x2f, 0x00, 0x05, 0x40, 0x00, 0x00, 
0x40, 0x02, 0x00, 0x00, 0x04, 0x40, 0x00, 0x00, 0x30, 0x00, 0x00, 0x00, 0x10, 0x40, 0x00, 0x00, 
0x00, 0x00, 0x00, 0x00, 0x1b, 0x01, 0x0b, 0x00, 0x1c, 0x01, 0x0b, 0x00, 0x1a, 0x01, 0x0b, 0x00, 
0x12, 0x01, 0x0b, 0x00, 0x11, 0x01, 0x0b, 0x00, 0x13, 0x01, 0x2f, 0x00, 0x16, 0x40, 0x00, 0x00, 
0xc0, 0x00, 0x00, 0x00, 0x15, 0x40, 0x00, 0x00, 0x80, 0x04, 0x00, 0x00, 0x14, 0x40, 0x00, 0x00, 
0x10, 0x00, 0x00, 0x00, 0x14, 0x01, 0x41, 0x81, 0x15, 0x01, 0x09, 0x00, 0x17, 0x01, 0x2f, 0x00, 
0x2f, 0x01, 0x01, 0x00, 0x05, 0x00, 0x01, 0x00, 0x31, 0x40, 0x00, 0x00, 0x00, 0x6c, 0x00, 0x00, 
0x12, 0x00, 0x00, 0x00, 0x10, 0x00, 0x00, 0x00, 0x0b, 0x01, 0x8f, 0x00, 0x0c, 0x01, 0x8f, 0x00, 
0x0a, 0x01, 0x5f, 0x00, 0x04, 0x01, 0x00, 0x00, 0x05, 0x40, 0x00, 0x00, 0x60, 0x00, 0x00, 0x00, 
0x04, 0x40, 0x00, 0x00, 0x01, 0x00, 0x00, 0x00, 0x10, 0x40, 0x00, 0x00, 0x00, 0x36, 0x00, 0x00, 
0x1b, 0x01, 0x8f, 0x00, 0x1c, 0x01, 0x8f, 0x00, 0x1a, 0x01, 0x5f, 0x00, 0x12, 0x01, 0x8f, 0x00, 
0x11, 0x01, 0x5f, 0x00, 0x13, 0x01, 0x00, 0x00, 0x16, 0x40, 0x00, 0x00, 0x01, 0x00, 0x00, 0x00, 
0x15, 0x40, 0x00, 0x00, 0x01, 0x00, 0x00, 0x00, 0x14, 0x40, 0x00, 0x00, 0x90, 0x00, 0x00, 0x00, 
0x14, 0x01, 0x01, 0x01, 0x16, 0x01, 0x01, 0x00, 0x17, 0x01, 0x07, 0x00, 0x2d, 0x01, 0x1e, 0x00, 
0x2f, 0x01, 0x03, 0x00, 0x11, 0x00, 0x00, 0x00, 0x05, 0x00, 0x01, 0x00, 0x00, 0x40, 0x00, 0x00, 
0x00, 0x51, 0x00, 0x00, 0x0b, 0x01, 0x2f, 0x00, 0x0c, 0x01, 0x2f, 0x00, 0x0a, 0x01, 0x0b, 0x00, 
0x04, 0x01, 0x0b, 0x00, 0x05, 0x40, 0x00, 0x00, 0x90, 0x00, 0x00, 0x00, 0x04, 0x40, 0x00, 0x00, 
0x0c, 0x00, 0x00, 0x00, 0x10, 0x40, 0x00, 0x00, 0x00, 0x6c, 0x00, 0x00, 0x1b, 0x01, 0x2f, 0x00, 
0x1c, 0x01, 0x2f, 0x00, 0x1a, 0x01, 0x0b, 0x00, 0x12, 0x01, 0x2f, 0x00, 0x11, 0x01, 0x0b, 0x00, 
0x13, 0x01, 0x0b, 0x00, 0x15, 0x40, 0x00, 0x00, 0x90, 0x00, 0x00, 0x00, 0x14, 0x40, 0x00, 0x00, 
0x0c, 0x00, 0x00, 0x00, 0x17, 0x01, 0x0f, 0x00, 0x05, 0x00, 0x01, 0x00, 0x00, 0x40, 0x00, 0x00, 
0x00, 0x6c, 0x00, 0x00, 0x0a, 0x01, 0x8f, 0x00, 0x04, 0x01, 0x00, 0x00, 0x04, 0x40, 0x00, 0x00, 
0x01, 0x00, 0x00, 0x00, 0x10, 0x40, 0x00, 0x00, 0x00, 0x36, 0x00, 0x00, 0x1a, 0x01, 0x8f, 0x00, 
0x11, 0x01, 0x8f, 0x00, 0x13, 0x01, 0x00, 0x00, 0x15, 0x40, 0x00, 0x00, 0x01, 0x00, 0x00, 0x00, 
0x14, 0x40, 0x00, 0x00, 0x30, 0x00, 0x00, 0x00, 0x16, 0x01, 0x07, 0x00, 0x15, 0x01, 0x3b, 0x00, 
0x17, 0x01, 0x07, 0x00, 0x2d, 0x01, 0x0e, 0x00, 0x05, 0x00, 0x01, 0x00, 0x00, 0x40, 0x00, 0x00, 
0x00, 0x36, 0x00, 0x00, 0x0b, 0x01, 0x0b, 0x00, 0x0c, 0x01, 0x0b, 0x00, 0x0a, 0x01, 0x0b, 0x00, 
0x04, 0x01, 0x2f, 0x00, 0x05, 0x40, 0x00, 0x00, 0x40, 0x02, 0x00, 0x00, 0x04, 0x40, 0x00, 0x00, 
0x30, 0x00, 0x00, 0x00, 0x10, 0x40, 0x00, 0x00, 0x00, 0x51, 0x00, 0x00, 0x1b, 0x01, 0x0b, 0x00, 
0x1c, 0x01, 0x0b, 0x00, 0x1a, 0x01, 0x0b, 0x00, 0x12, 0x01, 0x0b, 0x00, 0x11, 0x01, 0x0b, 0x00, 
0x13, 0x01, 0x2f, 0x00, 0x16, 0x40, 0x00, 0x00, 0xc0, 0x00, 0x00, 0x00, 0x15, 0x40, 0x00, 0x00, 
0x40, 0x02, 0x00, 0x00, 0x14, 0x40, 0x00, 0x00, 0x10, 0x00, 0x00, 0x00, 0x18, 0x01, 0xff, 0xff, 
0x14, 0x01, 0x41, 0x00, 0x20, 0x40, 0x00, 0x00, 0xf0, 0xcf, 0x01, 0x00, 0x21, 0x40, 0x00, 0x00, 
0x30, 0x0a, 0x00, 0x00, 0x22, 0x40, 0x00, 0x00, 0x10, 0xce, 0x01, 0x00, 0x23, 0x40, 0x00, 0x00, 
0xe0, 0x01, 0x00, 0x00, 0x26, 0x01, 0xff, 0xff, 0x16, 0x01, 0x09, 0x00, 0x15, 0x01, 0x0b, 0x00, 
0x17, 0x01, 0x1f, 0x00, 0x2f, 0x01, 0x00, 0x00, 0x02, 0x00, 0x00, 0x00, 0x00, 0x40, 0x00, 0x00, 
0x00, 0x51, 0x00, 0x00, 0x06, 0x40, 0x00, 0x00, 0xc0, 0x00, 0x00, 0x00, 0x04, 0x40, 0x00, 0x00, 
0x10, 0x00, 0x00, 0x00, 0x09, 0x01, 0xff, 0xff, 0x05, 0x01, 0x41, 0x00, 0x00, 0x01, 0x01, 0x00, 
0x01, 0x01, 0x01, 0x00, 0x03, 0x01, 0x01, 0x00, 0x02, 0x01, 0x01, 0x00, 0x10, 0x40, 0x00, 0x00, 
0x00, 0x36, 0x00, 0x00, 0x21, 0x01, 0x02, 0x00, 0x20, 0x01, 0x02, 0x00, 0x20, 0x40, 0x00, 0x00, 
0x00, 0xdc, 0x01, 0x00, 0x21, 0x40, 0x00, 0x00, 0x00, 0x02, 0x00, 0x00, 0x22, 0x40, 0x00, 0x00, 
0x20, 0xda, 0x01, 0x00, 0x26, 0x01, 0x80, 0xff, 0x16, 0x01, 0x05, 0x00, 0x2f, 0x01, 0x02, 0x00, 
0x03, 0x00, 0x00, 0x00, 0x00, 0x40, 0x00, 0x00, 0x00, 0x36, 0x00, 0x00, 0x00, 0x01, 0x00, 0x00, 
0x01, 0x01, 0x00, 0x00, 0x03, 0x01, 0x00, 0x00, 0x02, 0x01, 0x00, 0x00, 0x10, 0x40, 0x00, 0x00, 
0x00, 0x51, 0x00, 0x00, 0x18, 0x01, 0x00, 0x00, 0x21, 0x01, 0x00, 0x00, 0x20, 0x01, 0x00, 0x00, 
0x20, 0x40, 0x00, 0x00, 0xe0, 0xdf, 0x01, 0x00, 0x21, 0x40, 0x00, 0x00, 0xf0, 0x09, 0x00, 0x00, 
0x22, 0x40, 0x00, 0x00, 0x00, 0xde, 0x01, 0x00, 0x26, 0x01, 0x00, 0x00, 0x16, 0x01, 0x09, 0x00, 
0x2f, 0x01, 0x01, 0x00, 0x02, 0x00, 0x00, 0x00, 0x00, 0x40, 0x00, 0x00, 0x00, 0x51, 0x00, 0x00, 
0x09, 0x01, 0x00, 0x00, 0x10, 0x40, 0x00, 0x00, 0x40, 0x02, 0x00, 0x00, 0x15, 0x40, 0x00, 0x00, 
0x80, 0x04, 0x00, 0x00, 0x14, 0x01, 0x41, 0x81, 0x26, 0x01, 0x80, 0xff, 0x16, 0x01, 0x07, 0x00, 
0x15, 0x01, 0x09, 0x00, 0x17, 0x01, 0x2f, 0x00, 0x2f, 0x01, 0x02, 0x00, 0x05, 0x00, 0x01, 0x00, 
0x00, 0x40, 0x00, 0x00, 0x00, 0x00, 0x00, 0x00, 0x04, 0x01, 0x5f, 0x00, 0x05, 0x40, 0x00, 0x00, 
0x80, 0x04, 0x00, 0x00, 0x10, 0x40, 0x00, 0x00, 0x00, 0x36, 0x00, 0x00, 0x13, 0x01, 0x5f, 0x00, 
0x16, 0x40, 0x00, 0x00, 0x01, 0x00, 0x00, 0x00, 0x14, 0x40, 0x00, 0x00, 0x60, 0x00, 0x00, 0x00, 
0x14, 0x01, 0x01, 0x00, 0x20, 0x40, 0x00, 0x00, 0x90, 0xed, 0x01, 0x00, 0x21, 0x40, 0x00, 0x00, 
0xe0, 0x00, 0x00, 0x00, 0x22, 0x40, 0x00, 0x00, 0xd0, 0xe9, 0x01, 0x00, 0x23, 0x40, 0x00, 0x00, 
0xc0, 0x03, 0x00, 0x00, 0x16, 0x01, 0x05, 0x00, 0x15, 0x01, 0x0b, 0x00, 0x2f, 0x01, 0x03, 0x00, 
0x02, 0x00, 0x00, 0x00, 0x31, 0x40, 0x00, 0x00, 0x00, 0x00, 0x00, 0x00, 0x12, 0x00, 0x00, 0x00, 
0x10, 0x00, 0x00, 0x00, 0x0b, 0x01, 0x8f, 0x00, 0x0c, 0x01, 0x8f, 0x00, 0x0a, 0x01, 0x5f, 0x00, 
0x04, 0x01, 0x00, 0x00, 0x06, 0x40, 0x00, 0x00, 0x01, 0x00, 0x00, 0x00, 0x05, 0x40, 0x00, 0x00, 
0x60, 0x00, 0x00, 0x00, 0x04, 0x40, 0x00, 0x00, 0x01, 0x00, 0x00, 0x00, 0x05, 0x01, 0x01, 0x00, 
0x10, 0x40, 0x00, 0x00, 0x00, 0x6c, 0x00, 0x00, 0x1b, 0x01, 0x8f, 0x00, 0x1c, 0x01, 0x8f, 0x00, 
0x1a, 0x01, 0x5f, 0x00, 0x12, 0x01, 0x8f, 0x00, 0x11, 0x01, 0x5f, 0x00, 0x13, 0x01, 0x00, 0x00, 
0x15, 0x40, 0x00, 0x00, 0x01, 0x00, 0x00, 0x00, 0x14, 0x40, 0x00, 0x00, 0x90, 0x00, 0x00, 0x00, 
0x14, 0x01, 0x01, 0x01, 0x16, 0x01, 0x01, 0x00, 0x15, 0x01, 0x09, 0x00, 0x17, 0x01, 0x07, 0x00, 
0x2d, 0x01, 0x1e, 0x00, 0x11, 0x00, 0x00, 0x00, 0x05, 0x00, 0x01, 0x00, 0x00, 0x40, 0x00, 0x00, 
0x00, 0x6c, 0x00, 0x00, 0x0b, 0x01, 0x2f, 0x00, 0x0c, 0x01, 0x2f, 0x00, 0x0a, 0x01, 0x0b, 0x00, 
0x04, 0x01, 0x0b, 0x00, 0x05, 0x40, 0x00, 0x00, 0x90, 0x00, 0x00, 0x00, 0x04, 0x40, 0x00, 0x00, 
0x0c, 0x00, 0x00, 0x00, 0x10, 0x40, 0x00, 0x00, 0x00, 0x00, 0x00, 0x00, 0x1b, 0x01, 0x2f, 0x00, 
0x1c, 0x01, 0x2f, 0x00, 0x1a, 0x01, 0x0b, 0x00, 0x12, 0x01, 0x2f, 0x00, 0x11, 0x01, 0x0b, 0x00, 
0x13, 0x01, 0x0b, 0x00, 0x15, 0x40, 0x00, 0x00, 0x90, 0x00, 0x00, 0x00, 0x14, 0x40, 0x00, 0x00, 
0x0c, 0x00, 0x00, 0x00, 0x17, 0x01, 0x0f, 0x00, 0x05, 0x00, 0x01, 0x00, 0x00, 0x40, 0x00, 0x00, 
0x00, 0x00, 0x00, 0x00, 0x0a, 0x01, 0x8f, 0x00, 0x04, 0x01, 0x00, 0x00, 0x04, 0x40, 0x00, 0x00, 
0x01, 0x00, 0x00, 0x00, 0x10, 0x40, 0x00, 0x00, 0x00, 0x1b, 0x00, 0x00, 0x1a, 0x01, 0x8f, 0x00, 
0x11, 0x01, 0x8f, 0x00, 0x13, 0x01, 0x00, 0x00, 0x15, 0x40, 0x00, 0x00, 0x01, 0x00, 0x00, 0x00, 
0x14, 0x40, 0x00, 0x00, 0x30, 0x00, 0x00, 0x00, 0x16, 0x01, 0x07, 0x00, 0x15, 0x01, 0x3b, 0x00, 
0x17, 0x01, 0x07, 0x00, 0x2d, 0x01, 0x0e, 0x00, 0x05, 0x00, 0x01, 0x00, 0x00, 0x40, 0x00, 0x00, 
0x00, 0x1b, 0x00, 0x00, 0x0b, 0x01, 0x0b, 0x00, 0x0c, 0x01, 0x0b, 0x00, 0x0a, 0x01, 0x0b, 0x00, 
0x04, 0x01, 0x2f, 0x00, 0x05, 0x40, 0x00, 0x00, 0x40, 0x02, 0x00, 0x00, 0x04, 0x40, 0x00, 0x00, 
0x30, 0x00, 0x00, 0x00, 0x10, 0x40, 0x00, 0x00, 0x00, 0x6c, 0x00, 0x00, 0x1b, 0x01, 0x0b, 0x00, 
0x1c, 0x01, 0x0b, 0x00, 0x1a, 0x01, 0x0b, 0x00, 0x12, 0x01, 0x0b, 0x00, 0x11, 0x01, 0x0b, 0x00, 
0x13, 0x01, 0x2f, 0x00, 0x16, 0x40, 0x00, 0x00, 0xc0, 0x00, 0x00, 0x00, 0x15, 0x40, 0x00, 0x00, 
0x40, 0x02, 0x00, 0x00, 0x14, 0x40, 0x00, 0x00, 0x10, 0x00, 0x00, 0x00, 0x14, 0x01, 0x41, 0x01, 
0x15, 0x01, 0x09, 0x00, 0x17, 0x01, 0x2f, 0x00, 0x24, 0x40, 0x1f, 0x00, 0x7a, 0xa6, 0x6c, 0x7b, 
0x2f, 0x01, 0x01, 0x00, 0x05, 0x00, 0x01, 0x00, 0x00, 0x40, 0x00, 0x00, 0x00, 0x6c, 0x00, 0x00, 
0x06, 0x40, 0x00, 0x00, 0xc0, 0x00, 0x00, 0x00, 0x04, 0x40, 0x00, 0x00, 0x10, 0x00, 0x00, 0x00, 
0x05, 0x01, 0x41, 0x00, 0x10, 0x40, 0x00, 0x00, 0x00, 0x00, 0x00, 0x00, 0x16, 0x40, 0x00, 0x00, 
0x01, 0x00, 0x00, 0x00, 0x15, 0x40, 0x00, 0x00, 0x80, 0x04, 0x00, 0x00, 0x14, 0x40, 0x00, 0x00, 
0x60, 0x00, 0x00, 0x00, 0x14, 0x01, 0x01, 0x81, 0x24, 0x40, 0x1f, 0x00, 0x01, 0x00, 0x00, 0x80, 
0x2f, 0x01, 0x03, 0x00, 0x05, 0x00, 0x01, 0x00, 0x31, 0x40, 0x00, 0x00, 0x00, 0x6c, 0x00, 0x00, 
0x12, 0x00, 0x00, 0x00, 0x10, 0x00, 0x00, 0x00, 0x0b, 0x01, 0x8f, 0x00, 0x0c, 0x01, 0x8f, 0x00, 
0x0a, 0x01, 0x5f, 0x00, 0x04, 0x01, 0x00, 0x00, 0x06, 0x40, 0x00, 0x00, 0x01, 0x00, 0x00, 0x00, 
0x05, 0x40, 0x00, 0x00, 0x60, 0x00, 0x00, 0x00, 0x04, 0x40, 0x00, 0x00, 0x01, 0x00, 0x00, 0x00, 
0x05, 0x01, 0x01, 0x00, 0x10, 0x40, 0x00, 0x00, 0x00, 0x36, 0x00, 0x00, 0x1b, 0x01, 0x8f, 0x00, 
0x1c, 0x01, 0x8f, 0x00, 0x1a, 0x01, 0x5f, 0x00, 0x12, 0x01, 0x8f, 0x00, 0x11, 0x01, 0x5f, 0x00, 
0x13, 0x01, 0x00, 0x00, 0x15, 0x40, 0x00, 0x00, 0x01, 0x00, 0x00, 0x00, 0x14, 0x40, 0x00, 0x00, 
0x90, 0x00, 0x00, 0x00, 0x14, 0x01, 0x01, 0x01, 0x16, 0x01, 0x01, 0x00, 0x17, 0x01, 0x07, 0x00, 
0x2d, 0x01, 0x1e, 0x00, 0x11, 0x00, 0x00, 0x00, 0x05, 0x00, 0x01, 0x00, 0x00, 0x40, 0x00, 0x00, 
0x00, 0x51, 0x00, 0x00, 0x0b, 0x01, 0x2f, 0x00, 0x0c, 0x01, 0x2f, 0x00, 0x0a, 0x01, 0x0b, 0x00, 
0x04, 0x01, 0x0b, 0x00, 0x05, 0x40, 0x00, 0x00, 0x90, 0x00, 0x00, 0x00, 0x04, 0x40, 0x00, 0x00, 
0x0c, 0x00, 0x00, 0x00, 0x10, 0x40, 0x00, 0x00, 0x00, 0x6c, 0x00, 0x00, 0x1b, 0x01, 0x2f, 0x00, 
0x1c, 0x01, 0x2f, 0x00, 0x1a, 0x01, 0x0b, 0x00, 0x12, 0x01, 0x2f, 0x00, 0x11, 0x01, 0x0b, 0x00, 
0x13, 0x01, 0x0b, 0x00, 0x15, 0x40, 0x00, 0x00, 0x90, 0x00, 0x00, 0x00, 0x14, 0x40, 0x00, 0x00, 
0x0c, 0x00, 0x00, 0x00, 0x17, 0x01, 0x0f, 0x00, 0x05, 0x00, 0x01, 0x00, 0x00, 0x40, 0x00, 0x00, 
0x00, 0x6c, 0x00, 0x00, 0x0a, 0x01, 0x8f, 0x00, 0x04, 0x01, 0x00, 0x00, 0x04, 0x40, 0x00, 0x00, 
0x01, 0x00, 0x00, 0x00, 0x10, 0x40, 0x00, 0x00, 0x00, 0x36, 0x00, 0x00, 0x1a, 0x01, 0x8f, 0x00, 
0x11, 0x01, 0x8f, 0x00, 0x13, 0x01, 0x00, 0x00, 0x15, 0x40, 0x00, 0x00, 0x01, 0x00, 0x00, 0x00, 
0x14, 0x40, 0x00, 0x00, 0x30, 0x00, 0x00, 0x00, 0x16, 0x01, 0x07, 0x00, 0x15, 0x01, 0x3b, 0x00, 
0x17, 0x01, 0x07, 0x00, 0x2d, 0x01, 0x0e, 0x00, 0x05, 0x00, 0x01, 0x00, 0x00, 0x40, 0x00, 0x00, 
0x00, 0x36, 0x00, 0x00, 0x0b, 0x01, 0x0b, 0x00, 0x0c, 0x01, 0x0b, 0x00, 0x0a, 0x01, 0x0b, 0x00, 
0x04, 0x01, 0x2f, 0x00, 0x05, 0x40, 0x00, 0x00, 0x40, 0x02, 0x00, 0x00, 0x04, 0x40, 0x00, 0x00, 
0x30, 0x00, 0x00, 0x00, 0x10, 0x40, 0x00, 0x00, 0x00, 0x51, 0x00, 0x00, 0x1b, 0x01, 0x0b, 0x00, 
0x1c, 0x01, 0x0b, 0x00, 0x1a, 0x01, 0x0b, 0x00, 0x12, 0x01, 0x0b, 0x00, 0x11, 0x01, 0x0b, 0x00, 
0x13, 0x01, 0x2f, 0x00, 0x16, 0x40, 0x00, 0x00, 0xc0, 0x00, 0x00, 0x00, 0x15, 0x40, 0x00, 0x00, 
0x40, 0x02, 0x00, 0x00, 0x14, 0x40, 0x00, 0x00, 0x10, 0x00, 0x00, 0x00, 0x14, 0x01, 0x41, 0x00, 
0x20, 0x40, 0x00, 0x00, 0x50, 0xf0, 0x01, 0x00, 0x21, 0x40, 0x00, 0x00, 0x20, 0x0a, 0x00, 0x00, 
0x22, 0x40, 0x00, 0x00, 0x70, 0xee, 0x01, 0x00, 0x23, 0x40, 0x00, 0x00, 0xe0, 0x01, 0x00, 0x00, 
0x26, 0x01, 0x00, 0x00, 0x16, 0x01, 0x09, 0x00, 0x15, 0x01, 0x0b, 0x00, 0x17, 0x01, 0x1f, 0x00, 
0x2f, 0x01, 0x00, 0x00, 0x02, 0x00, 0x00, 0x00, 0x00, 0x40, 0x00, 0x00, 0x00, 0x51, 0x00, 0x00, 
0x06, 0x40, 0x00, 0x00, 0xc0, 0x00, 0x00, 0x00, 0x04, 0x40, 0x00, 0x00, 0x10, 0x00, 0x00, 0x00, 
0x05, 0x01, 0x41, 0x00, 0x00, 0x01, 0x01, 0x00, 0x01, 0x01, 0x01, 0x00, 0x03, 0x01, 0x01, 0x00, 
0x02, 0x01, 0x01, 0x00, 0x10, 0x40, 0x00, 0x00, 0x00, 0x36, 0x00, 0x00, 0x21, 0x01, 0x02, 0x00, 
0x20, 0x01, 0x02, 0x00, 0x20, 0x40, 0x00, 0x00, 0x50, 0xfc, 0x01, 0x00, 0x21, 0x40, 0x00, 0x00, 
0x00, 0x02, 0x00, 0x00, 0x22, 0x40, 0x00, 0x00, 0x70, 0xfa, 0x01, 0x00, 0x26, 0x01, 0x80, 0xff, 
0x16, 0x01, 0x05, 0x00, 0x2f, 0x01, 0x02, 0x00, 0x03, 0x00, 0x00, 0x00, 0x00, 0x40, 0x00, 0x00, 
0x00, 0x36, 0x00, 0x00, 0x00, 0x01, 0x00, 0x00, 0x01, 0x01, 0x00, 0x00, 0x03, 0x01, 0x00, 0x00, 
0x02, 0x01, 0x00, 0x00, 0x10, 0x40, 0x00, 0x00, 0x00, 0x51, 0x00, 0x00, 0x21, 0x01, 0x00, 0x00, 
0x20, 0x01, 0x00, 0x00, 0x20, 0x40, 0x00, 0x00, 0x30, 0x00, 0x02, 0x00, 0x21, 0x40, 0x00, 0x00, 
0x20, 0x0a, 0x00, 0x00, 0x22, 0x40, 0x00, 0x00, 0x50, 0xfe, 0x01, 0x00, 0x26, 0x01, 0x00, 0x00, 
0x16, 0x01, 0x09, 0x00, 0x2f, 0x01, 0x01, 0x00, 0x02, 0x00, 0x00, 0x00, 0x00, 0x40, 0x00, 0x00, 
0x00, 0x51, 0x00, 0x00, 0x10, 0x40, 0x00, 0x00, 0x00, 0x36, 0x00, 0x00, 0x14, 0x01, 0x41, 0x01, 
0x26, 0x01, 0x80, 0xff, 0x16, 0x01, 0x07, 0x00, 0x15, 0x01, 0x09, 0x00, 0x17, 0x01, 0x2f, 0x00, 
0x24, 0x40, 0x1f, 0x00, 0x7a, 0xa6, 0x6c, 0x7b, 0x2f, 0x01, 0x02, 0x00, 0x05, 0x00, 0x01, 0x00, 
0x00, 0x40, 0x00, 0x00, 0x00, 0x36, 0x00, 0x00, 0x10, 0x40, 0x00, 0x00, 0x30, 0x00, 0x00, 0x00, 
0x16, 0x40, 0x00, 0x00, 0x01, 0x00, 0x00, 0x00, 0x15, 0x40, 0x00, 0x00, 0x80, 0x04, 0x00, 0x00, 
0x14, 0x40, 0x00, 0x00, 0x60, 0x00, 0x00, 0x00, 0x14, 0x01, 0x01, 0x81, 0x24, 0x40, 0x1f, 0x00, 
0x01, 0x00, 0x00, 0x80, 0x2f, 0x01, 0x03, 0x00, 0x05, 0x00, 0x01, 0x00, 0x00, 0x40, 0x00, 0x00, 
0x00, 0x00, 0x00, 0x00, 0x04, 0x01, 0x5f, 0x00, 0x06, 0x40, 0x00, 0x00, 0x01, 0x00, 0x00, 0x00, 
0x05, 0x40, 0x00, 0x00, 0x80, 0x04, 0x00, 0x00, 0x04, 0x40, 0x00, 0x00, 0x60, 0x00, 0x00, 0x00, 
0x05, 0x01, 0x01, 0x00, 0x03, 0x01, 0x01, 0x00, 0x02, 0x01, 0x01, 0x00, 0x10, 0x40, 0x00, 0x00, 
0x00, 0x36, 0x00, 0x00, 0x1b, 0x01, 0x05, 0x00, 0x1c, 0x01, 0x05, 0x00, 0x1a, 0x01, 0x05, 0x00, 
0x12, 0x01, 0x05, 0x00, 0x11, 0x01, 0x05, 0x00, 0x13, 0x01, 0x5f, 0x00, 0x16, 0x40, 0x00, 0x00, 
0x60, 0x00, 0x00, 0x00, 0x15, 0x40, 0x00, 0x00, 0x40, 0x02, 0x00, 0x00, 0x14, 0x40, 0x00, 0x00, 
0x10, 0x00, 0x00, 0x00, 0x14, 0x01, 0x41, 0x00, 0x21, 0x01, 0x02, 0x00, 0x20, 0x01, 0x02, 0x00, 
0x22, 0x01, 0x03, 0x00, 0x20, 0x40, 0x00, 0x00, 0x10, 0x0e, 0x02, 0x00, 0x21, 0x40, 0x00, 0x00, 
0x00, 0x04, 0x00, 0x00, 0x22, 0x40, 0x00, 0x00, 0x50, 0x0a, 0x02, 0x00, 0x23, 0x40, 0x00, 0x00, 
0xc0, 0x03, 0x00, 0x00, 0x16, 0x01, 0x05, 0x00, 0x15, 0x01, 0x05, 0x00, 0x0d, 0x01, 0x1a, 0x00, 
0x2d, 0x01, 0x1e, 0x00, 0x2f, 0x01, 0x00, 0x00, 0x03, 0x00, 0x00, 0x00, 0x00, 0x40, 0x00, 0x00, 
0x00, 0x36, 0x00, 0x00, 0x0b, 0x01, 0x05, 0x00, 0x0c, 0x01, 0x05, 0x00, 0x0a, 0x01, 0x05, 0x00, 
0x06, 0x40, 0x00, 0x00, 0x60, 0x00, 0x00, 0x00, 0x05, 0x40, 0x00, 0x00, 0x40, 0x02, 0x00, 0x00, 
0x04, 0x40, 0x00, 0x00, 0x10, 0x00, 0x00, 0x00, 0x05, 0x01, 0x41, 0x00, 0x03, 0x01, 0x00, 0x00, 
0x02, 0x01, 0x00, 0x00, 0x10, 0x40, 0x00, 0x00, 0x00, 0x51, 0x00, 0x00, 0x21, 0x01, 0x00, 0x00, 
0x20, 0x01, 0x00, 0x00, 0x22, 0x01, 0x00, 0x00, 0x20, 0x40, 0x00, 0x00, 0xd0, 0x15, 0x02, 0x00, 
0x21, 0x40, 0x00, 0x00, 0x60, 0x22, 0x00, 0x00, 0x22, 0x40, 0x00, 0x00, 0x10, 0x12, 0x02, 0x00, 
0x26, 0x01, 0x00, 0x00, 0x17, 0x01, 0x5f, 0x00, 0x0d, 0x01, 0x0a, 0x00, 0x2d, 0x01, 0x0e, 0x00, 
0x2f, 0x01, 0x01, 0x00, 0x02, 0x00, 0x00, 0x00, 0x00, 0x40, 0x00, 0x00, 0x00, 0x51, 0x00, 0x00, 
0x10, 0x40, 0x00, 0x00, 0x00, 0x36, 0x00, 0x00, 0x15, 0x40, 0x00, 0x00, 0x80, 0x04, 0x00, 0x00, 
0x14, 0x01, 0x41, 0x81, 0x26, 0x01, 0x80, 0xff, 0x16, 0x01, 0x03, 0x00, 0x15, 0x01, 0x03, 0x00, 
0x17, 0x01, 0x7f, 0x00, 0x2d, 0x01, 0x1e, 0x00, 0x2f, 0x01, 0x00, 0x00, 0x05, 0x00, 0x01, 0x00, 
0x00, 0x40, 0x00, 0x00, 0x00, 0x00, 0x00, 0x00, 0x0b, 0x01, 0x0b, 0x00, 0x0c, 0x01, 0x0b, 0x00, 
0x0a, 0x01, 0x0b, 0x00, 0x06, 0x40, 0x00, 0x00, 0x01, 0x00, 0x00, 0x00, 0x05, 0x40, 0x00, 0x00, 
0x80, 0x04, 0x00, 0x00, 0x04, 0x40, 0x00, 0x00, 0x60, 0x00, 0x00, 0x00, 0x05, 0x01, 0x01, 0x00, 
0x10, 0x40, 0x00, 0x00, 0x00, 0x51, 0x00, 0x00, 0x1b, 0x01, 0x0b, 0x00, 0x1c, 0x01, 0x0b, 0x00, 
0x1a, 0x01, 0x0b, 0x00, 0x12, 0x01, 0x0b, 0x00, 0x11, 0x01, 0x0b, 0x00, 0x16, 0x40, 0x00, 0x00, 
0xc0, 0x00, 0x00, 0x00, 0x18, 0x01, 0xff, 0xff, 0x14, 0x01, 0x41, 0x00, 0x20, 0x40, 0x00, 0x00, 
0xf0, 0x3b, 0x02, 0x00, 0x21, 0x40, 0x00, 0x00, 0x30, 0x22, 0x00, 0x00, 0x22, 0x40, 0x00, 0x00, 
0x30, 0x38, 0x02, 0x00, 0x26, 0x01, 0xff, 0xff, 0x16, 0x01, 0x05, 0x00, 0x15, 0x01, 0x0b, 0x00, 
0x17, 0x01, 0x2f, 0x00, 0x2d, 0x01, 0x0e, 0x00, 0x2f, 0x01, 0x03, 0x00, 0x02, 0x00, 0x00, 0x00, 
0x00, 0x40, 0x00, 0x00, 0x00, 0x51, 0x00, 0x00, 0x06, 0x40, 0x00, 0x00, 0xc0, 0x00, 0x00, 0x00, 
0x04, 0x40, 0x00, 0x00, 0x10, 0x00, 0x00, 0x00, 0x09, 0x01, 0xff, 0xff, 0x05, 0x01, 0x41, 0x00, 
0x03, 0x01, 0x01, 0x00, 0x02, 0x01, 0x01, 0x00, 0x10, 0x40, 0x00, 0x00, 0x00, 0x87, 0x00, 0x00, 
0x1b, 0x01, 0x05, 0x00, 0x1c, 0x01, 0x05, 0x00, 0x1a, 0x01, 0x05, 0x00, 0x12, 0x01, 0x05, 0x00, 
0x11, 0x01, 0x05, 0x00, 0x16, 0x40, 0x00, 0x00, 0x60, 0x00, 0x00, 0x00, 0x15, 0x40, 0x00, 0x00, 
0x40, 0x02, 0x00, 0x00, 0x18, 0x01, 0x00, 0x00, 0x21, 0x01, 0x02, 0x00, 0x20, 0x01, 0x02, 0x00, 
0x22, 0x01, 0x03, 0x00, 0x20, 0x40, 0x00, 0x00, 0xe0, 0x61, 0x02, 0x00, 0x21, 0x40, 0x00, 0x00, 
0x00, 0x04, 0x00, 0x00, 0x22, 0x40, 0x00, 0x00, 0x20, 0x5e, 0x02, 0x00, 0x26, 0x01, 0x80, 0xff, 
0x15, 0x01, 0x05, 0x00, 0x0d, 0x01, 0x1a, 0x00, 0x2d, 0x01, 0x1e, 0x00, 0x2f, 0x01, 0x00, 0x00, 
0x03, 0x00, 0x00, 0x00, 0x00, 0x40, 0x00, 0x00, 0x00, 0x87, 0x00, 0x00, 0x0b, 0x01, 0x05, 0x00, 
0x0c, 0x01, 0x05, 0x00, 0x0a, 0x01, 0x05, 0x00, 0x06, 0x40, 0x00, 0x00, 0x60, 0x00, 0x00, 0x00, 
0x05, 0x40, 0x00, 0x00, 0x40, 0x02, 0x00, 0x00, 0x09, 0x01, 0x00, 0x00, 0x03, 0x01, 0x00, 0x00, 
0x02, 0x01, 0x00, 0x00, 0x10, 0x40, 0x00, 0x00, 0x00, 0x51, 0x00, 0x00, 0x21, 0x01, 0x00, 0x00, 
0x20, 0x01, 0x00, 0x00, 0x22, 0x01, 0x00, 0x00, 0x20, 0x40, 0x00, 0x00, 0xa0, 0x69, 0x02, 0x00, 
0x21, 0x40, 0x00, 0x00, 0xb0, 0x22, 0x00, 0x00, 0x22, 0x40, 0x00, 0x00, 0xe0, 0x65, 0x02, 0x00, 
0x26, 0x01, 0x00, 0x00, 0x17, 0x01, 0x5f, 0x00, 0x0d, 0x01, 0x0a, 0x00, 0x2d, 0x01, 0x0e, 0x00, 
0x2f, 0x01, 0x01, 0x00, 0x02, 0x00, 0x00, 0x00, 0x00, 0x40, 0x00, 0x00, 0x00, 0x51, 0x00, 0x00, 
0x10, 0x40, 0x00, 0x00, 0x40, 0x38, 0x00, 0x00, 0x15, 0x40, 0x00, 0x00, 0x80, 0x04, 0x00, 0x00, 
0x14, 0x01, 0x41, 0x81, 0x26, 0x01, 0x80, 0xff, 0x16, 0x01, 0x03, 0x00, 0x15, 0x01, 0x03, 0x00, 
0x17, 0x01, 0x7f, 0x00, 0x2d, 0x01, 0x1e, 0x00, 0x2f, 0x01, 0x00, 0x00, 0x05, 0x00, 0x01, 0x00, 
0x00, 0x40, 0x00, 0x00, 0x00, 0x36, 0x00, 0x00, 0x04, 0x01, 0xbf, 0x00, 0x05, 0x40, 0x00, 0x00, 
0x80, 0x04, 0x00, 0x00, 0x10, 0x40, 0x00, 0x00, 0x00, 0x51, 0x00, 0x00, 0x13, 0x01, 0xbf, 0x00, 
0x16, 0x40, 0x00, 0x00, 0x01, 0x00, 0x00, 0x00, 0x14, 0x40, 0x00, 0x00, 0xc0, 0x00, 0x00, 0x00, 
0x18, 0x01, 0xff, 0xff, 0x14, 0x01, 0x01, 0x00, 0x20, 0x40, 0x00, 0x00, 0xd0, 0x93, 0x02, 0x00, 
0x21, 0x40, 0x00, 0x00, 0xc0, 0x02, 0x00, 0x00, 0x22, 0x40, 0x00, 0x00, 0x50, 0x8c, 0x02, 0x00, 
0x23, 0x40, 0x00, 0x00, 0x80, 0x07, 0x00, 0x00, 0x16, 0x01, 0x05, 0x00, 0x15, 0x01, 0x05, 0x00, 
0x17, 0x01, 0x5f, 0x00, 0x2d, 0x01, 0x0e, 0x00, 0x2f, 0x01, 0x02, 0x00, 0x02, 0x00, 0x00, 0x00, 
0x30, 0x40, 0x00, 0x00, 0x00, 0x51, 0x00, 0x00, 0x31, 0x40, 0x00, 0x00, 0x00, 0x36, 0x00, 0x00, 
0x32, 0x40, 0x00, 0x00, 0x00, 0x1b, 0x00, 0x00, 0x12, 0x00, 0x00, 0x00, 0x10, 0x00, 0x00, 0x00, 
0x0b, 0x01, 0x23, 0x00, 0x0c, 0x01, 0x23, 0x00, 0x0a, 0x01, 0xbf, 0x00, 0x04, 0x01, 0x00, 0x00, 
0x06, 0x40, 0x00, 0x00, 0x01, 0x00, 0x00, 0x00, 0x05, 0x40, 0x00, 0x00, 0xc0, 0x00, 0x00, 0x00, 
0x04, 0x40, 0x00, 0x00, 0x01, 0x00, 0x00, 0x00, 0x05, 0x01, 0x01, 0x00, 0x10, 0x40, 0x00, 0x00, 
0x00, 0x6c, 0x00, 0x00, 0x1b, 0x01, 0x23, 0x00, 0x1c, 0x01, 0x23, 0x00, 0x1a, 0x01, 0xbf, 0x00, 
0x12, 0x01, 0x23, 0x00, 0x11, 0x01, 0xbf, 0x00, 0x13, 0x01, 0x00, 0x00, 0x15, 0x40, 0x00, 0x00, 
0x01, 0x00, 0x00, 0x00, 0x14, 0x40, 0x00, 0x00, 0x24, 0x00, 0x00, 0x00, 0x18, 0x01, 0x00, 0x00, 
0x14, 0x01, 0x01, 0x01, 0x16, 0x01, 0x07, 0x00, 0x15, 0x01, 0x37, 0x00, 0x17, 0x01, 0x07, 0x00, 
0x2f, 0x01, 0x03, 0x00, 0x11, 0x00, 0x00, 0x00, 0x05, 0x00, 0x01, 0x00, 0x00, 0x40, 0x00, 0x00, 
0x00, 0x6c, 0x00, 0x00, 0x0b, 0x01, 0x5f, 0x00, 0x0c, 0x01, 0x5f, 0x00, 0x0a, 0x01, 0x05, 0x00, 
0x04, 0x01, 0x05, 0x00, 0x05, 0x40, 0x00, 0x00, 0x24, 0x00, 0x00, 0x00, 0x04, 0x40, 0x00, 0x00, 
0x06, 0x00, 0x00, 0x00, 0x10, 0x40, 0x00, 0x00, 0x00, 0x36, 0x00, 0x00, 0x1b, 0x01, 0x5f, 0x00, 
0x1c, 0x01, 0x5f, 0x00, 0x1a, 0x01, 0x05, 0x00, 0x12, 0x01, 0x5f, 0x00, 0x11, 0x01, 0x05, 0x00, 
0x13, 0x01, 0x05, 0x00, 0x15, 0x40, 0x00, 0x00, 0x24, 0x00, 0x00, 0x00, 0x14, 0x40, 0x00, 0x00, 
0x06, 0x00, 0x00, 0x00, 0x16, 0x01, 0x09, 0x00, 0x15, 0x01, 0x01, 0x00, 0x2d, 0x01, 0x1e, 0x00, 
0x05, 0x00, 0x01, 0x00, 0x00, 0x40, 0x00, 0x00, 0x00, 0x36, 0x00, 0x00, 0x0a, 0x01, 0x23, 0x00, 
0x04, 0x01, 0x00, 0x00, 0x04, 0x40, 0x00, 0x00, 0x01, 0x00, 0x00, 0x00, 0x10, 0x40, 0x00, 0x00, 
0x00, 0x6c, 0x00, 0x00, 0x1a, 0x01, 0x23, 0x00, 0x11, 0x01, 0x23, 0x00, 0x13, 0x01, 0x00, 0x00, 
0x15, 0x40, 0x00, 0x00, 0x01, 0x00, 0x00, 0x00, 0x14, 0x40, 0x00, 0x00, 0x60, 0x00, 0x00, 0x00, 
0x16, 0x01, 0x07, 0x00, 0x15, 0x01, 0x1d, 0x00, 0x05, 0x00, 0x01, 0x00, 0x00, 0x40, 0x00, 0x00, 
0x00, 0x6c, 0x00, 0x00, 0x0b, 0x01, 0x05, 0x00, 0x0c, 0x01, 0x05, 0x00, 0x0a, 0x01, 0x05, 0x00, 
0x04, 0x01, 0x5f, 0x00, 0x05, 0x40, 0x00, 0x00, 0x40, 0x02, 0x00, 0x00, 0x04, 0x40, 0x00, 0x00, 
0x60, 0x00, 0x00, 0x00, 0x09, 0x01, 0xff, 0xff, 0x10, 0x40, 0x00, 0x00, 0x00, 0x36, 0x00, 0x00, 
0x1b, 0x01, 0x05, 0x00, 0x1c, 0x01, 0x05, 0x00, 0x1a, 0x01, 0x05, 0x00, 0x12, 0x01, 0x05, 0x00, 
0x11, 0x01, 0x05, 0x00, 0x13, 0x01, 0x5f, 0x00, 0x16, 0x40, 0x00, 0x00, 0x60, 0x00, 0x00, 0x00, 
0x15, 0x40, 0x00, 0x00, 0x80, 0x04, 0x00, 0x00, 0x14, 0x40, 0x00, 0x00, 0x10, 0x00, 0x00, 0x00, 
0x18, 0x01, 0xff, 0xff, 0x14, 0x01, 0x41, 0x81, 0x16, 0x01, 0x03, 0x00, 0x15, 0x01, 0x03, 0x00, 
0x17, 0x01, 0x7f, 0x00, 0x2f, 0x01, 0x01, 0x00, 0x05, 0x00, 0x01, 0x00, 0x31, 0x40, 0x00, 0x00, 
0x00, 0x6c, 0x00, 0x00, 0x12, 0x00, 0x00, 0x00, 0x10, 0x00, 0x00, 0x00, 0x0b, 0x01, 0x23, 0x00, 
0x0c, 0x01, 0x23, 0x00, 0x0a, 0x01, 0xbf, 0x00, 0x04, 0x01, 0x00, 0x00, 0x05, 0x40, 0x00, 0x00, 
0xc0, 0x00, 0x00, 0x00, 0x04, 0x40, 0x00, 0x00, 0x01, 0x00, 0x00, 0x00, 0x09, 0x01, 0x00, 0x00, 
0x10, 0x40, 0x00, 0x00, 0x00, 0x51, 0x00, 0x00, 0x1b, 0x01, 0x23, 0x00, 0x1c, 0x01, 0x23, 0x00, 
0x1a, 0x01, 0xbf, 0x00, 0x12, 0x01, 0x23, 0x00, 0x11, 0x01, 0xbf, 0x00, 0x13, 0x01, 0x00, 0x00, 
0x16, 0x40, 0x00, 0x00, 0x01, 0x00, 0x00, 0x00, 0x15, 0x40, 0x00, 0x00, 0x01, 0x00, 0x00, 0x00, 
0x14, 0x40, 0x00, 0x00, 0x24, 0x00, 0x00, 0x00, 0x18, 0x01, 0x00, 0x00, 0x14, 0x01, 0x01, 0x01, 
0x16, 0x01, 0x07, 0x00, 0x15, 0x01, 0x37, 0x00, 0x17, 0x01, 0x07, 0x00, 0x2d, 0x01, 0x0e, 0x00, 
0x24, 0x40, 0x20, 0x00, 0x01, 0x2b, 0xe9, 0xed, 0x2f, 0x01, 0x03, 0x00, 0x11, 0x00, 0x00, 0x00, 
0x05, 0x00, 0x01, 0x00, 0x00, 0x40, 0x00, 0x00, 0x80, 0x5e, 0x00, 0x00, 0x0b, 0x01, 0x5f, 0x00, 
0x0c, 0x01, 0x5f, 0x00, 0x0a, 0x01, 0x05, 0x00, 0x04, 0x01, 0x05, 0x00, 0x05, 0x40, 0x00, 0x00, 
0x24, 0x00, 0x00, 0x00, 0x04, 0x40, 0x00, 0x00, 0x06, 0x00, 0x00, 0x00, 0x10, 0x40, 0x00, 0x00, 
0x00, 0x6c, 0x00, 0x00, 0x1b, 0x01, 0x5f, 0x00, 0x1c, 0x01, 0x5f, 0x00, 0x1a, 0x01, 0x05, 0x00, 
0x12, 0x01, 0x5f, 0x00, 0x11, 0x01, 0x05, 0x00, 0x13, 0x01, 0x05, 0x00, 0x15, 0x40, 0x00, 0x00, 
0x24, 0x00, 0x00, 0x00, 0x14, 0x40, 0x00, 0x00, 0x06, 0x00, 0x00, 0x00, 0x16, 0x01, 0x09, 0x00, 
0x15, 0x01, 0x01, 0x00, 0x2d, 0x01, 0x1e, 0x00, 0x24, 0x40, 0x1f, 0x00, 0x01, 0x00, 0x00, 0x80, 
0x2f, 0x01, 0x02, 0x00, 0x05, 0x00, 0x01, 0x00, 0x00, 0x40, 0x00, 0x00, 0x00, 0x6c, 0x00, 0x00, 
0x0a, 0x01, 0x23, 0x00, 0x04, 0x01, 0x00, 0x00, 0x04, 0x40, 0x00, 0x00, 0x01, 0x00, 0x00, 0x00, 
0x10, 0x40, 0x00, 0x00, 0x00, 0x51, 0x00, 0x00, 0x1a, 0x01, 0x23, 0x00, 0x11, 0x01, 0x23, 0x00, 
0x13, 0x01, 0x00, 0x00, 0x15, 0x40, 0x00, 0x00, 0x01, 0x00, 0x00, 0x00, 0x14, 0x40, 0x00, 0x00, 
0x60, 0x00, 0x00, 0x00, 0x16, 0x01, 0x07, 0x00, 0x15, 0x01, 0x1d, 0x00, 0x2f, 0x01, 0x03, 0x00, 
0x05, 0x00, 0x01, 0x00, 0x00, 0x40, 0x00, 0x00, 0x00, 0x51, 0x00, 0x00, 0x0b, 0x01, 0x05, 0x00, 
0x0c, 0x01, 0x05, 0x00, 0x0a, 0x01, 0x05, 0x00, 0x04, 0x01, 0x5f, 0x00, 0x05, 0x40, 0x00, 0x00, 
0x40, 0x02, 0x00, 0x00, 0x04, 0x40, 0x00, 0x00, 0x60, 0x00, 0x00, 0x00, 0x10, 0x40, 0x00, 0x00, 
0x80, 0x5e, 0x00, 0x00, 0x1b, 0x01, 0x05, 0x00, 0x1c, 0x01, 0x05, 0x00, 0x1a, 0x01, 0x05, 0x00, 
0x12, 0x01, 0x05, 0x00, 0x11, 0x01, 0x05, 0x00, 0x13, 0x01, 0x5f, 0x00, 0x16, 0x40, 0x00, 0x00, 
0x60, 0x00, 0x00, 0x00, 0x15, 0x40, 0x00, 0x00, 0x40, 0x02, 0x00, 0x00, 0x14, 0x40, 0x00, 0x00, 
0x10, 0x00, 0x00, 0x00, 0x14, 0x01, 0x41, 0x00, 0x20, 0x40, 0x00, 0x00, 0x50, 0x9a, 0x02, 0x00, 
0x21, 0x40, 0x00, 0x00, 0x50, 0x22, 0x00, 0x00, 0x22, 0x40, 0x00, 0x00, 0x90, 0x96, 0x02, 0x00, 
0x23, 0x40, 0x00, 0x00, 0xc0, 0x03, 0x00, 0x00, 0x26, 0x01, 0x00, 0x00, 0x16, 0x01, 0x05, 0x00, 
0x15, 0x01, 0x05, 0x00, 0x17, 0x01, 0x5f, 0x00, 0x2d, 0x01, 0x0e, 0x00, 0x2f, 0x01, 0x00, 0x00, 
0x02, 0x00, 0x00, 0x00, 0x00, 0x40, 0x00, 0x00, 0x80, 0x5e, 0x00, 0x00, 0x06, 0x40, 0x00, 0x00, 
0x60, 0x00, 0x00, 0x00, 0x04, 0x40, 0x00, 0x00, 0x10, 0x00, 0x00, 0x00, 0x05, 0x01, 0x41, 0x00, 
0x00, 0x01, 0x01, 0x00, 0x01, 0x01, 0x01, 0x00, 0x03, 0x01, 0x01, 0x00, 0x02, 0x01, 0x01, 0x00, 
0x10, 0x40, 0x00, 0x00, 0x00, 0x51, 0x00, 0x00, 0x21, 0x01, 0x02, 0x00, 0x20, 0x01, 0x02, 0x00, 
0x20, 0x40, 0x00, 0x00, 0x60, 0xc0, 0x02, 0x00, 0x21, 0x40, 0x00, 0x00, 0xf0, 0x03, 0x00, 0x00, 
0x22, 0x40, 0x00, 0x00, 0xa0, 0xbc, 0x02, 0x00, 0x26, 0x01, 0x80, 0xff, 0x17, 0x01, 0x1f, 0x00, 
0x2d, 0x01, 0x1e, 0x00, 0x03, 0x00, 0x00, 0x00, 0x00, 0x40, 0x00, 0x00, 0x00, 0x51, 0x00, 0x00, 
0x00, 0x01, 0x00, 0x00, 0x01, 0x01, 0x00, 0x00, 0x03, 0x01, 0x00, 0x00, 0x02, 0x01, 0x00, 0x00, 
0x10, 0x40, 0x00, 0x00, 0x80, 0x5e, 0x00, 0x00, 0x18, 0x01, 0xff, 0xff, 0x21, 0x01, 0x00, 0x00, 
0x20, 0x01, 0x00, 0x00, 0x20, 0x40, 0x00, 0x00, 0x10, 0xc8, 0x02, 0x00, 0x21, 0x40, 0x00, 0x00, 
0x90, 0x21, 0x00, 0x00, 0x22, 0x40, 0x00, 0x00, 0x50, 0xc4, 0x02, 0x00, 0x26, 0x01, 0xff, 0xff, 
0x17, 0x01, 0x5f, 0x00, 0x2d, 0x01, 0x0e, 0x00, 0x2f, 0x01, 0x02, 0x00, 0x02, 0x00, 0x00, 0x00, 
0x00, 0x40, 0x00, 0x00, 0x80, 0x5e, 0x00, 0x00, 0x09, 0x01, 0xff, 0xff, 0x10, 0x40, 0x00, 0x00, 
0x40, 0x38, 0x00, 0x00, 0x15, 0x40, 0x00, 0x00, 0x80, 0x04, 0x00, 0x00, 0x14, 0x01, 0x41, 0x81, 
0x26, 0x01, 0x80, 0xff, 0x16, 0x01, 0x03, 0x00, 0x15, 0x01, 0x03, 0x00, 0x17, 0x01, 0x7f, 0x00, 
0x2d, 0x01, 0x1e, 0x00, 0x2f, 0x01, 0x00, 0x00, 0x05, 0x00, 0x01, 0x00, 0x00, 0x40, 0x00, 0x00, 
0x00, 0x36, 0x00, 0x00, 0x04, 0x01, 0xbf, 0x00, 0x05, 0x40, 0x00, 0x00, 0x80, 0x04, 0x00, 0x00, 
0x10, 0x40, 0x00, 0x00, 0x00, 0x51, 0x00, 0x00, 0x13, 0x01, 0xbf, 0x00, 0x16, 0x40, 0x00, 0x00, 
0x01, 0x00, 0x00, 0x00, 0x14, 0x40, 0x00, 0x00, 0xc0, 0x00, 0x00, 0x00, 0x18, 0x01, 0x00, 0x00, 
0x14, 0x01, 0x01, 0x00, 0x20, 0x40, 0x00, 0x00, 0x20, 0xf1, 0x02, 0x00, 0x21, 0x40, 0x00, 0x00, 
0xc0, 0x02, 0x00, 0x00, 0x22, 0x40, 0x00, 0x00, 0xa0, 0xe9, 0x02, 0x00, 0x23, 0x40, 0x00, 0x00, 
0x80, 0x07, 0x00, 0x00, 0x16, 0x01, 0x05, 0x00, 0x15, 0x01, 0x05, 0x00, 0x17, 0x01, 0x5f, 0x00, 
0x2d, 0x01, 0x0e, 0x00, 0x2f, 0x01, 0x02, 0x00, 0x02, 0x00, 0x00, 0x00, 0x31, 0x40, 0x00, 0x00, 
0x00, 0x36, 0x00, 0x00, 0x12, 0x00, 0x00, 0x00, 0x10, 0x00, 0x00, 0x00, 0x0b, 0x01, 0x23, 0x00, 
0x0c, 0x01, 0x23, 0x00, 0x0a, 0x01, 0xbf, 0x00, 0x04, 0x01, 0x00, 0x00, 0x06, 0x40, 0x00, 0x00, 
0x01, 0x00, 0x00, 0x00, 0x05, 0x40, 0x00, 0x00, 0xc0, 0x00, 0x00, 0x00, 0x04, 0x40, 0x00, 0x00, 
0x01, 0x00, 0x00, 0x00, 0x09, 0x01, 0x00, 0x00, 0x05, 0x01, 0x01, 0x00, 0x10, 0x40, 0x00, 0x00, 
0x00, 0x6c, 0x00, 0x00, 0x1b, 0x01, 0x23, 0x00, 0x1c, 0x01, 0x23, 0x00, 0x1a, 0x01, 0xbf, 0x00, 
0x12, 0x01, 0x23, 0x00, 0x11, 0x01, 0xbf, 0x00, 0x13, 0x01, 0x00, 0x00, 0x15, 0x40, 0x00, 0x00, 
0x01, 0x00, 0x00, 0x00, 0x14, 0x40, 0x00, 0x00, 0x24, 0x00, 0x00, 0x00, 0x14, 0x01, 0x01, 0x01, 
0x16, 0x01, 0x07, 0x00, 0x15, 0x01, 0x37, 0x00, 0x17, 0x01, 0x07, 0x00, 0x2f, 0x01, 0x03, 0x00, 
0x11, 0x00, 0x00, 0x00, 0x05, 0x00, 0x01, 0x00, 0x00, 0x40, 0x00, 0x00, 0x00, 0x6c, 0x00, 0x00, 
0x0b, 0x01, 0x5f, 0x00, 0x0c, 0x01, 0x5f, 0x00, 0x0a, 0x01, 0x05, 0x00, 0x04, 0x01, 0x05, 0x00, 
0x05, 0x40, 0x00, 0x00, 0x24, 0x00, 0x00, 0x00, 0x04, 0x40, 0x00, 0x00, 0x06, 0x00, 0x00, 0x00, 
0x10, 0x40, 0x00, 0x00, 0x00, 0x36, 0x00, 0x00, 0x1b, 0x01, 0x5f, 0x00, 0x1c, 0x01, 0x5f, 0x00, 
0x1a, 0x01, 0x05, 0x00, 0x12, 0x01, 0x5f, 0x00, 0x11, 0x01, 0x05, 0x00, 0x13, 0x01, 0x05, 0x00, 
0x15, 0x40, 0x00, 0x00, 0x24, 0x00, 0x00, 0x00, 0x14, 0x40, 0x00, 0x00, 0x06, 0x00, 0x00, 0x00, 
0x16, 0x01, 0x09, 0x00, 0x15, 0x01, 0x01, 0x00, 0x2d, 0x01, 0x1e, 0x00, 0x05, 0x00, 0x01, 0x00, 
0x00, 0x40, 0x00, 0x00, 0x00, 0x36, 0x00, 0x00, 0x0a, 0x01, 0x23, 0x00, 0x04, 0x01, 0x00, 0x00, 
0x04, 0x40, 0x00, 0x00, 0x01, 0x00, 0x00, 0x00, 0x10, 0x40, 0x00, 0x00, 0x00, 0x6c, 0x00, 0x00, 
0x1a, 0x01, 0x23, 0x00, 0x11, 0x01, 0x23, 0x00, 0x13, 0x01, 0x00, 0x00, 0x15, 0x40, 0x00, 0x00, 
0x01, 0x00, 0x00, 0x00, 0x14, 0x40, 0x00, 0x00, 0x60, 0x00, 0x00, 0x00, 0x16, 0x01, 0x07, 0x00, 
0x15, 0x01, 0x1d, 0x00, 0x05, 0x00, 0x01, 0x00, 0x00, 0x40, 0x00, 0x00, 0x00, 0x6c, 0x00, 0x00, 
0x0b, 0x01, 0x05, 0x00, 0x0c, 0x01, 0x05, 0x00, 0x0a, 0x01, 0x05, 0x00, 0x04, 0x01, 0x5f, 0x00, 
0x05, 0x40, 0x00, 0x00, 0x40, 0x02, 0x00, 0x00, 0x04, 0x40, 0x00, 0x00, 0x60, 0x00, 0x00, 0x00, 
0x10, 0x40, 0x00, 0x00, 0x00, 0x36, 0x00, 0x00, 0x1b, 0x01, 0x05, 0x00, 0x1c, 0x01, 0x05, 0x00, 
0x1a, 0x01, 0x05, 0x00, 0x12, 0x01, 0x05, 0x00, 0x11, 0x01, 0x05, 0x00, 0x13, 0x01, 0x5f, 0x00, 
0x16, 0x40, 0x00, 0x00, 0x60, 0x00, 0x00, 0x00, 0x15, 0x40, 0x00, 0x00, 0x80, 0x04, 0x00, 0x00, 
0x14, 0x40, 0x00, 0x00, 0x10, 0x00, 0x00, 0x00, 0x14, 0x01, 0x41, 0x81, 0x16, 0x01, 0x03, 0x00, 
0x15, 0x01, 0x03, 0x00, 0x17, 0x01, 0x7f, 0x00, 0x2f, 0x01, 0x01, 0x00, 0x05, 0x00, 0x01, 0x00, 
0x31, 0x40, 0x00, 0x00, 0x00, 0x6c, 0x00, 0x00, 0x12, 0x00, 0x00, 0x00, 0x10, 0x00, 0x00, 0x00, 
0x0b, 0x01, 0x23, 0x00, 0x0c, 0x01, 0x23, 0x00, 0x0a, 0x01, 0xbf, 0x00, 0x04, 0x01, 0x00, 0x00, 
0x05, 0x40, 0x00, 0x00, 0xc0, 0x00, 0x00, 0x00, 0x04, 0x40, 0x00, 0x00, 0x01, 0x00, 0x00, 0x00, 
0x10, 0x40, 0x00, 0x00, 0x00, 0x51, 0x00, 0x00, 0x1b, 0x01, 0x23, 0x00, 0x1c, 0x01, 0x23, 0x00, 
0x1a, 0x01, 0xbf, 0x00, 0x12, 0x01, 0x23, 0x00, 0x11, 0x01, 0xbf, 0x00, 0x13, 0x01, 0x00, 0x00, 
0x16, 0x40, 0x00, 0x00, 0x01, 0x00, 0x00, 0x00, 0x15, 0x40, 0x00, 0x00, 0x01, 0x00, 0x00, 0x00, 
0x14, 0x40, 0x00, 0x00, 0x24, 0x00, 0x00, 0x00, 0x14, 0x01, 0x01, 0x01, 0x16, 0x01, 0x07, 0x00, 
0x15, 0x01, 0x37, 0x00, 0x17, 0x01, 0x07, 0x00, 0x2d, 0x01, 0x0e, 0x00, 0x24, 0x40, 0x20, 0x00, 
0x01, 0x1d, 0x5b, 0xef, 0x2f, 0x01, 0x03, 0x00, 0x11, 0x00, 0x00, 0x00, 0x05, 0x00, 0x01, 0x00, 
0x00, 0x40, 0x00, 0x00, 0x80, 0x5e, 0x00, 0x00, 0x0b, 0x01, 0x5f, 0x00, 0x0c, 0x01, 0x5f, 0x00, 
0x0a, 0x01, 0x05, 0x00, 0x04, 0x01, 0x05, 0x00, 0x05, 0x40, 0x00, 0x00, 0x24, 0x00, 0x00, 0x00, 
0x04, 0x40, 0x00, 0x00, 0x06, 0x00, 0x00, 0x00, 0x10, 0x40, 0x00, 0x00, 0x00, 0x6c, 0x00, 0x00, 
0x1b, 0x01, 0x5f, 0x00, 0x1c, 0x01, 0x5f, 0x00, 0x1a, 0x01, 0x05, 0x00, 0x12, 0x01, 0x5f, 0x00, 
0x11, 0x01, 0x05, 0x00, 0x13, 0x01, 0x05, 0x00, 0x15, 0x40, 0x00, 0x00, 0x24, 0x00, 0x00, 0x00, 
0x14, 0x40, 0x00, 0x00, 0x06, 0x00, 0x00, 0x00, 0x16, 0x01, 0x09, 0x00, 0x15, 0x01, 0x01, 0x00, 
0x2d, 0x01, 0x1e, 0x00, 0x24, 0x40, 0x1f, 0x00, 0x01, 0x00, 0x00, 0x80, 0x2f, 0x01, 0x02, 0x00, 
0x05, 0x00, 0x01, 0x00, 0x00, 0x40, 0x00, 0x00, 0x00, 0x6c, 0x00, 0x00, 0x0a, 0x01, 0x23, 0x00, 
0x04, 0x01, 0x00, 0x00, 0x04, 0x40, 0x00, 0x00, 0x01, 0x00, 0x00, 0x00, 0x10, 0x40, 0x00, 0x00, 
0x00, 0x51, 0x00, 0x00, 0x1a, 0x01, 0x23, 0x00, 0x11, 0x01, 0x23, 0x00, 0x13, 0x01, 0x00, 0x00, 
0x15, 0x40, 0x00, 0x00, 0x01, 0x00, 0x00, 0x00, 0x14, 0x40, 0x00, 0x00, 0x60, 0x00, 0x00, 0x00, 
0x16, 0x01, 0x07, 0x00, 0x15, 0x01, 0x1d, 0x00, 0x2f, 0x01, 0x03, 0x00, 0x05, 0x00, 0x01, 0x00, 
0x00, 0x40, 0x00, 0x00, 0x00, 0x51, 0x00, 0x00, 0x0b, 0x01, 0x05, 0x00, 0x0c, 0x01, 0x05, 0x00, 
0x0a, 0x01, 0x05, 0x00, 0x04, 0x01, 0x5f, 0x00, 0x05, 0x40, 0x00, 0x00, 0x40, 0x02, 0x00, 0x00, 
0x04, 0x40, 0x00, 0x00, 0x60, 0x00, 0x00, 0x00, 0x09, 0x01, 0xff, 0xff, 0x10, 0x40, 0x00, 0x00, 
0x80, 0x5e, 0x00, 0x00, 0x1b, 0x01, 0x05, 0x00, 0x1c, 0x01, 0x05, 0x00, 0x1a, 0x01, 0x05, 0x00, 
0x12, 0x01, 0x05, 0x00, 0x11, 0x01, 0x05, 0x00, 0x13, 0x01, 0x5f, 0x00, 0x16, 0x40, 0x00, 0x00, 
0x60, 0x00, 0x00, 0x00, 0x15, 0x40, 0x00, 0x00, 0x40, 0x02, 0x00, 0x00, 0x14, 0x40, 0x00, 0x00, 
0x10, 0x00, 0x00, 0x00, 0x14, 0x01, 0x41, 0x00, 0x20, 0x40, 0x00, 0x00, 0xa0, 0xf7, 0x02, 0x00, 
0x21, 0x40, 0x00, 0x00, 0x40, 0x22, 0x00, 0x00, 0x22, 0x40, 0x00, 0x00, 0xe0, 0xf3, 0x02, 0x00, 
0x23, 0x40, 0x00, 0x00, 0xc0, 0x03, 0x00, 0x00, 0x26, 0x01, 0x00, 0x00, 0x16, 0x01, 0x05, 0x00, 
0x15, 0x01, 0x05, 0x00, 0x17, 0x01, 0x5f, 0x00, 0x2d, 0x01, 0x0e, 0x00, 0x2f, 0x01, 0x00, 0x00, 
0x02, 0x00, 0x00, 0x00, 0x00, 0x40, 0x00, 0x00, 0x80, 0x5e, 0x00, 0x00, 0x06, 0x40, 0x00, 0x00, 
0x60, 0x00, 0x00, 0x00, 0x04, 0x40, 0x00, 0x00, 0x10, 0x00, 0x00, 0x00, 0x09, 0x01, 0x00, 0x00, 
0x05, 0x01, 0x41, 0x00, 0x00, 0x01, 0x01, 0x00, 0x01, 0x01, 0x01, 0x00, 0x03, 0x01, 0x01, 0x00, 
0x02, 0x01, 0x01, 0x00, 0x10, 0x40, 0x00, 0x00, 0x00, 0x51, 0x00, 0x00, 0x21, 0x01, 0x02, 0x00, 
0x20, 0x01, 0x02, 0x00, 0x20, 0x40, 0x00, 0x00, 0xa0, 0x1d, 0x03, 0x00, 0x21, 0x40, 0x00, 0x00, 
0x00, 0x04, 0x00, 0x00, 0x22, 0x40, 0x00, 0x00, 0xe0, 0x19, 0x03, 0x00, 0x26, 0x01, 0x80, 0xff, 
0x17, 0x01, 0x1f, 0x00, 0x2d, 0x01, 0x1e, 0x00, 0x03, 0x00, 0x00, 0x00, 0x00, 0x40, 0x00, 0x00, 
0x00, 0x51, 0x00, 0x00, 0x00, 0x01, 0x00, 0x00, 0x01, 0x01, 0x00, 0x00, 0x03, 0x01, 0x00, 0x00, 
0x02, 0x01, 0x00, 0x00, 0x10, 0x40, 0x00, 0x00, 0x80, 0x5e, 0x00, 0x00, 0x21, 0x01, 0x00, 0x00, 
0x20, 0x01, 0x00, 0x00, 0x20, 0x40, 0x00, 0x00, 0x60, 0x25, 0x03, 0x00, 0x21, 0x40, 0x00, 0x00, 
0x50, 0x22, 0x00, 0x00, 0x22, 0x40, 0x00, 0x00, 0xa0, 0x21, 0x03, 0x00, 0x26, 0x01, 0x00, 0x00, 
0x17, 0x01, 0x5f, 0x00, 0x2d, 0x01, 0x0e, 0x00, 0x2f, 0x01, 0x02, 0x00, 0x02, 0x00, 0x00, 0x00, 
0x00, 0x40, 0x00, 0x00, 0x80, 0x5e, 0x00, 0x00, 0x10, 0x40, 0x00, 0x00, 0x40, 0x38, 0x00, 0x00, 
0x15, 0x40, 0x00, 0x00, 0x80, 0x04, 0x00, 0x00, 0x14, 0x01, 0x41, 0x81, 0x26, 0x01, 0x80, 0xff, 
0x16, 0x01, 0x03, 0x00, 0x15, 0x01, 0x03, 0x00, 0x17, 0x01, 0x7f, 0x00, 0x2d, 0x01, 0x1e, 0x00, 
0x2f, 0x01, 0x00, 0x00, 0x05, 0x00, 0x01, 0x00, 0x00, 0x40, 0x00, 0x00, 0x00, 0x36, 0x00, 0x00, 
0x04, 0x01, 0xbf, 0x00, 0x05, 0x40, 0x00, 0x00, 0x80, 0x04, 0x00, 0x00, 0x10, 0x40, 0x00, 0x00, 
0x00, 0x51, 0x00, 0x00, 0x13, 0x01, 0xbf, 0x00, 0x16, 0x40, 0x00, 0x00, 0x01, 0x00, 0x00, 0x00, 
0x14, 0x40, 0x00, 0x00, 0xc0, 0x00, 0x00, 0x00, 0x14, 0x01, 0x01, 0x00, 0x20, 0x40, 0x00, 0x00, 
0x30, 0x4f, 0x03, 0x00, 0x21, 0x40, 0x00, 0x00, 0xc0, 0x02, 0x00, 0x00, 0x22, 0x40, 0x00, 0x00, 
0xb0, 0x47, 0x03, 0x00, 0x23, 0x40, 0x00, 0x00, 0x80, 0x07, 0x00, 0x00, 0x16, 0x01, 0x05, 0x00, 
0x15, 0x01, 0x05, 0x00, 0x17, 0x01, 0x5f, 0x00, 0x2d, 0x01, 0x0e, 0x00, 0x2f, 0x01, 0x02, 0x00, 
0x02, 0x00, 0x00, 0x00, 0x31, 0x40, 0x00, 0x00, 0x00, 0x36, 0x00, 0x00, 0x12, 0x00, 0x00, 0x00, 
0x10, 0x00, 0x00, 0x00, 0x0b, 0x01, 0x23, 0x00, 0x0c, 0x01, 0x23, 0x00, 0x0a, 0x01, 0xbf, 0x00, 
0x04, 0x01, 0x00, 0x00, 0x06, 0x40, 0x00, 0x00, 0x01, 0x00, 0x00, 0x00, 0x05, 0x40, 0x00, 0x00, 
0xc0, 0x00, 0x00, 0x00, 0x04, 0x40, 0x00, 0x00, 0x01, 0x00, 0x00, 0x00, 0x05, 0x01, 0x01, 0x00, 
0x10, 0x40, 0x00, 0x00, 0x00, 0x6c, 0x00, 0x00, 0x1b, 0x01, 0x23, 0x00, 0x1c, 0x01, 0x23, 0x00, 
0x1a, 0x01, 0xbf, 0x00, 0x12, 0x01, 0x23, 0x00, 0x11, 0x01, 0xbf, 0x00, 0x13, 0x01, 0x00, 0x00, 
0x15, 0x40, 0x00, 0x00, 0x01, 0x00, 0x00, 0x00, 0x14, 0x40, 0x00, 0x00, 0x24, 0x00, 0x00, 0x00, 
0x14, 0x01, 0x01, 0x01, 0x16, 0x01, 0x07, 0x00, 0x15, 0x01, 0x37, 0x00, 0x17, 0x01, 0x07, 0x00, 
0x2f, 0x01, 0x03, 0x00, 0x11, 0x00, 0x00, 0x00, 0x05, 0x00, 0x01, 0x00, 0x00, 0x40, 0x00, 0x00, 
0x00, 0x6c, 0x00, 0x00, 0x0b, 0x01, 0x5f, 0x00, 0x0c, 0x01, 0x5f, 0x00, 0x0a, 0x01, 0x05, 0x00, 
0x04, 0x01, 0x05, 0x00, 0x05, 0x40, 0x00, 0x00, 0x24, 0x00, 0x00, 0x00, 0x04, 0x40, 0x00, 0x00, 
0x06, 0x00, 0x00, 0x00, 0x10, 0x40, 0x00, 0x00, 0x00, 0x36, 0x00, 0x00, 0x1b, 0x01, 0x5f, 0x00, 
0x1c, 0x01, 0x5f, 0x00, 0x1a, 0x01, 0x05, 0x00, 0x12, 0x01, 0x5f, 0x00, 0x11, 0x01, 0x05, 0x00, 
0x13, 0x01, 0x05, 0x00, 0x15, 0x40, 0x00, 0x00, 0x24, 0x00, 0x00, 0x00, 0x14, 0x40, 0x00, 0x00, 
0x06, 0x00, 0x00, 0x00, 0x16, 0x01, 0x09, 0x00, 0x15, 0x01, 0x01, 0x00, 0x2d, 0x01, 0x1e, 0x00, 
0x05, 0x00, 0x01, 0x00, 0x00, 0x40, 0x00, 0x00, 0x00, 0x36, 0x00, 0x00, 0x0a, 0x01, 0x23, 0x00, 
0x04, 0x01, 0x00, 0x00, 0x04, 0x40, 0x00, 0x00, 0x01, 0x00, 0x00, 0x00, 0x10, 0x40, 0x00, 0x00, 
0x00, 0x6c, 0x00, 0x00, 0x1a, 0x01, 0x23, 0x00, 0x11, 0x01, 0x23, 0x00, 0x13, 0x01, 0x00, 0x00, 
0x15, 0x40, 0x00, 0x00, 0x01, 0x00, 0x00, 0x00, 0x14, 0x40, 0x00, 0x00, 0x60, 0x00, 0x00, 0x00, 
0x16, 0x01, 0x07, 0x00, 0x15, 0x01, 0x1d, 0x00, 0x05, 0x00, 0x01, 0x00, 0x00, 0x40, 0x00, 0x00, 
0x00, 0x6c, 0x00, 0x00, 0x0b, 0x01, 0x05, 0x00, 0x0c, 0x01, 0x05, 0x00, 0x0a, 0x01, 0x05, 0x00, 
0x04, 0x01, 0x5f, 0x00, 0x05, 0x40, 0x00, 0x00, 0x40, 0x02, 0x00, 0x00, 0x04, 0x40, 0x00, 0x00, 
0x60, 0x00, 0x00, 0x00, 0x10, 0x40, 0x00, 0x00, 0x00, 0x36, 0x00, 0x00, 0x1b, 0x01, 0x05, 0x00, 
0x1c, 0x01, 0x05, 0x00, 0x1a, 0x01, 0x05, 0x00, 0x12, 0x01, 0x05, 0x00, 0x11, 0x01, 0x05, 0x00, 
0x13, 0x01, 0x5f, 0x00, 0x15, 0x40, 0x00, 0x00, 0x80, 0x04, 0x00, 0x00, 0x14, 0x40, 0x00, 0x00, 
0xc0, 0x00, 0x00, 0x00, 0x14, 0x01, 0x01, 0x81, 0x16, 0x01, 0x03, 0x00, 0x15, 0x01, 0x03, 0x00, 
0x17, 0x01, 0x7f, 0x00, 0x2f, 0x01, 0x01, 0x00, 0x05, 0x00, 0x01, 0x00, 0x31, 0x40, 0x00, 0x00, 
0x00, 0x6c, 0x00, 0x00, 0x12, 0x00, 0x00, 0x00, 0x10, 0x00, 0x00, 0x00, 0x0b, 0x01, 0x23, 0x00, 
0x0c, 0x01, 0x23, 0x00, 0x0a, 0x01, 0xbf, 0x00, 0x04, 0x01, 0x00, 0x00, 0x05, 0x40, 0x00, 0x00, 
0xc0, 0x00, 0x00, 0x00, 0x04, 0x40, 0x00, 0x00, 0x01, 0x00, 0x00, 0x00, 0x10, 0x40, 0x00, 0x00, 
0x00, 0x51, 0x00, 0x00, 0x1b, 0x01, 0x23, 0x00, 0x1c, 0x01, 0x23, 0x00, 0x1a, 0x01, 0xbf, 0x00, 
0x12, 0x01, 0x23, 0x00, 0x11, 0x01, 0xbf, 0x00, 0x13, 0x01, 0x00, 0x00, 0x15, 0x40, 0x00, 0x00, 
0x01, 0x00, 0x00, 0x00, 0x14, 0x40, 0x00, 0x00, 0x24, 0x00, 0x00, 0x00, 0x14, 0x01, 0x01, 0x01, 
0x16, 0x01, 0x07, 0x00, 0x15, 0x01, 0x37, 0x00, 0x17, 0x01, 0x07, 0x00, 0x2d, 0x01, 0x0e, 0x00, 
0x24, 0x40, 0x1c, 0x00, 0x62, 0xec, 0x91, 0x1b, 0x2f, 0x01, 0x03, 0x00, 0x11, 0x00, 0x00, 0x00, 
0x05, 0x00, 0x01, 0x00, 0x00, 0x40, 0x00, 0x00, 0x80, 0x5e, 0x00, 0x00, 0x0b, 0x01, 0x5f, 0x00, 
0x0c, 0x01, 0x5f, 0x00, 0x0a, 0x01, 0x05, 0x00, 0x04, 0x01, 0x05, 0x00, 0x05, 0x40, 0x00, 0x00, 
0x24, 0x00, 0x00, 0x00, 0x04, 0x40, 0x00, 0x00, 0x06, 0x00, 0x00, 0x00, 0x10, 0x40, 0x00, 0x00, 
0x00, 0x6c, 0x00, 0x00, 0x1b, 0x01, 0x5f, 0x00, 0x1c, 0x01, 0x5f, 0x00, 0x1a, 0x01, 0x05, 0x00, 
0x12, 0x01, 0x5f, 0x00, 0x11, 0x01, 0x05, 0x00, 0x13, 0x01, 0x05, 0x00, 0x15, 0x40, 0x00, 0x00, 
0x24, 0x00, 0x00, 0x00, 0x14, 0x40, 0x00, 0x00, 0x06, 0x00, 0x00, 0x00, 0x16, 0x01, 0x09, 0x00, 
0x15, 0x01, 0x01, 0x00, 0x2d, 0x01, 0x1e, 0x00, 0x24, 0x40, 0x1f, 0x00, 0x01, 0x00, 0x00, 0x80, 
0x2f, 0x01, 0x02, 0x00, 0x05, 0x00, 0x01, 0x00, 0x00, 0x40, 0x00, 0x00, 0x00, 0x6c, 0x00, 0x00, 
0x0a, 0x01, 0x23, 0x00, 0x04, 0x01, 0x00, 0x00, 0x04, 0x40, 0x00, 0x00, 0x01, 0x00, 0x00, 0x00, 
0x10, 0x40, 0x00, 0x00, 0x00, 0x51, 0x00, 0x00, 0x1a, 0x01, 0x23, 0x00, 0x11, 0x01, 0x23, 0x00, 
0x13, 0x01, 0x00, 0x00, 0x15, 0x40, 0x00, 0x00, 0x01, 0x00, 0x00, 0x00, 0x14, 0x40, 0x00, 0x00, 
0x60, 0x00, 0x00, 0x00, 0x16, 0x01, 0x07, 0x00, 0x15, 0x01, 0x1d, 0x00, 0x2f, 0x01, 0x03, 0x00, 
0x05, 0x00, 0x01, 0x00, 0x00, 0x40, 0x00, 0x00, 0x00, 0x51, 0x00, 0x00, 0x0b, 0x01, 0x05, 0x00, 
0x0c, 0x01, 0x05, 0x00, 0x0a, 0x01, 0x05, 0x00, 0x04, 0x01, 0x5f, 0x00, 0x05, 0x40, 0x00, 0x00, 
0x40, 0x02, 0x00, 0x00, 0x04, 0x40, 0x00, 0x00, 0x60, 0x00, 0x00, 0x00, 0x10, 0x40, 0x00, 0x00, 
0x80, 0x5e, 0x00, 0x00, 0x1b, 0x01, 0x05, 0x00, 0x1c, 0x01, 0x05, 0x00, 0x1a, 0x01, 0x05, 0x00, 
0x12, 0x01, 0x05, 0x00, 0x11, 0x01, 0x05, 0x00, 0x13, 0x01, 0x5f, 0x00, 0x16, 0x40, 0x00, 0x00, 
0x60, 0x00, 0x00, 0x00, 0x15, 0x40, 0x00, 0x00, 0x40, 0x02, 0x00, 0x00, 0x14, 0x40, 0x00, 0x00, 
0x10, 0x00, 0x00, 0x00, 0x14, 0x01, 0x41, 0x00, 0x20, 0x40, 0x00, 0x00, 0xb0, 0x55, 0x03, 0x00, 
0x21, 0x40, 0x00, 0x00, 0x60, 0x22, 0x00, 0x00, 0x22, 0x40, 0x00, 0x00, 0xf0, 0x51, 0x03, 0x00, 
0x23, 0x40, 0x00, 0x00, 0xc0, 0x03, 0x00, 0x00, 0x26, 0x01, 0x00, 0x00, 0x16, 0x01, 0x05, 0x00, 
0x15, 0x01, 0x05, 0x00, 0x17, 0x01, 0x5f, 0x00, 0x2d, 0x01, 0x0e, 0x00, 0x2f, 0x01, 0x00, 0x00, 
0x02, 0x00, 0x00, 0x00, 0x00, 0x40, 0x00, 0x00, 0x80, 0x5e, 0x00, 0x00, 0x06, 0x40, 0x00, 0x00, 
0x60, 0x00, 0x00, 0x00, 0x04, 0x40, 0x00, 0x00, 0x10, 0x00, 0x00, 0x00, 0x05, 0x01, 0x41, 0x00, 
0x00, 0x01, 0x01, 0x00, 0x01, 0x01, 0x01, 0x00, 0x03, 0x01, 0x01, 0x00, 0x02, 0x01, 0x01, 0x00, 
0x10, 0x40, 0x00, 0x00, 0x00, 0x51, 0x00, 0x00, 0x18, 0x01, 0xff, 0xff, 0x21, 0x01, 0x02, 0x00, 
0x20, 0x01, 0x02, 0x00, 0x20, 0x40, 0x00, 0x00, 0xd0, 0x7b, 0x03, 0x00, 0x21, 0x40, 0x00, 0x00, 
0x00, 0x04, 0x00, 0x00, 0x22, 0x40, 0x00, 0x00, 0x10, 0x78, 0x03, 0x00, 0x26, 0x01, 0x80, 0xff, 
0x17, 0x01, 0x1f, 0x00, 0x2d, 0x01, 0x1e, 0x00, 0x03, 0x00, 0x00, 0x00, 0x00, 0x40, 0x00, 0x00, 
0x00, 0x51, 0x00, 0x00, 0x09, 0x01, 0xff, 0xff, 0x00, 0x01, 0x00, 0x00, 0x01, 0x01, 0x00, 0x00, 
0x03, 0x01, 0x00, 0x00, 0x02, 0x01, 0x00, 0x00, 0x10, 0x40, 0x00, 0x00, 0x80, 0x5e, 0x00, 0x00, 
0x18, 0x01, 0x00, 0x00, 0x21, 0x01, 0x00, 0x00, 0x20, 0x01, 0x00, 0x00, 0x20, 0x40, 0x00, 0x00, 
0x90, 0x83, 0x03, 0x00, 0x21, 0x40, 0x00, 0x00, 0xd0, 0x21, 0x00, 0x00, 0x22, 0x40, 0x00, 0x00, 
0xd0, 0x7f, 0x03, 0x00, 0x26, 0x01, 0x00, 0x00, 0x17, 0x01, 0x5f, 0x00, 0x2d, 0x01, 0x0e, 0x00, 
0x2f, 0x01, 0x02, 0x00, 0x02, 0x00, 0x00, 0x00, 0x00, 0x40, 0x00, 0x00, 0x80, 0x5e, 0x00, 0x00, 
0x09, 0x01, 0x00, 0x00, 0x10, 0x40, 0x00, 0x00, 0x60, 0x36, 0x00, 0x00, 0x16, 0x40, 0x00, 0x00, 
0x01, 0x00, 0x00, 0x00, 0x15, 0x40, 0x00, 0x00, 0x80, 0x04, 0x00, 0x00, 0x14, 0x40, 0x00, 0x00, 
0xc0, 0x00, 0x00, 0x00, 0x14, 0x01, 0x01, 0x81, 0x26, 0x01, 0x80, 0xff, 0x16, 0x01, 0x03, 0x00, 
0x15, 0x01, 0x03, 0x00, 0x17, 0x01, 0x7f, 0x00, 0x2d, 0x01, 0x1e, 0x00, 0x2f, 0x01, 0x00, 0x00, 
0x05, 0x00, 0x01, 0x00, 0x00, 0x40, 0x00, 0x00, 0x00, 0x36, 0x00, 0x00, 0x04, 0x01, 0xbf, 0x00, 
0x06, 0x40, 0x00, 0x00, 0x01, 0x00, 0x00, 0x00, 0x05, 0x40, 0x00, 0x00, 0x80, 0x04, 0x00, 0x00, 
0x04, 0x40, 0x00, 0x00, 0xc0, 0x00, 0x00, 0x00, 0x05, 0x01, 0x01, 0x00, 0x10, 0x40, 0x00, 0x00, 
0x00, 0x51, 0x00, 0x00, 0x13, 0x01, 0x47, 0x00, 0x16, 0x40, 0x00, 0x00, 0x60, 0x00, 0x00, 0x00, 
0x15, 0x40, 0x00, 0x00, 0xe0, 0x01, 0x00, 0x00, 0x14, 0x40, 0x00, 0x00, 0x10, 0x00, 0x00, 0x00, 
0x14, 0x01, 0x41, 0x00, 0x20, 0x40, 0x00, 0x00, 0x30, 0xa8, 0x03, 0x00, 0x21, 0x40, 0x00, 0x00, 
0x10, 0x36, 0x00, 0x00, 0x22, 0x40, 0x00, 0x00, 0x60, 0xa5, 0x03, 0x00, 0x23, 0x40, 0x00, 0x00, 
0xd0, 0x02, 0x00, 0x00, 0x26, 0x01, 0x00, 0x00, 0x16, 0x01, 0x05, 0x00, 0x15, 0x01, 0x05, 0x00, 
0x17, 0x01, 0x47, 0x00, 0x2d, 0x01, 0x0e, 0x00, 0x02, 0x00, 0x00, 0x00, 0x00, 0x40, 0x00, 0x00, 
0x00, 0x51, 0x00, 0x00, 0x04, 0x01, 0x47, 0x00, 0x06, 0x40, 0x00, 0x00, 0x60, 0x00, 0x00, 0x00, 
0x05, 0x40, 0x00, 0x00, 0xe0, 0x01, 0x00, 0x00, 0x04, 0x40, 0x00, 0x00, 0x10, 0x00, 0x00, 0x00, 
0x05, 0x01, 0x41, 0x00, 0x00, 0x01, 0x02, 0x00, 0x01, 0x01, 0x02, 0x00, 0x03, 0x01, 0x02, 0x00, 
0x02, 0x01, 0x02, 0x00, 0x10, 0x40, 0x00, 0x00, 0x40, 0x5c, 0x00, 0x00, 0x21, 0x01, 0x04, 0x00, 
0x20, 0x01, 0x04, 0x00, 0x20, 0x40, 0x00, 0x00, 0x10, 0xe1, 0x03, 0x00, 0x21, 0x40, 0x00, 0x00, 
0x10, 0x08, 0x00, 0x00, 0x22, 0x40, 0x00, 0x00, 0x40, 0xde, 0x03, 0x00, 0x17, 0x01, 0x0f, 0x00, 
0x2d, 0x01, 0x1e, 0x00, 0x03, 0x00, 0x00, 0x00, 0x00, 0x40, 0x00, 0x00, 0x40, 0x5c, 0x00, 0x00, 
0x00, 0x01, 0x00, 0x00, 0x01, 0x01, 0x00, 0x00, 0x03, 0x01, 0x00, 0x00, 0x02, 0x01, 0x00, 0x00, 
0x10, 0x40, 0x00, 0x00, 0x80, 0x67, 0x00, 0x00, 0x21, 0x01, 0x00, 0x00, 0x20, 0x01, 0x00, 0x00, 
0x20, 0x40, 0x00, 0x00, 0xf0, 0xeb, 0x03, 0x00, 0x21, 0x40, 0x00, 0x00, 0xd0, 0x17, 0x00, 0x00, 
0x22, 0x40, 0x00, 0x00, 0x20, 0xe9, 0x03, 0x00, 0x26, 0x01, 0x80, 0xff, 0x17, 0x01, 0x47, 0x00, 
0x2d, 0x01, 0x0e, 0x00, 0x2f, 0x01, 0x02, 0x00, 0x02, 0x00, 0x00, 0x00, 0x00, 0x40, 0x00, 0x00, 
0x80, 0x67, 0x00, 0x00, 0x00, 0x01, 0x02, 0x00, 0x01, 0x01, 0x02, 0x00, 0x03, 0x01, 0x02, 0x00, 
0x02, 0x01, 0x02, 0x00, 0x10, 0x40, 0x00, 0x00, 0x40, 0x5c, 0x00, 0x00, 0x21, 0x01, 0x04, 0x00, 
0x20, 0x01, 0x04, 0x00, 0x20, 0x40, 0x00, 0x00, 0x90, 0x06, 0x04, 0x00, 0x21, 0x40, 0x00, 0x00, 
0x10, 0x08, 0x00, 0x00, 0x22, 0x40, 0x00, 0x00, 0xc0, 0x03, 0x04, 0x00, 0x26, 0x01, 0x00, 0x00, 
0x17, 0x01, 0x0f, 0x00, 0x2d, 0x01, 0x1e, 0x00, 0x2f, 0x01, 0x00, 0x00, 0x03, 0x00, 0x00, 0x00, 
0x00, 0x40, 0x00, 0x00, 0x40, 0x5c, 0x00, 0x00, 0x00, 0x01, 0x00, 0x00, 0x01, 0x01, 0x00, 0x00, 
0x03, 0x01, 0x00, 0x00, 0x02, 0x01, 0x00, 0x00, 0x10, 0x40, 0x00, 0x00, 0x80, 0x67, 0x00, 0x00, 
0x21, 0x01, 0x00, 0x00, 0x20, 0x01, 0x00, 0x00, 0x20, 0x40, 0x00, 0x00, 0x70, 0x11, 0x04, 0x00, 
0x21, 0x40, 0x00, 0x00, 0xd0, 0x17, 0x00, 0x00, 0x22, 0x40, 0x00, 0x00, 0xa0, 0x0e, 0x04, 0x00, 
0x26, 0x01, 0x80, 0xff, 0x17, 0x01, 0x47, 0x00, 0x2d, 0x01, 0x0e, 0x00, 0x2f, 0x01, 0x02, 0x00, 
0x02, 0x00, 0x00, 0x00, 0x00, 0x40, 0x00, 0x00, 0x80, 0x67, 0x00, 0x00, 0x10, 0x40, 0x00, 0x00, 
0xf0, 0x5d, 0x00, 0x00, 0x13, 0x01, 0x0b, 0x00, 0x16, 0x40, 0x00, 0x00, 0x01, 0x00, 0x00, 0x00, 
0x15, 0x40, 0x00, 0x00, 0x48, 0x00, 0x00, 0x00, 0x14, 0x40, 0x00, 0x00, 0x0c, 0x00, 0x00, 0x00, 
0x14, 0x01, 0x01, 0x00, 0x20, 0x40, 0x00, 0x00, 0xc0, 0x29, 0x04, 0x00, 0x21, 0x40, 0x00, 0x00, 
0x20, 0x04, 0x00, 0x00, 0x22, 0x40, 0x00, 0x00, 0x40, 0x29, 0x04, 0x00, 0x23, 0x40, 0x00, 0x00, 
0x80, 0x00, 0x00, 0x00, 0x17, 0x01, 0x0f, 0x00, 0x2d, 0x01, 0x1e, 0x00, 0x2f, 0x01, 0x00, 0x00, 
0x02, 0x00, 0x00, 0x00, 0x00, 0x40, 0x00, 0x00, 0xf0, 0x5d, 0x00, 0x00, 0x0b, 0x01, 0x23, 0x00, 
0x0c, 0x01, 0x23, 0x00, 0x0a, 0x01, 0x0b, 0x00, 0x04, 0x01, 0x00, 0x00, 0x06, 0x40, 0x00, 0x00, 
0x01, 0x00, 0x00, 0x00, 0x05, 0x40, 0x00, 0x00, 0x0c, 0x00, 0x00, 0x00, 0x04, 0x40, 0x00, 0x00, 
0x01, 0x00, 0x00, 0x00, 0x05, 0x01, 0x01, 0x00, 0x10, 0x40, 0x00, 0x00, 0x40, 0x5c, 0x00, 0x00, 
0x1b, 0x01, 0x23, 0x00, 0x1c, 0x01, 0x23, 0x00, 0x1a, 0x01, 0x0b, 0x00, 0x12, 0x01, 0x23, 0x00, 
0x11, 0x01, 0x0b, 0x00, 0x13, 0x01, 0x00, 0x00, 0x15, 0x40, 0x00, 0x00, 0x01, 0x00, 0x00, 0x00, 
0x14, 0x40, 0x00, 0x00, 0x24, 0x00, 0x00, 0x00, 0x14, 0x01, 0x01, 0x01, 0x16, 0x01, 0x03, 0x00, 
0x15, 0x01, 0x09, 0x00, 0x17, 0x01, 0x07, 0x00, 0x05, 0x00, 0x01, 0x00, 0x00, 0x40, 0x00, 0x00, 
0x00, 0x51, 0x00, 0x00, 0x0b, 0x01, 0x05, 0x00, 0x0c, 0x01, 0x05, 0x00, 0x0a, 0x01, 0x05, 0x00, 
0x04, 0x01, 0x47, 0x00, 0x06, 0x40, 0x00, 0x00, 0x60, 0x00, 0x00, 0x00, 0x05, 0x40, 0x00, 0x00, 
0xe0, 0x01, 0x00, 0x00, 0x04, 0x40, 0x00, 0x00, 0x10, 0x00, 0x00, 0x00, 0x05, 0x01, 0x41, 0x00, 
0x00, 0x01, 0x02, 0x00, 0x01, 0x01, 0x02, 0x00, 0x03, 0x01, 0x02, 0x00, 0x02, 0x01, 0x02, 0x00, 
0x10, 0x40, 0x00, 0x00, 0xf0, 0x5d, 0x00, 0x00, 0x1b, 0x01, 0x05, 0x00, 0x1c, 0x01, 0x05, 0x00, 
0x1a, 0x01, 0x05, 0x00, 0x12, 0x01, 0x05, 0x00, 0x11, 0x01, 0x05, 0x00, 0x13, 0x01, 0x47, 0x00, 
0x16, 0x40, 0x00, 0x00, 0x60, 0x00, 0x00, 0x00, 0x15, 0x40, 0x00, 0x00, 0xe0, 0x01, 0x00, 0x00, 
0x14, 0x40, 0x00, 0x00, 0x10, 0x00, 0x00, 0x00, 0x14, 0x01, 0x41, 0x00, 0x21, 0x01, 0x04, 0x00, 
0x20, 0x01, 0x04, 0x00, 0x20, 0x40, 0x00, 0x00, 0xb0, 0x30, 0x04, 0x00, 0x21, 0x40, 0x00, 0x00, 
0x00, 0x08, 0x00, 0x00, 0x22, 0x40, 0x00, 0x00, 0xe0, 0x2d, 0x04, 0x00, 0x23, 0x40, 0x00, 0x00, 
0xd0, 0x02, 0x00, 0x00, 0x26, 0x01, 0x00, 0x00, 0x16, 0x01, 0x05, 0x00, 0x15, 0x01, 0x05, 0x00, 
0x17, 0x01, 0x0f, 0x00, 0x2f, 0x01, 0x03, 0x00, 0x03, 0x00, 0x00, 0x00, 0x00, 0x40, 0x00, 0x00, 
0xf0, 0x5d, 0x00, 0x00, 0x00, 0x01, 0x00, 0x00, 0x01, 0x01, 0x00, 0x00, 0x03, 0x01, 0x00, 0x00, 
0x02, 0x01, 0x00, 0x00, 0x10, 0x40, 0x00, 0x00, 0x00, 0x51, 0x00, 0x00, 0x21, 0x01, 0x00, 0x00, 
0x20, 0x01, 0x00, 0x00, 0x20, 0x40, 0x00, 0x00, 0x80, 0x3b, 0x04, 0x00, 0x21, 0x40, 0x00, 0x00, 
0xc0, 0x17, 0x00, 0x00, 0x22, 0x40, 0x00, 0x00, 0xb0, 0x38, 0x04, 0x00, 0x26, 0x01, 0x80, 0xff, 
0x17, 0x01, 0x47, 0x00, 0x2d, 0x01, 0x0e, 0x00, 0x2f, 0x01, 0x02, 0x00, 0x02, 0x00, 0x00, 0x00, 
0x00, 0x40, 0x00, 0x00, 0x00, 0x51, 0x00, 0x00, 0x00, 0x01, 0x02, 0x00, 0x01, 0x01, 0x02, 0x00, 
0x03, 0x01, 0x02, 0x00, 0x02, 0x01, 0x02, 0x00, 0x10, 0x40, 0x00, 0x00, 0xf0, 0x5d, 0x00, 0x00, 
0x21, 0x01, 0x04, 0x00, 0x20, 0x01, 0x04, 0x00, 0x20, 0x40, 0x00, 0x00, 0x10, 0x56, 0x04, 0x00, 
0x21, 0x40, 0x00, 0x00, 0x10, 0x08, 0x00, 0x00, 0x22, 0x40, 0x00, 0x00, 0x40, 0x53, 0x04, 0x00, 
0x26, 0x01, 0x00, 0x00, 0x17, 0x01, 0x0f, 0x00, 0x2d, 0x01, 0x1e, 0x00, 0x2f, 0x01, 0x00, 0x00, 
0x03, 0x00, 0x00, 0x00, 0x00, 0x40, 0x00, 0x00, 0xf0, 0x5d, 0x00, 0x00, 0x00, 0x01, 0x00, 0x00, 
0x01, 0x01, 0x00, 0x00, 0x03, 0x01, 0x00, 0x00, 0x02, 0x01, 0x00, 0x00, 0x10, 0x40, 0x00, 0x00, 
0x00, 0x51, 0x00, 0x00, 0x21, 0x01, 0x00, 0x00, 0x20, 0x01, 0x00, 0x00, 0x20, 0x40, 0x00, 0x00, 
0xf0, 0x60, 0x04, 0x00, 0x21, 0x40, 0x00, 0x00, 0xc0, 0x17, 0x00, 0x00, 0x22, 0x40, 0x00, 0x00, 
0x20, 0x5e, 0x04, 0x00, 0x26, 0x01, 0x80, 0xff, 0x17, 0x01, 0x47, 0x00, 0x2d, 0x01, 0x0e, 0x00, 
0x2f, 0x01, 0x02, 0x00, 0x02, 0x00, 0x00, 0x00, 0x00, 0x40, 0x00, 0x00, 0x00, 0x51, 0x00, 0x00, 
0x10, 0x40, 0x00, 0x00, 0x60, 0x5e, 0x00, 0x00, 0x13, 0x01, 0x02, 0x00, 0x16, 0x40, 0x00, 0x00, 
0x01, 0x00, 0x00, 0x00, 0x15, 0x40, 0x00, 0x00, 0x12, 0x00, 0x00, 0x00, 0x14, 0x40, 0x00, 0x00, 
0x03, 0x00, 0x00, 0x00, 0x14, 0x01, 0x01, 0x00, 0x20, 0x40, 0x00, 0x00, 0xd0, 0x78, 0x04, 0x00, 
0x21, 0x40, 0x00, 0x00, 0x30, 0x01, 0x00, 0x00, 0x22, 0x40, 0x00, 0x00, 0xb0, 0x78, 0x04, 0x00, 
0x23, 0x40, 0x00, 0x00, 0x20, 0x00, 0x00, 0x00, 0x17, 0x01, 0x07, 0x00, 0x2d, 0x01, 0x1e, 0x00, 
0x2f, 0x01, 0x00, 0x00, 0x02, 0x00, 0x00, 0x00, 0x00, 0x40, 0x00, 0x00, 0x60, 0x5e, 0x00, 0x00, 
0x0b, 0x01, 0x23, 0x00, 0x0c, 0x01, 0x23, 0x00, 0x0a, 0x01, 0x02, 0x00, 0x04, 0x01, 0x00, 0x00, 
0x06, 0x40, 0x00, 0x00, 0x01, 0x00, 0x00, 0x00, 0x05, 0x40, 0x00, 0x00, 0x03, 0x00, 0x00, 0x00, 
0x04, 0x40, 0x00, 0x00, 0x01, 0x00, 0x00, 0x00, 0x05, 0x01, 0x01, 0x00, 0x10, 0x40, 0x00, 0x00, 
0xf0, 0x5d, 0x00, 0x00, 0x1b, 0x01, 0x23, 0x00, 0x1c, 0x01, 0x23, 0x00, 0x1a, 0x01, 0x02, 0x00, 
0x12, 0x01, 0x23, 0x00, 0x11, 0x01, 0x02, 0x00, 0x13, 0x01, 0x00, 0x00, 0x15, 0x40, 0x00, 0x00, 
0x01, 0x00, 0x00, 0x00, 0x14, 0x40, 0x00, 0x00, 0x24, 0x00, 0x00, 0x00, 0x14, 0x01, 0x01, 0x01, 
0x16, 0x01, 0x19, 0x00, 0x15, 0x01, 0x01, 0x00, 0x05, 0x00, 0x01, 0x00, 0x00, 0x40, 0x00, 0x00, 
0x00, 0x51, 0x00, 0x00, 0x0b, 0x01, 0x05, 0x00, 0x0c, 0x01, 0x05, 0x00, 0x0a, 0x01, 0x05, 0x00, 
0x04, 0x01, 0x47, 0x00, 0x06, 0x40, 0x00, 0x00, 0x60, 0x00, 0x00, 0x00, 0x05, 0x40, 0x00, 0x00, 
0xe0, 0x01, 0x00, 0x00, 0x04, 0x40, 0x00, 0x00, 0x10, 0x00, 0x00, 0x00, 0x05, 0x01, 0x41, 0x00, 
0x10, 0x40, 0x00, 0x00, 0x60, 0x5e, 0x00, 0x00, 0x1b, 0x01, 0x05, 0x00, 0x1c, 0x01, 0x05, 0x00, 
0x1a, 0x01, 0x05, 0x00, 0x12, 0x01, 0x05, 0x00, 0x11, 0x01, 0x05, 0x00, 0x13, 0x01, 0x03, 0x00, 
0x15, 0x40, 0x00, 0x00, 0x18, 0x00, 0x00, 0x00, 0x14, 0x40, 0x00, 0x00, 0x04, 0x00, 0x00, 0x00, 
0x14, 0x01, 0x01, 0x00, 0x20, 0x40, 0x00, 0x00, 0x30, 0x7a, 0x04, 0x00, 0x21, 0x40, 0x00, 0x00, 
0x80, 0x01, 0x00, 0x00, 0x22, 0x40, 0x00, 0x00, 0x00, 0x7a, 0x04, 0x00, 0x23, 0x40, 0x00, 0x00, 
0x30, 0x00, 0x00, 0x00, 0x16, 0x01, 0x05, 0x00, 0x15, 0x01, 0x05, 0x00, 0x2f, 0x01, 0x03, 0x00, 
0x02, 0x00, 0x00, 0x00, 0x00, 0x40, 0x00, 0x00, 0x60, 0x5e, 0x00, 0x00, 0x0b, 0x01, 0x23, 0x00, 
0x0c, 0x01, 0x23, 0x00, 0x0a, 0x01, 0x03, 0x00, 0x04, 0x01, 0x00, 0x00, 0x06, 0x40, 0x00, 0x00, 
0x01, 0x00, 0x00, 0x00, 0x05, 0x40, 0x00, 0x00, 0x04, 0x00, 0x00, 0x00, 0x04, 0x40, 0x00, 0x00, 
0x01, 0x00, 0x00, 0x00, 0x05, 0x01, 0x01, 0x00, 0x10, 0x40, 0x00, 0x00, 0x00, 0x51, 0x00, 0x00, 
0x1b, 0x01, 0x23, 0x00, 0x1c, 0x01, 0x23, 0x00, 0x1a, 0x01, 0x03, 0x00, 0x12, 0x01, 0x23, 0x00, 
0x11, 0x01, 0x03, 0x00, 0x13, 0x01, 0x00, 0x00, 0x15, 0x40, 0x00, 0x00, 0x01, 0x00, 0x00, 0x00, 
0x14, 0x40, 0x00, 0x00, 0x24, 0x00, 0x00, 0x00, 0x14, 0x01, 0x01, 0x01, 0x16, 0x01, 0x03, 0x00, 
0x15, 0x01, 0x03, 0x00, 0x2f, 0x01, 0x00, 0x00, 0x05, 0x00, 0x01, 0x00, 0x00, 0x00, 0xff, 0xff
};
