#include <stdint.h>

#include <stddef.h>

const size_t sub_0001_command_stream_size = 20892;

__attribute__((aligned(16))) const uint8_t sub_0001_command_stream[20892] = {
0x43, 0x4f, 0x50, 0x31, 0x01, 0x00, 0x10, 0x00, 0x08, 0x30, 0x00, 0x00, 0x00, 0x00, 0x06, 0x10, 
0x05, 0x00, 0x00, 0x00, 0x05, 0x00, 0x00, 0x00, 0x05, 0x00, 0x00, 0x00, 0x02, 0x00, 0x5f, 0x14, 
0x0f, 0x01, 0x01, 0x00, 0x00, 0x40, 0x00, 0x00, 0x00, 0xb0, 0x01, 0x00, 0x01, 0x40, 0x00, 0x00, 
0x00, 0x00, 0x00, 0x00, 0x02, 0x40, 0x00, 0x00, 0x00, 0x00, 0x00, 0x00, 0x03, 0x40, 0x00, 0x00, 
0x00, 0x00, 0x00, 0x00, 0x0b, 0x01, 0x02, 0x00, 0x0c, 0x01, 0x02, 0x00, 0x0a, 0x01, 0xff, 0x8f, 
0x04, 0x01, 0x00, 0x00, 0x06, 0x40, 0x00, 0x00, 0x01, 0x00, 0x00, 0x00, 0x05, 0x40, 0x00, 0x00, 
0x00, 0x90, 0x00, 0x00, 0x04, 0x40, 0x00, 0x00, 0x01, 0x00, 0x00, 0x00, 0x09, 0x01, 0x00, 0x00, 
0x05, 0x01, 0x01, 0x00, 0x07, 0x01, 0x00, 0x00, 0x00, 0x01, 0x00, 0x00, 0x01, 0x01, 0x00, 0x00, 
0x03, 0x01, 0x00, 0x00, 0x02, 0x01, 0x00, 0x00, 0x1f, 0x01, 0x01, 0x00, 0x10, 0x40, 0x00, 0x00, 
0x00, 0x00, 0x00, 0x00, 0x11, 0x40, 0x00, 0x00, 0x00, 0x00, 0x00, 0x00, 0x12, 0x40, 0x00, 0x00, 
0x00, 0x00, 0x00, 0x00, 0x13, 0x40, 0x00, 0x00, 0x00, 0x00, 0x00, 0x00, 0x1b, 0x01, 0x02, 0x00, 
0x1c, 0x01, 0x02, 0x00, 0x1a, 0x01, 0xff, 0x8f, 0x12, 0x01, 0x02, 0x00, 0x11, 0x01, 0xff, 0x8f, 
0x13, 0x01, 0x00, 0x00, 0x16, 0x40, 0x00, 0x00, 0x01, 0x00, 0x00, 0x00, 0x15, 0x40, 0x00, 0x00, 
0x01, 0x00, 0x00, 0x00, 0x14, 0x40, 0x00, 0x00, 0x03, 0x00, 0x00, 0x00, 0x18, 0x01, 0x00, 0x00, 
0x14, 0x01, 0x01, 0x01, 0x21, 0x01, 0x00, 0x00, 0x20, 0x01, 0x00, 0x00, 0x22, 0x01, 0x00, 0x00, 
0x25, 0x01, 0x00, 0x00, 0x26, 0x01, 0x80, 0xff, 0x27, 0x01, 0x7f, 0x00, 0x16, 0x01, 0x01, 0x00, 
0x15, 0x01, 0x19, 0x00, 0x17, 0x01, 0x07, 0x00, 0x0d, 0x01, 0x0a, 0x00, 0x2d, 0x01, 0x1e, 0x00, 
0x24, 0x01, 0x00, 0x00, 0x24, 0x40, 0x1f, 0x00, 0x01, 0x00, 0x00, 0x80, 0x2f, 0x01, 0x00, 0x00, 
0x05, 0x00, 0x01, 0x00, 0x00, 0x40, 0x00, 0x00, 0x00, 0x00, 0x00, 0x00, 0x0b, 0x01, 0xbf, 0x00, 
0x0c, 0x01, 0xbf, 0x00, 0x0a, 0x01, 0xbf, 0x00, 0x04, 0x01, 0x02, 0x00, 0x05, 0x40, 0x00, 0x00, 
0x40, 0x02, 0x00, 0x00, 0x04, 0x40, 0x00, 0x00, 0x03, 0x00, 0x00, 0x00, 0x09, 0x01, 0xff, 0xff, 
0x03, 0x01, 0x01, 0x00, 0x02, 0x01, 0x01, 0x00, 0x10, 0x40, 0x00, 0x00, 0x00, 0xb0, 0x01, 0x00, 
0x1b, 0x01, 0x5f, 0x00, 0x1c, 0x01, 0x5f, 0x00, 0x1a, 0x01, 0x5f, 0x00, 0x12, 0x01, 0x5f, 0x00, 
0x11, 0x01, 0x5f, 0x00, 0x13, 0x01, 0x17, 0x00, 0x16, 0x40, 0x00, 0x00, 0x00, 0x06, 0x00, 0x00, 
0x15, 0x40, 0x00, 0x00, 0x00, 0x0c, 0x00, 0x00, 0x14, 0x40, 0x00, 0x00, 0x10, 0x00, 0x00, 0x00, 
0x14, 0x01, 0x41, 0x00, 0x21, 0x01, 0x02, 0x00, 0x20, 0x01, 0x02, 0x00, 0x22, 0x01, 0x07, 0x00, 
0x28, 0x01, 0x00, 0x00, 0x20, 0x40, 0x00, 0x00, 0xe0, 0xc9, 0x00, 0x00, 0x21, 0x40, 0x00, 0x00, 
0x50, 0x03, 0x00, 0x00, 0x29, 0x01, 0x00, 0x00, 0x22, 0x40, 0x00, 0x00, 0xf0, 0xc8, 0x00, 0x00, 
0x23, 0x40, 0x00, 0x00, 0xf0, 0x00, 0x00, 0x00, 0x26, 0x01, 0x00, 0x00, 0x16, 0x01, 0x07, 0x00, 
0x15, 0x01, 0x0b, 0x00, 0x17, 0x01, 0x17, 0x00, 0x2d, 0x01, 0x0e, 0x00, 0x2f, 0x01, 0x03, 0x00, 
0x02, 0x00, 0x00, 0x00, 0x00, 0x40, 0x00, 0x00, 0x00, 0xb0, 0x01, 0x00, 0x0b, 0x01, 0x5f, 0x00, 
0x0c, 0x01, 0x5f, 0x00, 0x0a, 0x01, 0x5f, 0x00, 0x04, 0x01, 0x17, 0x00, 0x06, 0x40, 0x00, 0x00, 
0x00, 0x06, 0x00, 0x00, 0x05, 0x40, 0x00, 0x00, 0x00, 0x0c, 0x00, 0x00, 0x04, 0x40, 0x00, 0x00, 
0x10, 0x00, 0x00, 0x00, 0x09, 0x01, 0x00, 0x00, 0x05, 0x01, 0x41, 0x00, 0x03, 0x01, 0x00, 0x00, 
0x02, 0x01, 0x00, 0x00, 0x10, 0x40, 0x00, 0x00, 0x00, 0x00, 0x00, 0x00, 0x1b, 0x01, 0x2f, 0x00, 
0x1c, 0x01, 0x2f, 0x00, 0x1a, 0x01, 0x2f, 0x00, 0x12, 0x01, 0x2f, 0x00, 0x11, 0x01, 0x2f, 0x00, 
0x16, 0x40, 0x00, 0x00, 0x00, 0x03, 0x00, 0x00, 0x15, 0x40, 0x00, 0x00, 0x00, 0x06, 0x00, 0x00, 
0x14, 0x01, 0x41, 0x01, 0x22, 0x01, 0x03, 0x00, 0x26, 0x01, 0x80, 0xff, 0x16, 0x01, 0x09, 0x00, 
0x17, 0x01, 0x0f, 0x00, 0x0d, 0x01, 0x1a, 0x00, 0x2d, 0x01, 0x1e, 0x00, 0x24, 0x40, 0x23, 0x00, 
0xe5, 0x38, 0x8e, 0xe3, 0x05, 0x00, 0x01, 0x00, 0x00, 0x40, 0x00, 0x00, 0x00, 0x00, 0x00, 0x00, 
0x0b, 0x01, 0x2f, 0x00, 0x0c, 0x01, 0x2f, 0x00, 0x0a, 0x01, 0x2f, 0x00, 0x06, 0x40, 0x00, 0x00, 
0x00, 0x03, 0x00, 0x00, 0x05, 0x40, 0x00, 0x00, 0x00, 0x06, 0x00, 0x00, 0x03, 0x01, 0x01, 0x00, 
0x02, 0x01, 0x01, 0x00, 0x10, 0x40, 0x00, 0x00, 0x00, 0x20, 0x01, 0x00, 0x1b, 0x01, 0x17, 0x00, 
0x1c, 0x01, 0x17, 0x00, 0x1a, 0x01, 0x17, 0x00, 0x12, 0x01, 0x17, 0x00, 0x11, 0x01, 0x17, 0x00, 
0x16, 0x40, 0x00, 0x00, 0x80, 0x01, 0x00, 0x00, 0x15, 0x40, 0x00, 0x00, 0x00, 0x03, 0x00, 0x00, 
0x14, 0x01, 0x41, 0x00, 0x20, 0x40, 0x00, 0x00, 0x20, 0xce, 0x00, 0x00, 0x21, 0x40, 0x00, 0x00, 
0x10, 0x01, 0x00, 0x00, 0x22, 0x40, 0x00, 0x00, 0x30, 0xcd, 0x00, 0x00, 0x03, 0x00, 0x00, 0x00, 
0x00, 0x40, 0x00, 0x00, 0x00, 0x20, 0x01, 0x00, 0x0b, 0x01, 0x17, 0x00, 0x0c, 0x01, 0x17, 0x00, 
0x0a, 0x01, 0x17, 0x00, 0x06, 0x40, 0x00, 0x00, 0x80, 0x01, 0x00, 0x00, 0x05, 0x40, 0x00, 0x00, 
0x00, 0x03, 0x00, 0x00, 0x03, 0x01, 0x00, 0x00, 0x02, 0x01, 0x00, 0x00, 0x10, 0x40, 0x00, 0x00, 
0x00, 0x8c, 0x01, 0x00, 0x18, 0x01, 0xff, 0xff, 0x21, 0x01, 0x00, 0x00, 0x20, 0x01, 0x00, 0x00, 
0x22, 0x01, 0x00, 0x00, 0x20, 0x40, 0x00, 0x00, 0x20, 0xd0, 0x00, 0x00, 0x21, 0x40, 0x00, 0x00, 
0x70, 0x02, 0x00, 0x00, 0x22, 0x40, 0x00, 0x00, 0x30, 0xcf, 0x00, 0x00, 0x26, 0x01, 0xff, 0xff, 
0x16, 0x01, 0x05, 0x00, 0x15, 0x01, 0x17, 0x00, 0x17, 0x01, 0x17, 0x00, 0x0d, 0x01, 0x0a, 0x00, 
0x2d, 0x01, 0x0e, 0x00, 0x02, 0x00, 0x00, 0x00, 0x00, 0x40, 0x00, 0x00, 0x00, 0x8c, 0x01, 0x00, 
0x09, 0x01, 0xff, 0xff, 0x10, 0x40, 0x00, 0x00, 0x00, 0x20, 0x01, 0x00, 0x16, 0x40, 0x00, 0x00, 
0x01, 0x00, 0x00, 0x00, 0x15, 0x40, 0x00, 0x00, 0x80, 0x04, 0x00, 0x00, 0x14, 0x40, 0x00, 0x00, 
0x30, 0x00, 0x00, 0x00, 0x14, 0x01, 0x01, 0x81, 0x26, 0x01, 0x80, 0xff, 0x16, 0x01, 0x01, 0x00, 
0x15, 0x01, 0x09, 0x00, 0x17, 0x01, 0x0f, 0x00, 0x2d, 0x01, 0x1e, 0x00, 0x24, 0x40, 0x1f, 0x00, 
0x01, 0x00, 0x00, 0x80, 0x05, 0x00, 0x01, 0x00, 0x00, 0x40, 0x00, 0x00, 0x00, 0x00, 0x00, 0x00, 
0x0b, 0x01, 0x2f, 0x00, 0x0c, 0x01, 0x2f, 0x00, 0x0a, 0x01, 0x2f, 0x00, 0x06, 0x40, 0x00, 0x00, 
0x00, 0x03, 0x00, 0x00, 0x05, 0x40, 0x00, 0x00, 0x00, 0x06, 0x00, 0x00, 0x09, 0x01, 0x00, 0x00, 
0x10, 0x40, 0x00, 0x00, 0x00, 0x8c, 0x01, 0x00, 0x1b, 0x01, 0x2f, 0x00, 0x1c, 0x01, 0x2f, 0x00, 
0x1a, 0x01, 0x2f, 0x00, 0x12, 0x01, 0x2f, 0x00, 0x11, 0x01, 0x2f, 0x00, 0x16, 0x40, 0x00, 0x00, 
0x00, 0x03, 0x00, 0x00, 0x15, 0x40, 0x00, 0x00, 0x00, 0x06, 0x00, 0x00, 0x14, 0x40, 0x00, 0x00, 
0x10, 0x00, 0x00, 0x00, 0x18, 0x01, 0x00, 0x00, 0x14, 0x01, 0x41, 0x00, 0x20, 0x40, 0x00, 0x00, 
0x80, 0xd3, 0x00, 0x00, 0x22, 0x40, 0x00, 0x00, 0x90, 0xd2, 0x00, 0x00, 0x26, 0x01, 0x00, 0x00, 
0x16, 0x01, 0x09, 0x00, 0x15, 0x01, 0x0f, 0x00, 0x17, 0x01, 0x17, 0x00, 0x2d, 0x01, 0x0e, 0x00, 
0x02, 0x00, 0x00, 0x00, 0x00, 0x40, 0x00, 0x00, 0x00, 0x8c, 0x01, 0x00, 0x03, 0x01, 0x01, 0x00, 
0x02, 0x01, 0x01, 0x00, 0x10, 0x40, 0x00, 0x00, 0x00, 0x00, 0x00, 0x00, 0x1b, 0x01, 0x17, 0x00, 
0x1c, 0x01, 0x17, 0x00, 0x1a, 0x01, 0x17, 0x00, 0x12, 0x01, 0x17, 0x00, 0x11, 0x01, 0x17, 0x00, 
0x16, 0x40, 0x00, 0x00, 0x80, 0x01, 0x00, 0x00, 0x15, 0x40, 0x00, 0x00, 0x00, 0x03, 0x00, 0x00, 
0x21, 0x01, 0x02, 0x00, 0x20, 0x01, 0x02, 0x00, 0x22, 0x01, 0x03, 0x00, 0x20, 0x40, 0x00, 0x00, 
0xe0, 0xd6, 0x00, 0x00, 0x21, 0x40, 0x00, 0x00, 0x20, 0x01, 0x00, 0x00, 0x22, 0x40, 0x00, 0x00, 
0xf0, 0xd5, 0x00, 0x00, 0x26, 0x01, 0x80, 0xff, 0x15, 0x01, 0x0b, 0x00, 0x17, 0x01, 0x0f, 0x00, 
0x0d, 0x01, 0x1a, 0x00, 0x2d, 0x01, 0x1e, 0x00, 0x03, 0x00, 0x00, 0x00, 0x00, 0x40, 0x00, 0x00, 
0x00, 0x00, 0x00, 0x00, 0x0b, 0x01, 0x17, 0x00, 0x0c, 0x01, 0x17, 0x00, 0x0a, 0x01, 0x17, 0x00, 
0x06, 0x40, 0x00, 0x00, 0x80, 0x01, 0x00, 0x00, 0x05, 0x40, 0x00, 0x00, 0x00, 0x03, 0x00, 0x00, 
0x03, 0x01, 0x00, 0x00, 0x02, 0x01, 0x00, 0x00, 0x10, 0x40, 0x00, 0x00, 0x00, 0x48, 0x00, 0x00, 
0x18, 0x01, 0xff, 0xff, 0x21, 0x01, 0x00, 0x00, 0x20, 0x01, 0x00, 0x00, 0x22, 0x01, 0x00, 0x00, 
0x20, 0x40, 0x00, 0x00, 0xf0, 0xd8, 0x00, 0x00, 0x21, 0x40, 0x00, 0x00, 0xa0, 0x02, 0x00, 0x00, 
0x22, 0x40, 0x00, 0x00, 0x00, 0xd8, 0x00, 0x00, 0x26, 0x01, 0xff, 0xff, 0x16, 0x01, 0x05, 0x00, 
0x15, 0x01, 0x17, 0x00, 0x17, 0x01, 0x17, 0x00, 0x0d, 0x01, 0x0a, 0x00, 0x2d, 0x01, 0x0e, 0x00, 
0x02, 0x00, 0x00, 0x00, 0x00, 0x40, 0x00, 0x00, 0x00, 0x48, 0x00, 0x00, 0x09, 0x01, 0xff, 0xff, 
0x10, 0x40, 0x00, 0x00, 0x18, 0x20, 0x01, 0x00, 0x16, 0x40, 0x00, 0x00, 0x01, 0x00, 0x00, 0x00, 
0x15, 0x40, 0x00, 0x00, 0x80, 0x04, 0x00, 0x00, 0x14, 0x40, 0x00, 0x00, 0x30, 0x00, 0x00, 0x00, 
0x14, 0x01, 0x01, 0x81, 0x26, 0x01, 0x80, 0xff, 0x16, 0x01, 0x01, 0x00, 0x15, 0x01, 0x09, 0x00, 
0x17, 0x01, 0x0f, 0x00, 0x2d, 0x01, 0x1e, 0x00, 0x05, 0x00, 0x01, 0x00, 0x00, 0x40, 0x00, 0x00, 
0x00, 0x20, 0x01, 0x00, 0x04, 0x01, 0x2f, 0x00, 0x06, 0x40, 0x00, 0x00, 0x01, 0x00, 0x00, 0x00, 
0x05, 0x40, 0x00, 0x00, 0x80, 0x04, 0x00, 0x00, 0x04, 0x40, 0x00, 0x00, 0x30, 0x00, 0x00, 0x00, 
0x05, 0x01, 0x01, 0x00, 0x10, 0x40, 0x00, 0x00, 0x00, 0x6c, 0x00, 0x00, 0x13, 0x01, 0x2f, 0x00, 
0x18, 0x01, 0x00, 0x00, 0x14, 0x01, 0x01, 0x00, 0x20, 0x40, 0x00, 0x00, 0x70, 0xdd, 0x00, 0x00, 
0x21, 0x40, 0x00, 0x00, 0x60, 0x00, 0x00, 0x00, 0x22, 0x40, 0x00, 0x00, 0x90, 0xdb, 0x00, 0x00, 
0x23, 0x40, 0x00, 0x00, 0xe0, 0x01, 0x00, 0x00, 0x16, 0x01, 0x05, 0x00, 0x15, 0x01, 0x0b, 0x00, 
0x17, 0x01, 0x2f, 0x00, 0x2d, 0x01, 0x0e, 0x00, 0x02, 0x00, 0x00, 0x00, 0x30, 0x01, 0x01, 0x00, 
0x30, 0x40, 0x00, 0x00, 0x00, 0x6c, 0x00, 0x00, 0x31, 0x01, 0x01, 0x00, 0x31, 0x40, 0x00, 0x00, 
0x00, 0x00, 0x00, 0x00, 0x32, 0x40, 0x00, 0x00, 0x00, 0x6c, 0x00, 0x00, 0x12, 0x00, 0x00, 0x00, 
0x10, 0x00, 0x00, 0x00, 0x00, 0x40, 0x00, 0x00, 0x00, 0x00, 0x00, 0x00, 0x0b, 0x01, 0x3f, 0x02, 
0x0c, 0x01, 0x3f, 0x02, 0x0a, 0x01, 0x2f, 0x00, 0x04, 0x01, 0x00, 0x00, 0x05, 0x40, 0x00, 0x00, 
0x30, 0x00, 0x00, 0x00, 0x04, 0x40, 0x00, 0x00, 0x01, 0x00, 0x00, 0x00, 0x09, 0x01, 0x00, 0x00, 
0x10, 0x40, 0x00, 0x00, 0x00, 0xd8, 0x00, 0x00, 0x1b, 0x01, 0x3f, 0x02, 0x1c, 0x01, 0x3f, 0x02, 
0x1a, 0x01, 0x2f, 0x00, 0x12, 0x01, 0x3f, 0x02, 0x11, 0x01, 0x2f, 0x00, 0x13, 0x01, 0x00, 0x00, 
0x15, 0x40, 0x00, 0x00, 0x01, 0x00, 0x00, 0x00, 0x14, 0x40, 0x00, 0x00, 0x40, 0x02, 0x00, 0x00, 
0x14, 0x01, 0x01, 0x01, 0x16, 0x01, 0x01, 0x00, 0x15, 0x01, 0x09, 0x00, 0x17, 0x01, 0x07, 0x00, 
0x2d, 0x01, 0x1e, 0x00, 0x11, 0x00, 0x00, 0x00, 0x05, 0x00, 0x01, 0x00, 0x00, 0x40, 0x00, 0x00, 
0x00, 0xd8, 0x00, 0x00, 0x0b, 0x01, 0x17, 0x00, 0x0c, 0x01, 0x17, 0x00, 0x0a, 0x01, 0x17, 0x00, 
0x04, 0x01, 0x17, 0x00, 0x05, 0x40, 0x00, 0x00, 0x40, 0x02, 0x00, 0x00, 0x04, 0x40, 0x00, 0x00, 
0x18, 0x00, 0x00, 0x00, 0x10, 0x40, 0x00, 0x00, 0x00, 0x00, 0x00, 0x00, 0x1b, 0x01, 0x17, 0x00, 
0x1c, 0x01, 0x17, 0x00, 0x1a, 0x01, 0x17, 0x00, 0x12, 0x01, 0x17, 0x00, 0x11, 0x01, 0x17, 0x00, 
0x13, 0x01, 0x17, 0x00, 0x15, 0x40, 0x00, 0x00, 0x40, 0x02, 0x00, 0x00, 0x14, 0x40, 0x00, 0x00, 
0x18, 0x00, 0x00, 0x00, 0x17, 0x01, 0x0f, 0x00, 0x05, 0x00, 0x01, 0x00, 0x00, 0x40, 0x00, 0x00, 
0x00, 0x00, 0x00, 0x00, 0x0a, 0x01, 0x3f, 0x02, 0x04, 0x01, 0x00, 0x00, 0x04, 0x40, 0x00, 0x00, 
0x01, 0x00, 0x00, 0x00, 0x10, 0x40, 0x00, 0x00, 0x00, 0xd8, 0x00, 0x00, 0x1a, 0x01, 0x3f, 0x02, 
0x11, 0x01, 0x3f, 0x02, 0x13, 0x01, 0x00, 0x00, 0x15, 0x40, 0x00, 0x00, 0x01, 0x00, 0x00, 0x00, 
0x15, 0x01, 0x19, 0x00, 0x17, 0x01, 0x07, 0x00, 0x05, 0x00, 0x01, 0x00, 0x00, 0x40, 0x00, 0x00, 
0x00, 0xd8, 0x00, 0x00, 0x0a, 0x01, 0x17, 0x00, 0x04, 0x01, 0x17, 0x00, 0x04, 0x40, 0x00, 0x00, 
0x18, 0x00, 0x00, 0x00, 0x10, 0x40, 0x00, 0x00, 0x00, 0x00, 0x00, 0x00, 0x1a, 0x01, 0x17, 0x00, 
0x11, 0x01, 0x17, 0x00, 0x13, 0x01, 0x17, 0x00, 0x15, 0x40, 0x00, 0x00, 0x80, 0x04, 0x00, 0x00, 
0x14, 0x40, 0x00, 0x00, 0x30, 0x00, 0x00, 0x00, 0x14, 0x01, 0x01, 0x81, 0x15, 0x01, 0x09, 0x00, 
0x17, 0x01, 0x0f, 0x00, 0x05, 0x00, 0x01, 0x00, 0x31, 0x40, 0x00, 0x00, 0x00, 0xd8, 0x00, 0x00, 
0x12, 0x00, 0x00, 0x00, 0x10, 0x00, 0x00, 0x00, 0x0b, 0x01, 0x3f, 0x02, 0x0c, 0x01, 0x3f, 0x02, 
0x0a, 0x01, 0x2f, 0x00, 0x04, 0x01, 0x00, 0x00, 0x05, 0x40, 0x00, 0x00, 0x30, 0x00, 0x00, 0x00, 
0x04, 0x40, 0x00, 0x00, 0x01, 0x00, 0x00, 0x00, 0x10, 0x40, 0x00, 0x00, 0x00, 0x6c, 0x00, 0x00, 
0x1b, 0x01, 0x3f, 0x02, 0x1c, 0x01, 0x3f, 0x02, 0x1a, 0x01, 0x2f, 0x00, 0x12, 0x01, 0x3f, 0x02, 
0x11, 0x01, 0x2f, 0x00, 0x13, 0x01, 0x00, 0x00, 0x15, 0x40, 0x00, 0x00, 0x01, 0x00, 0x00, 0x00, 
0x14, 0x40, 0x00, 0x00, 0x40, 0x02, 0x00, 0x00, 0x14, 0x01, 0x01, 0x01, 0x17, 0x01, 0x07, 0x00, 
0x24, 0x40, 0x1c, 0x00, 0xe1, 0xe5, 0xae, 0x16, 0x11, 0x00, 0x00, 0x00, 0x05, 0x00, 0x01, 0x00, 
0x00, 0x40, 0x00, 0x00, 0x00, 0xa2, 0x00, 0x00, 0x0b, 0x01, 0x17, 0x00, 0x0c, 0x01, 0x17, 0x00, 
0x0a, 0x01, 0x17, 0x00, 0x04, 0x01, 0x17, 0x00, 0x05, 0x40, 0x00, 0x00, 0x40, 0x02, 0x00, 0x00, 
0x04, 0x40, 0x00, 0x00, 0x18, 0x00, 0x00, 0x00, 0x10, 0x40, 0x00, 0x00, 0x00, 0xd8, 0x00, 0x00, 
0x1b, 0x01, 0x17, 0x00, 0x1c, 0x01, 0x17, 0x00, 0x1a, 0x01, 0x17, 0x00, 0x12, 0x01, 0x17, 0x00, 
0x11, 0x01, 0x17, 0x00, 0x13, 0x01, 0x17, 0x00, 0x15, 0x40, 0x00, 0x00, 0x40, 0x02, 0x00, 0x00, 
0x14, 0x40, 0x00, 0x00, 0x18, 0x00, 0x00, 0x00, 0x17, 0x01, 0x0f, 0x00, 0x24, 0x40, 0x1f, 0x00, 
0x01, 0x00, 0x00, 0x80, 0x2f, 0x01, 0x02, 0x00, 0x05, 0x00, 0x01, 0x00, 0x00, 0x40, 0x00, 0x00, 
0x00, 0xd8, 0x00, 0x00, 0x0a, 0x01, 0x3f, 0x02, 0x04, 0x01, 0x00, 0x00, 0x04, 0x40, 0x00, 0x00, 
0x01, 0x00, 0x00, 0x00, 0x10, 0x40, 0x00, 0x00, 0x00, 0x0e, 0x01, 0x00, 0x1a, 0x01, 0x3f, 0x02, 
0x11, 0x01, 0x3f, 0x02, 0x13, 0x01, 0x00, 0x00, 0x15, 0x40, 0x00, 0x00, 0x01, 0x00, 0x00, 0x00, 
0x15, 0x01, 0x19, 0x00, 0x17, 0x01, 0x07, 0x00, 0x2f, 0x01, 0x03, 0x00, 0x05, 0x00, 0x01, 0x00, 
0x00, 0x40, 0x00, 0x00, 0x00, 0x0e, 0x01, 0x00, 0x0a, 0x01, 0x17, 0x00, 0x04, 0x01, 0x17, 0x00, 
0x04, 0x40, 0x00, 0x00, 0x18, 0x00, 0x00, 0x00, 0x09, 0x01, 0xff, 0xff, 0x10, 0x40, 0x00, 0x00, 
0x00, 0x6c, 0x00, 0x00, 0x1a, 0x01, 0x17, 0x00, 0x11, 0x01, 0x17, 0x00, 0x13, 0x01, 0x17, 0x00, 
0x16, 0x40, 0x00, 0x00, 0x80, 0x01, 0x00, 0x00, 0x15, 0x40, 0x00, 0x00, 0x00, 0x03, 0x00, 0x00, 
0x14, 0x40, 0x00, 0x00, 0x10, 0x00, 0x00, 0x00, 0x14, 0x01, 0x41, 0x00, 0x20, 0x40, 0x00, 0x00, 
0xc0, 0xde, 0x00, 0x00, 0x21, 0x40, 0x00, 0x00, 0xa0, 0x02, 0x00, 0x00, 0x22, 0x40, 0x00, 0x00, 
0xd0, 0xdd, 0x00, 0x00, 0x23, 0x40, 0x00, 0x00, 0xf0, 0x00, 0x00, 0x00, 0x26, 0x01, 0x00, 0x00, 
0x16, 0x01, 0x05, 0x00, 0x15, 0x01, 0x17, 0x00, 0x17, 0x01, 0x17, 0x00, 0x2d, 0x01, 0x0e, 0x00, 
0x02, 0x00, 0x00, 0x00, 0x00, 0x40, 0x00, 0x00, 0x00, 0x6c, 0x00, 0x00, 0x06, 0x40, 0x00, 0x00, 
0x80, 0x01, 0x00, 0x00, 0x05, 0x40, 0x00, 0x00, 0x00, 0x03, 0x00, 0x00, 0x04, 0x40, 0x00, 0x00, 
0x10, 0x00, 0x00, 0x00, 0x09, 0x01, 0x00, 0x00, 0x05, 0x01, 0x41, 0x00, 0x00, 0x01, 0x01, 0x00, 
0x01, 0x01, 0x01, 0x00, 0x03, 0x01, 0x01, 0x00, 0x02, 0x01, 0x01, 0x00, 0x10, 0x40, 0x00, 0x00, 
0x00, 0xb4, 0x00, 0x00, 0x21, 0x01, 0x02, 0x00, 0x20, 0x01, 0x02, 0x00, 0x20, 0x40, 0x00, 0x00, 
0x50, 0xe2, 0x00, 0x00, 0x21, 0x40, 0x00, 0x00, 0x20, 0x01, 0x00, 0x00, 0x22, 0x40, 0x00, 0x00, 
0x60, 0xe1, 0x00, 0x00, 0x26, 0x01, 0x80, 0xff, 0x16, 0x01, 0x0d, 0x00, 0x15, 0x01, 0x0d, 0x00, 
0x17, 0x01, 0x0f, 0x00, 0x2f, 0x01, 0x01, 0x00, 0x03, 0x00, 0x00, 0x00, 0x00, 0x40, 0x00, 0x00, 
0x00, 0xb4, 0x00, 0x00, 0x00, 0x01, 0x00, 0x00, 0x01, 0x01, 0x00, 0x00, 0x03, 0x01, 0x00, 0x00, 
0x02, 0x01, 0x00, 0x00, 0x10, 0x40, 0x00, 0x00, 0x00, 0x6c, 0x00, 0x00, 0x21, 0x01, 0x00, 0x00, 
0x20, 0x01, 0x00, 0x00, 0x20, 0x40, 0x00, 0x00, 0x60, 0xe4, 0x00, 0x00, 0x21, 0x40, 0x00, 0x00, 
0x90, 0x02, 0x00, 0x00, 0x22, 0x40, 0x00, 0x00, 0x70, 0xe3, 0x00, 0x00, 0x26, 0x01, 0x00, 0x00, 
0x16, 0x01, 0x05, 0x00, 0x15, 0x01, 0x17, 0x00, 0x17, 0x01, 0x17, 0x00, 0x2f, 0x01, 0x02, 0x00, 
0x02, 0x00, 0x00, 0x00, 0x00, 0x40, 0x00, 0x00, 0x00, 0x6c, 0x00, 0x00, 0x10, 0x40, 0x00, 0x00, 
0x18, 0x00, 0x00, 0x00, 0x16, 0x40, 0x00, 0x00, 0x01, 0x00, 0x00, 0x00, 0x15, 0x40, 0x00, 0x00, 
0x80, 0x04, 0x00, 0x00, 0x14, 0x40, 0x00, 0x00, 0x30, 0x00, 0x00, 0x00, 0x14, 0x01, 0x01, 0x81, 
0x26, 0x01, 0x80, 0xff, 0x16, 0x01, 0x01, 0x00, 0x15, 0x01, 0x09, 0x00, 0x17, 0x01, 0x0f, 0x00, 
0x2d, 0x01, 0x1e, 0x00, 0x2f, 0x01, 0x03, 0x00, 0x05, 0x00, 0x01, 0x00, 0x00, 0x40, 0x00, 0x00, 
0x00, 0x00, 0x00, 0x00, 0x04, 0x01, 0x2f, 0x00, 0x06, 0x40, 0x00, 0x00, 0x01, 0x00, 0x00, 0x00, 
0x05, 0x40, 0x00, 0x00, 0x80, 0x04, 0x00, 0x00, 0x04, 0x40, 0x00, 0x00, 0x30, 0x00, 0x00, 0x00, 
0x05, 0x01, 0x01, 0x00, 0x10, 0x40, 0x00, 0x00, 0x00, 0x6c, 0x00, 0x00, 0x13, 0x01, 0x2f, 0x00, 
0x14, 0x01, 0x01, 0x00, 0x20, 0x40, 0x00, 0x00, 0xd0, 0xe8, 0x00, 0x00, 0x21, 0x40, 0x00, 0x00, 
0x60, 0x00, 0x00, 0x00, 0x22, 0x40, 0x00, 0x00, 0xf0, 0xe6, 0x00, 0x00, 0x23, 0x40, 0x00, 0x00, 
0xe0, 0x01, 0x00, 0x00, 0x16, 0x01, 0x05, 0x00, 0x15, 0x01, 0x0b, 0x00, 0x17, 0x01, 0x2f, 0x00, 
0x2d, 0x01, 0x0e, 0x00, 0x02, 0x00, 0x00, 0x00, 0x31, 0x40, 0x00, 0x00, 0x00, 0x00, 0x00, 0x00, 
0x12, 0x00, 0x00, 0x00, 0x10, 0x00, 0x00, 0x00, 0x0b, 0x01, 0x3f, 0x02, 0x0c, 0x01, 0x3f, 0x02, 
0x0a, 0x01, 0x2f, 0x00, 0x04, 0x01, 0x00, 0x00, 0x05, 0x40, 0x00, 0x00, 0x30, 0x00, 0x00, 0x00, 
0x04, 0x40, 0x00, 0x00, 0x01, 0x00, 0x00, 0x00, 0x10, 0x40, 0x00, 0x00, 0x00, 0xd8, 0x00, 0x00, 
0x1b, 0x01, 0x3f, 0x02, 0x1c, 0x01, 0x3f, 0x02, 0x1a, 0x01, 0x2f, 0x00, 0x12, 0x01, 0x3f, 0x02, 
0x11, 0x01, 0x2f, 0x00, 0x13, 0x01, 0x00, 0x00, 0x15, 0x40, 0x00, 0x00, 0x01, 0x00, 0x00, 0x00, 
0x14, 0x40, 0x00, 0x00, 0x40, 0x02, 0x00, 0x00, 0x14, 0x01, 0x01, 0x01, 0x16, 0x01, 0x01, 0x00, 
0x15, 0x01, 0x09, 0x00, 0x17, 0x01, 0x07, 0x00, 0x2d, 0x01, 0x1e, 0x00, 0x11, 0x00, 0x00, 0x00, 
0x05, 0x00, 0x01, 0x00, 0x00, 0x40, 0x00, 0x00, 0x00, 0xd8, 0x00, 0x00, 0x0b, 0x01, 0x17, 0x00, 
0x0c, 0x01, 0x17, 0x00, 0x0a, 0x01, 0x17, 0x00, 0x04, 0x01, 0x17, 0x00, 0x05, 0x40, 0x00, 0x00, 
0x40, 0x02, 0x00, 0x00, 0x04, 0x40, 0x00, 0x00, 0x18, 0x00, 0x00, 0x00, 0x10, 0x40, 0x00, 0x00, 
0x00, 0x00, 0x00, 0x00, 0x1b, 0x01, 0x17, 0x00, 0x1c, 0x01, 0x17, 0x00, 0x1a, 0x01, 0x17, 0x00, 
0x12, 0x01, 0x17, 0x00, 0x11, 0x01, 0x17, 0x00, 0x13, 0x01, 0x17, 0x00, 0x15, 0x40, 0x00, 0x00, 
0x40, 0x02, 0x00, 0x00, 0x14, 0x40, 0x00, 0x00, 0x18, 0x00, 0x00, 0x00, 0x17, 0x01, 0x0f, 0x00, 
0x05, 0x00, 0x01, 0x00, 0x00, 0x40, 0x00, 0x00, 0x00, 0x00, 0x00, 0x00, 0x0a, 0x01, 0x3f, 0x02, 
0x04, 0x01, 0x00, 0x00, 0x04, 0x40, 0x00, 0x00, 0x01, 0x00, 0x00, 0x00, 0x10, 0x40, 0x00, 0x00, 
0x00, 0xd8, 0x00, 0x00, 0x1a, 0x01, 0x3f, 0x02, 0x11, 0x01, 0x3f, 0x02, 0x13, 0x01, 0x00, 0x00, 
0x15, 0x40, 0x00, 0x00, 0x01, 0x00, 0x00, 0x00, 0x15, 0x01, 0x19, 0x00, 0x17, 0x01, 0x07, 0x00, 
0x05, 0x00, 0x01, 0x00, 0x00, 0x40, 0x00, 0x00, 0x00, 0xd8, 0x00, 0x00, 0x0a, 0x01, 0x17, 0x00, 
0x04, 0x01, 0x17, 0x00, 0x04, 0x40, 0x00, 0x00, 0x18, 0x00, 0x00, 0x00, 0x10, 0x40, 0x00, 0x00, 
0x00, 0x00, 0x00, 0x00, 0x1a, 0x01, 0x17, 0x00, 0x11, 0x01, 0x17, 0x00, 0x13, 0x01, 0x17, 0x00, 
0x15, 0x40, 0x00, 0x00, 0x80, 0x04, 0x00, 0x00, 0x14, 0x40, 0x00, 0x00, 0x30, 0x00, 0x00, 0x00, 
0x14, 0x01, 0x01, 0x81, 0x15, 0x01, 0x09, 0x00, 0x17, 0x01, 0x0f, 0x00, 0x05, 0x00, 0x01, 0x00, 
0x31, 0x40, 0x00, 0x00, 0x00, 0xd8, 0x00, 0x00, 0x12, 0x00, 0x00, 0x00, 0x10, 0x00, 0x00, 0x00, 
0x0b, 0x01, 0x3f, 0x02, 0x0c, 0x01, 0x3f, 0x02, 0x0a, 0x01, 0x2f, 0x00, 0x04, 0x01, 0x00, 0x00, 
0x05, 0x40, 0x00, 0x00, 0x30, 0x00, 0x00, 0x00, 0x04, 0x40, 0x00, 0x00, 0x01, 0x00, 0x00, 0x00, 
0x10, 0x40, 0x00, 0x00, 0x00, 0x6c, 0x00, 0x00, 0x1b, 0x01, 0x3f, 0x02, 0x1c, 0x01, 0x3f, 0x02, 
0x1a, 0x01, 0x2f, 0x00, 0x12, 0x01, 0x3f, 0x02, 0x11, 0x01, 0x2f, 0x00, 0x13, 0x01, 0x00, 0x00, 
0x15, 0x40, 0x00, 0x00, 0x01, 0x00, 0x00, 0x00, 0x14, 0x40, 0x00, 0x00, 0x40, 0x02, 0x00, 0x00, 
0x14, 0x01, 0x01, 0x01, 0x17, 0x01, 0x07, 0x00, 0x24, 0x40, 0x20, 0x00, 0x01, 0xa3, 0xd8, 0xeb, 
0x11, 0x00, 0x00, 0x00, 0x05, 0x00, 0x01, 0x00, 0x00, 0x40, 0x00, 0x00, 0x00, 0xa2, 0x00, 0x00, 
0x0b, 0x01, 0x17, 0x00, 0x0c, 0x01, 0x17, 0x00, 0x0a, 0x01, 0x17, 0x00, 0x04, 0x01, 0x17, 0x00, 
0x05, 0x40, 0x00, 0x00, 0x40, 0x02, 0x00, 0x00, 0x04, 0x40, 0x00, 0x00, 0x18, 0x00, 0x00, 0x00, 
0x10, 0x40, 0x00, 0x00, 0x00, 0xd8, 0x00, 0x00, 0x1b, 0x01, 0x17, 0x00, 0x1c, 0x01, 0x17, 0x00, 
0x1a, 0x01, 0x17, 0x00, 0x12, 0x01, 0x17, 0x00, 0x11, 0x01, 0x17, 0x00, 0x13, 0x01, 0x17, 0x00, 
0x15, 0x40, 0x00, 0x00, 0x40, 0x02, 0x00, 0x00, 0x14, 0x40, 0x00, 0x00, 0x18, 0x00, 0x00, 0x00, 
0x17, 0x01, 0x0f, 0x00, 0x24, 0x40, 0x1f, 0x00, 0x01, 0x00, 0x00, 0x80, 0x2f, 0x01, 0x02, 0x00, 
0x05, 0x00, 0x01, 0x00, 0x00, 0x40, 0x00, 0x00, 0x00, 0xd8, 0x00, 0x00, 0x0a, 0x01, 0x3f, 0x02, 
0x04, 0x01, 0x00, 0x00, 0x04, 0x40, 0x00, 0x00, 0x01, 0x00, 0x00, 0x00, 0x10, 0x40, 0x00, 0x00, 
0x00, 0x0e, 0x01, 0x00, 0x1a, 0x01, 0x3f, 0x02, 0x11, 0x01, 0x3f, 0x02, 0x13, 0x01, 0x00, 0x00, 
0x15, 0x40, 0x00, 0x00, 0x01, 0x00, 0x00, 0x00, 0x15, 0x01, 0x19, 0x00, 0x17, 0x01, 0x07, 0x00, 
0x2f, 0x01, 0x03, 0x00, 0x05, 0x00, 0x01, 0x00, 0x00, 0x40, 0x00, 0x00, 0x00, 0x0e, 0x01, 0x00, 
0x0a, 0x01, 0x17, 0x00, 0x04, 0x01, 0x17, 0x00, 0x04, 0x40, 0x00, 0x00, 0x18, 0x00, 0x00, 0x00, 
0x10, 0x40, 0x00, 0x00, 0x00, 0x6c, 0x00, 0x00, 0x1a, 0x01, 0x17, 0x00, 0x11, 0x01, 0x17, 0x00, 
0x13, 0x01, 0x17, 0x00, 0x16, 0x40, 0x00, 0x00, 0x80, 0x01, 0x00, 0x00, 0x15, 0x40, 0x00, 0x00, 
0x00, 0x03, 0x00, 0x00, 0x14, 0x40, 0x00, 0x00, 0x10, 0x00, 0x00, 0x00, 0x14, 0x01, 0x41, 0x00, 
0x20, 0x40, 0x00, 0x00, 0x20, 0xea, 0x00, 0x00, 0x21, 0x40, 0x00, 0x00, 0x80, 0x02, 0x00, 0x00, 
0x22, 0x40, 0x00, 0x00, 0x30, 0xe9, 0x00, 0x00, 0x23, 0x40, 0x00, 0x00, 0xf0, 0x00, 0x00, 0x00, 
0x26, 0x01, 0x00, 0x00, 0x16, 0x01, 0x05, 0x00, 0x15, 0x01, 0x17, 0x00, 0x17, 0x01, 0x17, 0x00, 
0x2d, 0x01, 0x0e, 0x00, 0x02, 0x00, 0x00, 0x00, 0x00, 0x40, 0x00, 0x00, 0x00, 0x6c, 0x00, 0x00, 
0x06, 0x40, 0x00, 0x00, 0x80, 0x01, 0x00, 0x00, 0x05, 0x40, 0x00, 0x00, 0x00, 0x03, 0x00, 0x00, 
0x04, 0x40, 0x00, 0x00, 0x10, 0x00, 0x00, 0x00, 0x05, 0x01, 0x41, 0x00, 0x00, 0x01, 0x01, 0x00, 
0x01, 0x01, 0x01, 0x00, 0x03, 0x01, 0x01, 0x00, 0x02, 0x01, 0x01, 0x00, 0x10, 0x40, 0x00, 0x00, 
0x00, 0xb4, 0x00, 0x00, 0x21, 0x01, 0x02, 0x00, 0x20, 0x01, 0x02, 0x00, 0x20, 0x40, 0x00, 0x00, 
0x90, 0xed, 0x00, 0x00, 0x21, 0x40, 0x00, 0x00, 0x10, 0x01, 0x00, 0x00, 0x22, 0x40, 0x00, 0x00, 
0xa0, 0xec, 0x00, 0x00, 0x26, 0x01, 0x80, 0xff, 0x16, 0x01, 0x0d, 0x00, 0x15, 0x01, 0x0d, 0x00, 
0x17, 0x01, 0x0f, 0x00, 0x2f, 0x01, 0x01, 0x00, 0x03, 0x00, 0x00, 0x00, 0x00, 0x40, 0x00, 0x00, 
0x00, 0xb4, 0x00, 0x00, 0x00, 0x01, 0x00, 0x00, 0x01, 0x01, 0x00, 0x00, 0x03, 0x01, 0x00, 0x00, 
0x02, 0x01, 0x00, 0x00, 0x10, 0x40, 0x00, 0x00, 0x00, 0x6c, 0x00, 0x00, 0x21, 0x01, 0x00, 0x00, 
0x20, 0x01, 0x00, 0x00, 0x20, 0x40, 0x00, 0x00, 0x90, 0xef, 0x00, 0x00, 0x21, 0x40, 0x00, 0x00, 
0x90, 0x02, 0x00, 0x00, 0x22, 0x40, 0x00, 0x00, 0xa0, 0xee, 0x00, 0x00, 0x26, 0x01, 0x00, 0x00, 
0x16, 0x01, 0x05, 0x00, 0x15, 0x01, 0x17, 0x00, 0x17, 0x01, 0x17, 0x00, 0x2f, 0x01, 0x02, 0x00, 
0x02, 0x00, 0x00, 0x00, 0x00, 0x40, 0x00, 0x00, 0x00, 0x6c, 0x00, 0x00, 0x10, 0x40, 0x00, 0x00, 
0x18, 0x00, 0x00, 0x00, 0x16, 0x40, 0x00, 0x00, 0x01, 0x00, 0x00, 0x00, 0x15, 0x40, 0x00, 0x00, 
0x80, 0x04, 0x00, 0x00, 0x14, 0x40, 0x00, 0x00, 0x30, 0x00, 0x00, 0x00, 0x14, 0x01, 0x01, 0x81, 
0x26, 0x01, 0x80, 0xff, 0x16, 0x01, 0x01, 0x00, 0x15, 0x01, 0x09, 0x00, 0x17, 0x01, 0x0f, 0x00, 
0x2d, 0x01, 0x1e, 0x00, 0x2f, 0x01, 0x03, 0x00, 0x05, 0x00, 0x01, 0x00, 0x00, 0x40, 0x00, 0x00, 
0x00, 0x00, 0x00, 0x00, 0x04, 0x01, 0x2f, 0x00, 0x06, 0x40, 0x00, 0x00, 0x01, 0x00, 0x00, 0x00, 
0x05, 0x40, 0x00, 0x00, 0x80, 0x04, 0x00, 0x00, 0x04, 0x40, 0x00, 0x00, 0x30, 0x00, 0x00, 0x00, 
0x05, 0x01, 0x01, 0x00, 0x10, 0x40, 0x00, 0x00, 0x00, 0x6c, 0x00, 0x00, 0x13, 0x01, 0x2f, 0x00, 
0x14, 0x01, 0x01, 0x00, 0x20, 0x40, 0x00, 0x00, 0x00, 0xf4, 0x00, 0x00, 0x21, 0x40, 0x00, 0x00, 
0x60, 0x00, 0x00, 0x00, 0x22, 0x40, 0x00, 0x00, 0x20, 0xf2, 0x00, 0x00, 0x23, 0x40, 0x00, 0x00, 
0xe0, 0x01, 0x00, 0x00, 0x16, 0x01, 0x05, 0x00, 0x15, 0x01, 0x0b, 0x00, 0x17, 0x01, 0x2f, 0x00, 
0x2d, 0x01, 0x0e, 0x00, 0x02, 0x00, 0x00, 0x00, 0x31, 0x40, 0x00, 0x00, 0x00, 0x00, 0x00, 0x00, 
0x12, 0x00, 0x00, 0x00, 0x10, 0x00, 0x00, 0x00, 0x0b, 0x01, 0x3f, 0x02, 0x0c, 0x01, 0x3f, 0x02, 
0x0a, 0x01, 0x2f, 0x00, 0x04, 0x01, 0x00, 0x00, 0x05, 0x40, 0x00, 0x00, 0x30, 0x00, 0x00, 0x00, 
0x04, 0x40, 0x00, 0x00, 0x01, 0x00, 0x00, 0x00, 0x10, 0x40, 0x00, 0x00, 0x00, 0xd8, 0x00, 0x00, 
0x1b, 0x01, 0x3f, 0x02, 0x1c, 0x01, 0x3f, 0x02, 0x1a, 0x01, 0x2f, 0x00, 0x12, 0x01, 0x3f, 0x02, 
0x11, 0x01, 0x2f, 0x00, 0x13, 0x01, 0x00, 0x00, 0x15, 0x40, 0x00, 0x00, 0x01, 0x00, 0x00, 0x00, 
0x14, 0x40, 0x00, 0x00, 0x40, 0x02, 0x00, 0x00, 0x14, 0x01, 0x01, 0x01, 0x16, 0x01, 0x01, 0x00, 
0x15, 0x01, 0x09, 0x00, 0x17, 0x01, 0x07, 0x00, 0x2d, 0x01, 0x1e, 0x00, 0x11, 0x00, 0x00, 0x00, 
0x05, 0x00, 0x01, 0x00, 0x00, 0x40, 0x00, 0x00, 0x00, 0xd8, 0x00, 0x00, 0x0b, 0x01, 0x17, 0x00, 
0x0c, 0x01, 0x17, 0x00, 0x0a, 0x01, 0x17, 0x00, 0x04, 0x01, 0x17, 0x00, 0x05, 0x40, 0x00, 0x00, 
0x40, 0x02, 0x00, 0x00, 0x04, 0x40, 0x00, 0x00, 0x18, 0x00, 0x00, 0x00, 0x10, 0x40, 0x00, 0x00, 
0x00, 0x00, 0x00, 0x00, 0x1b, 0x01, 0x17, 0x00, 0x1c, 0x01, 0x17, 0x00, 0x1a, 0x01, 0x17, 0x00, 
0x12, 0x01, 0x17, 0x00, 0x11, 0x01, 0x17, 0x00, 0x13, 0x01, 0x17, 0x00, 0x15, 0x40, 0x00, 0x00, 
0x40, 0x02, 0x00, 0x00, 0x14, 0x40, 0x00, 0x00, 0x18, 0x00, 0x00, 0x00, 0x17, 0x01, 0x0f, 0x00, 
0x05, 0x00, 0x01, 0x00, 0x00, 0x40, 0x00, 0x00, 0x00, 0x00, 0x00, 0x00, 0x0a, 0x01, 0x3f, 0x02, 
0x04, 0x01, 0x00, 0x00, 0x04, 0x40, 0x00, 0x00, 0x01, 0x00, 0x00, 0x00, 0x10, 0x40, 0x00, 0x00, 
0x00, 0xd8, 0x00, 0x00, 0x1a, 0x01, 0x3f, 0x02, 0x11, 0x01, 0x3f, 0x02, 0x13, 0x01, 0x00, 0x00, 
0x15, 0x40, 0x00, 0x00, 0x01, 0x00, 0x00, 0x00, 0x15, 0x01, 0x19, 0x00, 0x17, 0x01, 0x07, 0x00, 
0x05, 0x00, 0x01, 0x00, 0x00, 0x40, 0x00, 0x00, 0x00, 0xd8, 0x00, 0x00, 0x0a, 0x01, 0x17, 0x00, 
0x04, 0x01, 0x17, 0x00, 0x04, 0x40, 0x00, 0x00, 0x18, 0x00, 0x00, 0x00, 0x10, 0x40, 0x00, 0x00, 
0x00, 0x00, 0x00, 0x00, 0x1a, 0x01, 0x17, 0x00, 0x11, 0x01, 0x17, 0x00, 0x13, 0x01, 0x17, 0x00, 
0x15, 0x40, 0x00, 0x00, 0x80, 0x04, 0x00, 0x00, 0x14, 0x40, 0x00, 0x00, 0x30, 0x00, 0x00, 0x00, 
0x14, 0x01, 0x01, 0x81, 0x15, 0x01, 0x09, 0x00, 0x17, 0x01, 0x0f, 0x00, 0x05, 0x00, 0x01, 0x00, 
0x31, 0x40, 0x00, 0x00, 0x00, 0xd8, 0x00, 0x00, 0x12, 0x00, 0x00, 0x00, 0x10, 0x00, 0x00, 0x00, 
0x0b, 0x01, 0x3f, 0x02, 0x0c, 0x01, 0x3f, 0x02, 0x0a, 0x01, 0x2f, 0x00, 0x04, 0x01, 0x00, 0x00, 
0x05, 0x40, 0x00, 0x00, 0x30, 0x00, 0x00, 0x00, 0x04, 0x40, 0x00, 0x00, 0x01, 0x00, 0x00, 0x00, 
0x10, 0x40, 0x00, 0x00, 0x00, 0x6c, 0x00, 0x00, 0x1b, 0x01, 0x3f, 0x02, 0x1c, 0x01, 0x3f, 0x02, 
0x1a, 0x01, 0x2f, 0x00, 0x12, 0x01, 0x3f, 0x02, 0x11, 0x01, 0x2f, 0x00, 0x13, 0x01, 0x00, 0x00, 
0x15, 0x40, 0x00, 0x00, 0x01, 0x00, 0x00, 0x00, 0x14, 0x40, 0x00, 0x00, 0x40, 0x02, 0x00, 0x00, 
0x14, 0x01, 0x01, 0x01, 0x17, 0x01, 0x07, 0x00, 0x24, 0x40, 0x1c, 0x00, 0x01, 0x2b, 0x4d, 0x10, 
0x11, 0x00, 0x00, 0x00, 0x05, 0x00, 0x01, 0x00, 0x00, 0x40, 0x00, 0x00, 0x00, 0xa2, 0x00, 0x00, 
0x0b, 0x01, 0x17, 0x00, 0x0c, 0x01, 0x17, 0x00, 0x0a, 0x01, 0x17, 0x00, 0x04, 0x01, 0x17, 0x00, 
0x05, 0x40, 0x00, 0x00, 0x40, 0x02, 0x00, 0x00, 0x04, 0x40, 0x00, 0x00, 0x18, 0x00, 0x00, 0x00, 
0x10, 0x40, 0x00, 0x00, 0x00, 0xd8, 0x00, 0x00, 0x1b, 0x01, 0x17, 0x00, 0x1c, 0x01, 0x17, 0x00, 
0x1a, 0x01, 0x17, 0x00, 0x12, 0x01, 0x17, 0x00, 0x11, 0x01, 0x17, 0x00, 0x13, 0x01, 0x17, 0x00, 
0x15, 0x40, 0x00, 0x00, 0x40, 0x02, 0x00, 0x00, 0x14, 0x40, 0x00, 0x00, 0x18, 0x00, 0x00, 0x00, 
0x17, 0x01, 0x0f, 0x00, 0x24, 0x40, 0x1f, 0x00, 0x01, 0x00, 0x00, 0x80, 0x2f, 0x01, 0x02, 0x00, 
0x05, 0x00, 0x01, 0x00, 0x00, 0x40, 0x00, 0x00, 0x00, 0xd8, 0x00, 0x00, 0x0a, 0x01, 0x3f, 0x02, 
0x04, 0x01, 0x00, 0x00, 0x04, 0x40, 0x00, 0x00, 0x01, 0x00, 0x00, 0x00, 0x10, 0x40, 0x00, 0x00, 
0x00, 0x0e, 0x01, 0x00, 0x1a, 0x01, 0x3f, 0x02, 0x11, 0x01, 0x3f, 0x02, 0x13, 0x01, 0x00, 0x00, 
0x15, 0x40, 0x00, 0x00, 0x01, 0x00, 0x00, 0x00, 0x15, 0x01, 0x19, 0x00, 0x17, 0x01, 0x07, 0x00, 
0x2f, 0x01, 0x03, 0x00, 0x05, 0x00, 0x01, 0x00, 0x00, 0x40, 0x00, 0x00, 0x00, 0x0e, 0x01, 0x00, 
0x0a, 0x01, 0x17, 0x00, 0x04, 0x01, 0x17, 0x00, 0x04, 0x40, 0x00, 0x00, 0x18, 0x00, 0x00, 0x00, 
0x10, 0x40, 0x00, 0x00, 0x00, 0x6c, 0x00, 0x00, 0x1a, 0x01, 0x17, 0x00, 0x11, 0x01, 0x17, 0x00, 
0x13, 0x01, 0x17, 0x00, 0x16, 0x40, 0x00, 0x00, 0x80, 0x01, 0x00, 0x00, 0x15, 0x40, 0x00, 0x00, 
0x00, 0x03, 0x00, 0x00, 0x14, 0x40, 0x00, 0x00, 0x10, 0x00, 0x00, 0x00, 0x14, 0x01, 0x41, 0x00, 
0x20, 0x40, 0x00, 0x00, 0x50, 0xf5, 0x00, 0x00, 0x21, 0x40, 0x00, 0x00, 0x90, 0x02, 0x00, 0x00, 
0x22, 0x40, 0x00, 0x00, 0x60, 0xf4, 0x00, 0x00, 0x23, 0x40, 0x00, 0x00, 0xf0, 0x00, 0x00, 0x00, 
0x26, 0x01, 0x00, 0x00, 0x16, 0x01, 0x05, 0x00, 0x15, 0x01, 0x17, 0x00, 0x17, 0x01, 0x17, 0x00, 
0x2d, 0x01, 0x0e, 0x00, 0x02, 0x00, 0x00, 0x00, 0x00, 0x40, 0x00, 0x00, 0x00, 0x6c, 0x00, 0x00, 
0x06, 0x40, 0x00, 0x00, 0x80, 0x01, 0x00, 0x00, 0x05, 0x40, 0x00, 0x00, 0x00, 0x03, 0x00, 0x00, 
0x04, 0x40, 0x00, 0x00, 0x10, 0x00, 0x00, 0x00, 0x05, 0x01, 0x41, 0x00, 0x00, 0x01, 0x01, 0x00, 
0x01, 0x01, 0x01, 0x00, 0x03, 0x01, 0x01, 0x00, 0x02, 0x01, 0x01, 0x00, 0x10, 0x40, 0x00, 0x00, 
0x00, 0xb4, 0x00, 0x00, 0x21, 0x01, 0x02, 0x00, 0x20, 0x01, 0x02, 0x00, 0x20, 0x40, 0x00, 0x00, 
0xd0, 0xf8, 0x00, 0x00, 0x21, 0x40, 0x00, 0x00, 0x10, 0x01, 0x00, 0x00, 0x22, 0x40, 0x00, 0x00, 
0xe0, 0xf7, 0x00, 0x00, 0x26, 0x01, 0x80, 0xff, 0x16, 0x01, 0x0d, 0x00, 0x15, 0x01, 0x0d, 0x00, 
0x17, 0x01, 0x0f, 0x00, 0x2f, 0x01, 0x01, 0x00, 0x03, 0x00, 0x00, 0x00, 0x00, 0x40, 0x00, 0x00, 
0x00, 0xb4, 0x00, 0x00, 0x00, 0x01, 0x00, 0x00, 0x01, 0x01, 0x00, 0x00, 0x03, 0x01, 0x00, 0x00, 
0x02, 0x01, 0x00, 0x00, 0x10, 0x40, 0x00, 0x00, 0x00, 0x6c, 0x00, 0x00, 0x21, 0x01, 0x00, 0x00, 
0x20, 0x01, 0x00, 0x00, 0x20, 0x40, 0x00, 0x00, 0xd0, 0xfa, 0x00, 0x00, 0x21, 0x40, 0x00, 0x00, 
0x90, 0x02, 0x00, 0x00, 0x22, 0x40, 0x00, 0x00, 0xe0, 0xf9, 0x00, 0x00, 0x26, 0x01, 0x00, 0x00, 
0x16, 0x01, 0x05, 0x00, 0x15, 0x01, 0x17, 0x00, 0x17, 0x01, 0x17, 0x00, 0x2f, 0x01, 0x02, 0x00, 
0x02, 0x00, 0x00, 0x00, 0x00, 0x40, 0x00, 0x00, 0x00, 0x6c, 0x00, 0x00, 0x10, 0x40, 0x00, 0x00, 
0x18, 0x00, 0x00, 0x00, 0x16, 0x40, 0x00, 0x00, 0x01, 0x00, 0x00, 0x00, 0x15, 0x40, 0x00, 0x00, 
0x80, 0x04, 0x00, 0x00, 0x14, 0x40, 0x00, 0x00, 0x30, 0x00, 0x00, 0x00, 0x14, 0x01, 0x01, 0x81, 
0x26, 0x01, 0x80, 0xff, 0x16, 0x01, 0x01, 0x00, 0x15, 0x01, 0x09, 0x00, 0x17, 0x01, 0x0f, 0x00, 
0x2d, 0x01, 0x1e, 0x00, 0x2f, 0x01, 0x03, 0x00, 0x05, 0x00, 0x01, 0x00, 0x00, 0x40, 0x00, 0x00, 
0x00, 0x00, 0x00, 0x00, 0x04, 0x01, 0x2f, 0x00, 0x06, 0x40, 0x00, 0x00, 0x01, 0x00, 0x00, 0x00, 
0x05, 0x40, 0x00, 0x00, 0x80, 0x04, 0x00, 0x00, 0x04, 0x40, 0x00, 0x00, 0x30, 0x00, 0x00, 0x00, 
0x05, 0x01, 0x01, 0x00, 0x03, 0x01, 0x01, 0x00, 0x02, 0x01, 0x01, 0x00, 0x10, 0x40, 0x00, 0x00, 
0x00, 0x6c, 0x00, 0x00, 0x1b, 0x01, 0x0b, 0x00, 0x1c, 0x01, 0x0b, 0x00, 0x1a, 0x01, 0x0b, 0x00, 
0x12, 0x01, 0x0b, 0x00, 0x11, 0x01, 0x0b, 0x00, 0x13, 0x01, 0x2f, 0x00, 0x16, 0x40, 0x00, 0x00, 
0xc0, 0x00, 0x00, 0x00, 0x15, 0x40, 0x00, 0x00, 0x40, 0x02, 0x00, 0x00, 0x14, 0x40, 0x00, 0x00, 
0x10, 0x00, 0x00, 0x00, 0x14, 0x01, 0x41, 0x00, 0x21, 0x01, 0x02, 0x00, 0x20, 0x01, 0x02, 0x00, 
0x22, 0x01, 0x03, 0x00, 0x20, 0x40, 0x00, 0x00, 0x40, 0xff, 0x00, 0x00, 0x21, 0x40, 0x00, 0x00, 
0x00, 0x02, 0x00, 0x00, 0x22, 0x40, 0x00, 0x00, 0x60, 0xfd, 0x00, 0x00, 0x23, 0x40, 0x00, 0x00, 
0xe0, 0x01, 0x00, 0x00, 0x16, 0x01, 0x09, 0x00, 0x15, 0x01, 0x0b, 0x00, 0x0d, 0x01, 0x1a, 0x00, 
0x2f, 0x01, 0x00, 0x00, 0x03, 0x00, 0x00, 0x00, 0x00, 0x40, 0x00, 0x00, 0x00, 0x6c, 0x00, 0x00, 
0x0b, 0x01, 0x0b, 0x00, 0x0c, 0x01, 0x0b, 0x00, 0x0a, 0x01, 0x0b, 0x00, 0x06, 0x40, 0x00, 0x00, 
0xc0, 0x00, 0x00, 0x00, 0x05, 0x40, 0x00, 0x00, 0x40, 0x02, 0x00, 0x00, 0x04, 0x40, 0x00, 0x00, 
0x10, 0x00, 0x00, 0x00, 0x05, 0x01, 0x41, 0x00, 0x03, 0x01, 0x00, 0x00, 0x02, 0x01, 0x00, 0x00, 
0x10, 0x40, 0x00, 0x00, 0x00, 0xa2, 0x00, 0x00, 0x21, 0x01, 0x00, 0x00, 0x20, 0x01, 0x00, 0x00, 
0x22, 0x01, 0x00, 0x00, 0x20, 0x40, 0x00, 0x00, 0x20, 0x03, 0x01, 0x00, 0x21, 0x40, 0x00, 0x00, 
0xd0, 0x09, 0x00, 0x00, 0x22, 0x40, 0x00, 0x00, 0x40, 0x01, 0x01, 0x00, 0x26, 0x01, 0x00, 0x00, 
0x17, 0x01, 0x1f, 0x00, 0x0d, 0x01, 0x0a, 0x00, 0x2d, 0x01, 0x0e, 0x00, 0x2f, 0x01, 0x03, 0x00, 
0x02, 0x00, 0x00, 0x00, 0x00, 0x40, 0x00, 0x00, 0x00, 0xa2, 0x00, 0x00, 0x10, 0x40, 0x00, 0x00, 
0x00, 0x6c, 0x00, 0x00, 0x15, 0x40, 0x00, 0x00, 0x80, 0x04, 0x00, 0x00, 0x14, 0x01, 0x41, 0x81, 
0x26, 0x01, 0x80, 0xff, 0x16, 0x01, 0x07, 0x00, 0x15, 0x01, 0x09, 0x00, 0x17, 0x01, 0x2f, 0x00, 
0x2f, 0x01, 0x02, 0x00, 0x05, 0x00, 0x01, 0x00, 0x00, 0x40, 0x00, 0x00, 0x00, 0x00, 0x00, 0x00, 
0x0b, 0x01, 0x17, 0x00, 0x0c, 0x01, 0x17, 0x00, 0x0a, 0x01, 0x17, 0x00, 0x06, 0x40, 0x00, 0x00, 
0x01, 0x00, 0x00, 0x00, 0x05, 0x40, 0x00, 0x00, 0x80, 0x04, 0x00, 0x00, 0x04, 0x40, 0x00, 0x00, 
0x30, 0x00, 0x00, 0x00, 0x05, 0x01, 0x01, 0x00, 0x10, 0x40, 0x00, 0x00, 0x00, 0xa2, 0x00, 0x00, 
0x1b, 0x01, 0x17, 0x00, 0x1c, 0x01, 0x17, 0x00, 0x1a, 0x01, 0x17, 0x00, 0x12, 0x01, 0x17, 0x00, 
0x11, 0x01, 0x17, 0x00, 0x16, 0x40, 0x00, 0x00, 0x80, 0x01, 0x00, 0x00, 0x14, 0x01, 0x41, 0x00, 
0x20, 0x40, 0x00, 0x00, 0xd0, 0x0e, 0x01, 0x00, 0x21, 0x40, 0x00, 0x00, 0x60, 0x0a, 0x00, 0x00, 
0x22, 0x40, 0x00, 0x00, 0xf0, 0x0c, 0x01, 0x00, 0x26, 0x01, 0x00, 0x00, 0x16, 0x01, 0x05, 0x00, 
0x15, 0x01, 0x0b, 0x00, 0x2f, 0x01, 0x03, 0x00, 0x02, 0x00, 0x00, 0x00, 0x00, 0x40, 0x00, 0x00, 
0x00, 0xa2, 0x00, 0x00, 0x06, 0x40, 0x00, 0x00, 0x80, 0x01, 0x00, 0x00, 0x04, 0x40, 0x00, 0x00, 
0x10, 0x00, 0x00, 0x00, 0x05, 0x01, 0x41, 0x00, 0x03, 0x01, 0x01, 0x00, 0x02, 0x01, 0x01, 0x00, 
0x10, 0x40, 0x00, 0x00, 0x00, 0x00, 0x00, 0x00, 0x1b, 0x01, 0x0b, 0x00, 0x1c, 0x01, 0x0b, 0x00, 
0x1a, 0x01, 0x0b, 0x00, 0x12, 0x01, 0x0b, 0x00, 0x11, 0x01, 0x0b, 0x00, 0x16, 0x40, 0x00, 0x00, 
0xc0, 0x00, 0x00, 0x00, 0x15, 0x40, 0x00, 0x00, 0x40, 0x02, 0x00, 0x00, 0x21, 0x01, 0x02, 0x00, 
0x20, 0x01, 0x02, 0x00, 0x22, 0x01, 0x03, 0x00, 0x20, 0x40, 0x00, 0x00, 0x10, 0x1b, 0x01, 0x00, 
0x21, 0x40, 0x00, 0x00, 0x00, 0x02, 0x00, 0x00, 0x22, 0x40, 0x00, 0x00, 0x30, 0x19, 0x01, 0x00, 
0x26, 0x01, 0x80, 0xff, 0x16, 0x01, 0x09, 0x00, 0x17, 0x01, 0x0f, 0x00, 0x0d, 0x01, 0x1a, 0x00, 
0x2d, 0x01, 0x1e, 0x00, 0x2f, 0x01, 0x00, 0x00, 0x03, 0x00, 0x00, 0x00, 0x00, 0x40, 0x00, 0x00, 
0x00, 0x00, 0x00, 0x00, 0x0b, 0x01, 0x0b, 0x00, 0x0c, 0x01, 0x0b, 0x00, 0x0a, 0x01, 0x0b, 0x00, 
0x06, 0x40, 0x00, 0x00, 0xc0, 0x00, 0x00, 0x00, 0x05, 0x40, 0x00, 0x00, 0x40, 0x02, 0x00, 0x00, 
0x03, 0x01, 0x00, 0x00, 0x02, 0x01, 0x00, 0x00, 0x10, 0x40, 0x00, 0x00, 0x00, 0x1b, 0x00, 0x00, 
0x21, 0x01, 0x00, 0x00, 0x20, 0x01, 0x00, 0x00, 0x22, 0x01, 0x00, 0x00, 0x20, 0x40, 0x00, 0x00, 
0xf0, 0x1e, 0x01, 0x00, 0x21, 0x40, 0x00, 0x00, 0x30, 0x0a, 0x00, 0x00, 0x22, 0x40, 0x00, 0x00, 
0x10, 0x1d, 0x01, 0x00, 0x26, 0x01, 0x00, 0x00, 0x17, 0x01, 0x1f, 0x00, 0x0d, 0x01, 0x0a, 0x00, 
0x2d, 0x01, 0x0e, 0x00, 0x2f, 0x01, 0x03, 0x00, 0x02, 0x00, 0x00, 0x00, 0x00, 0x40, 0x00, 0x00, 
0x00, 0x1b, 0x00, 0x00, 0x10, 0x40, 0x00, 0x00, 0x40, 0x6e, 0x00, 0x00, 0x15, 0x40, 0x00, 0x00, 
0x80, 0x04, 0x00, 0x00, 0x14, 0x01, 0x41, 0x81, 0x26, 0x01, 0x80, 0xff, 0x16, 0x01, 0x07, 0x00, 
0x15, 0x01, 0x09, 0x00, 0x17, 0x01, 0x2f, 0x00, 0x2f, 0x01, 0x02, 0x00, 0x05, 0x00, 0x01, 0x00, 
0x00, 0x40, 0x00, 0x00, 0x00, 0x6c, 0x00, 0x00, 0x04, 0x01, 0x5f, 0x00, 0x05, 0x40, 0x00, 0x00, 
0x80, 0x04, 0x00, 0x00, 0x10, 0x40, 0x00, 0x00, 0x00, 0x36, 0x00, 0x00, 0x13, 0x01, 0x5f, 0x00, 
0x16, 0x40, 0x00, 0x00, 0x01, 0x00, 0x00, 0x00, 0x14, 0x40, 0x00, 0x00, 0x60, 0x00, 0x00, 0x00, 
0x14, 0x01, 0x01, 0x00, 0x20, 0x40, 0x00, 0x00, 0xe0, 0x2c, 0x01, 0x00, 0x21, 0x40, 0x00, 0x00, 
0xe0, 0x00, 0x00, 0x00, 0x22, 0x40, 0x00, 0x00, 0x20, 0x29, 0x01, 0x00, 0x23, 0x40, 0x00, 0x00, 
0xc0, 0x03, 0x00, 0x00, 0x16, 0x01, 0x05, 0x00, 0x15, 0x01, 0x0b, 0x00, 0x2f, 0x01, 0x03, 0x00, 
0x02, 0x00, 0x00, 0x00, 0x30, 0x40, 0x00, 0x00, 0x00, 0x36, 0x00, 0x00, 0x31, 0x40, 0x00, 0x00, 
0x00, 0x00, 0x00, 0x00, 0x32, 0x40, 0x00, 0x00, 0x00, 0x36, 0x00, 0x00, 0x12, 0x00, 0x00, 0x00, 
0x10, 0x00, 0x00, 0x00, 0x00, 0x40, 0x00, 0x00, 0x00, 0x00, 0x00, 0x00, 0x0b, 0x01, 0x8f, 0x00, 
0x0c, 0x01, 0x8f, 0x00, 0x0a, 0x01, 0x5f, 0x00, 0x04, 0x01, 0x00, 0x00, 0x06, 0x40, 0x00, 0x00, 
0x01, 0x00, 0x00, 0x00, 0x05, 0x40, 0x00, 0x00, 0x60, 0x00, 0x00, 0x00, 0x04, 0x40, 0x00, 0x00, 
0x01, 0x00, 0x00, 0x00, 0x05, 0x01, 0x01, 0x00, 0x10, 0x40, 0x00, 0x00, 0x00, 0x6c, 0x00, 0x00, 
0x1b, 0x01, 0x8f, 0x00, 0x1c, 0x01, 0x8f, 0x00, 0x1a, 0x01, 0x5f, 0x00, 0x12, 0x01, 0x8f, 0x00, 
0x11, 0x01, 0x5f, 0x00, 0x13, 0x01, 0x00, 0x00, 0x15, 0x40, 0x00, 0x00, 0x01, 0x00, 0x00, 0x00, 
0x14, 0x40, 0x00, 0x00, 0x90, 0x00, 0x00, 0x00, 0x14, 0x01, 0x01, 0x01, 0x16, 0x01, 0x01, 0x00, 
0x15, 0x01, 0x09, 0x00, 0x17, 0x01, 0x07, 0x00, 0x2d, 0x01, 0x1e, 0x00, 0x11, 0x00, 0x00, 0x00, 
0x05, 0x00, 0x01, 0x00, 0x00, 0x40, 0x00, 0x00, 0x00, 0x6c, 0x00, 0x00, 0x0b, 0x01, 0x2f, 0x00, 
0x0c, 0x01, 0x2f, 0x00, 0x0a, 0x01, 0x0b, 0x00, 0x04, 0x01, 0x0b, 0x00, 0x05, 0x40, 0x00, 0x00, 
0x90, 0x00, 0x00, 0x00, 0x04, 0x40, 0x00, 0x00, 0x0c, 0x00, 0x00, 0x00, 0x10, 0x40, 0x00, 0x00, 
0x00, 0x00, 0x00, 0x00, 0x1b, 0x01, 0x2f, 0x00, 0x1c, 0x01, 0x2f, 0x00, 0x1a, 0x01, 0x0b, 0x00, 
0x12, 0x01, 0x2f, 0x00, 0x11, 0x01, 0x0b, 0x00, 0x13, 0x01, 0x0b, 0x00, 0x15, 0x40, 0x00, 0x00, 
0x90, 0x00, 0x00, 0x00, 0x14, 0x40, 0x00, 0x00, 0x0c, 0x00, 0x00, 0x00, 0x17, 0x01, 0x0f, 0x00, 
0x05, 0x00, 0x01, 0x00, 0x00, 0x40, 0x00, 0x00, 0x00, 0x00, 0x00, 0x00, 0x0a, 0x01, 0x8f, 0x00, 
0x04, 0x01, 0x00, 0x00, 0x04, 0x40, 0x00, 0x00, 0x01, 0x00, 0x00, 0x00, 0x10, 0x40, 0x00, 0x00, 
0x00, 0x6c, 0x00, 0x00, 0x1a, 0x01, 0x8f, 0x00, 0x11, 0x01, 0x8f, 0x00, 0x13, 0x01, 0x00, 0x00, 
0x15, 0x40, 0x00, 0x00, 0x01, 0x00, 0x00, 0x00, 0x14, 0x40, 0x00, 0x00, 0x30, 0x00, 0x00, 0x00, 
0x16, 0x01, 0x07, 0x00, 0x15, 0x01, 0x3b, 0x00, 0x17, 0x01, 0x07, 0x00, 0x2d, 0x01, 0x0e, 0x00, 
0x05, 0x00, 0x01, 0x00, 0x00, 0x40, 0x00, 0x00, 0x00, 0x6c, 0x00, 0x00, 0x0b, 0x01, 0x0b, 0x00, 
0x0c, 0x01, 0x0b, 0x00, 0x0a, 0x01, 0x0b, 0x00, 0x04, 0x01, 0x2f, 0x00, 0x05, 0x40, 0x00, 0x00, 
0x40, 0x02, 0x00, 0x00, 0x04, 0x40, 0x00, 0x00, 0x30, 0x00, 0x00, 0x00, 0x10, 0x40, 0x00, 0x00, 
0x00, 0x00, 0x00, 0x00, 0x1b, 0x01, 0x0b, 0x00, 0x1c, 0x01, 0x0b, 0x00, 0x1a, 0x01, 0x0b, 0x00, 
0x12, 0x01, 0x0b, 0x00, 0x11, 0x01, 0x0b, 0x00, 0x13, 0x01, 0x2f, 0x00, 0x16, 0x40, 0x00, 0x00, 
0xc0, 0x00, 0x00, 0x00, 0x15, 0x40, 0x00, 0x00, 0x80, 0x04, 0x00, 0x00, 0x14, 0x40, 0x00, 0x00, 
0x10, 0x00, 0x00, 0x00, 0x14, 0x01, 0x41, 0x81, 0x15, 0x01, 0x09, 0x00, 0x17, 0x01, 0x2f, 0x00, 
0x2f, 0x01, 0x01, 0x00, 0x05, 0x00, 0x01, 0x00, 0x31, 0x40, 0x00, 0x00, 0x00, 0x6c, 0x00, 0x00, 
0x12, 0x00, 0x00, 0x00, 0x10, 0x00, 0x00, 0x00, 0x0b, 0x01, 0x8f, 0x00, 0x0c, 0x01, 0x8f, 0x00, 
0x0a, 0x01, 0x5f, 0x00, 0x04, 0x01, 0x00, 0x00, 0x05, 0x40, 0x00, 0x00, 0x60, 0x00, 0x00, 0x00, 
0x04, 0x40, 0x00, 0x00, 0x01, 0x00, 0x00, 0x00, 0x10, 0x40, 0x00, 0x00, 0x00, 0x36, 0x00, 0x00, 
0x1b, 0x01, 0x8f, 0x00, 0x1c, 0x01, 0x8f, 0x00, 0x1a, 0x01, 0x5f, 0x00, 0x12, 0x01, 0x8f, 0x00, 
0x11, 0x01, 0x5f, 0x00, 0x13, 0x01, 0x00, 0x00, 0x16, 0x40, 0x00, 0x00, 0x01, 0x00, 0x00, 0x00, 
0x15, 0x40, 0x00, 0x00, 0x01, 0x00, 0x00, 0x00, 0x14, 0x40, 0x00, 0x00, 0x90, 0x00, 0x00, 0x00, 
0x14, 0x01, 0x01, 0x01, 0x16, 0x01, 0x01, 0x00, 0x17, 0x01, 0x07, 0x00, 0x2d, 0x01, 0x1e, 0x00, 
0x24, 0x40, 0x20, 0x00, 0x01, 0x10, 0x2b, 0xd8, 0x2f, 0x01, 0x03, 0x00, 0x11, 0x00, 0x00, 0x00, 
0x05, 0x00, 0x01, 0x00, 0x00, 0x40, 0x00, 0x00, 0x00, 0x51, 0x00, 0x00, 0x0b, 0x01, 0x2f, 0x00, 
0x0c, 0x01, 0x2f, 0x00, 0x0a, 0x01, 0x0b, 0x00, 0x04, 0x01, 0x0b, 0x00, 0x05, 0x40, 0x00, 0x00, 
0x90, 0x00, 0x00, 0x00, 0x04, 0x40, 0x00, 0x00, 0x0c, 0x00, 0x00, 0x00, 0x10, 0x40, 0x00, 0x00, 
0x00, 0x6c, 0x00, 0x00, 0x1b, 0x01, 0x2f, 0x00, 0x1c, 0x01, 0x2f, 0x00, 0x1a, 0x01, 0x0b, 0x00, 
0x12, 0x01, 0x2f, 0x00, 0x11, 0x01, 0x0b, 0x00, 0x13, 0x01, 0x0b, 0x00, 0x15, 0x40, 0x00, 0x00, 
0x90, 0x00, 0x00, 0x00, 0x14, 0x40, 0x00, 0x00, 0x0c, 0x00, 0x00, 0x00, 0x17, 0x01, 0x0f, 0x00, 
0x24, 0x40, 0x1f, 0x00, 0x01, 0x00, 0x00, 0x80, 0x05, 0x00, 0x01, 0x00, 0x00, 0x40, 0x00, 0x00, 
0x00, 0x6c, 0x00, 0x00, 0x0a, 0x01, 0x8f, 0x00, 0x04, 0x01, 0x00, 0x00, 0x04, 0x40, 0x00, 0x00, 
0x01, 0x00, 0x00, 0x00, 0x10, 0x40, 0x00, 0x00, 0x00, 0x36, 0x00, 0x00, 0x1a, 0x01, 0x8f, 0x00, 
0x11, 0x01, 0x8f, 0x00, 0x13, 0x01, 0x00, 0x00, 0x15, 0x40, 0x00, 0x00, 0x01, 0x00, 0x00, 0x00, 
0x14, 0x40, 0x00, 0x00, 0x30, 0x00, 0x00, 0x00, 0x16, 0x01, 0x07, 0x00, 0x15, 0x01, 0x3b, 0x00, 
0x17, 0x01, 0x07, 0x00, 0x2d, 0x01, 0x0e, 0x00, 0x05, 0x00, 0x01, 0x00, 0x00, 0x40, 0x00, 0x00, 
0x00, 0x36, 0x00, 0x00, 0x0b, 0x01, 0x0b, 0x00, 0x0c, 0x01, 0x0b, 0x00, 0x0a, 0x01, 0x0b, 0x00, 
0x04, 0x01, 0x2f, 0x00, 0x05, 0x40, 0x00, 0x00, 0x40, 0x02, 0x00, 0x00, 0x04, 0x40, 0x00, 0x00, 
0x30, 0x00, 0x00, 0x00, 0x10, 0x40, 0x00, 0x00, 0x00, 0x51, 0x00, 0x00, 0x1b, 0x01, 0x0b, 0x00, 
0x1c, 0x01, 0x0b, 0x00, 0x1a, 0x01, 0x0b, 0x00, 0x12, 0x01, 0x0b, 0x00, 0x11, 0x01, 0x0b, 0x00, 
0x13, 0x01, 0x2f, 0x00, 0x16, 0x40, 0x00, 0x00, 0xc0, 0x00, 0x00, 0x00, 0x15, 0x40, 0x00, 0x00, 
0x40, 0x02, 0x00, 0x00, 0x14, 0x40, 0x00, 0x00, 0x10, 0x00, 0x00, 0x00, 0x14, 0x01, 0x41, 0x00, 
0x20, 0x40, 0x00, 0x00, 0xa0, 0x2f, 0x01, 0x00, 0x21, 0x40, 0x00, 0x00, 0x40, 0x0a, 0x00, 0x00, 
0x22, 0x40, 0x00, 0x00, 0xc0, 0x2d, 0x01, 0x00, 0x23, 0x40, 0x00, 0x00, 0xe0, 0x01, 0x00, 0x00, 
0x26, 0x01, 0x00, 0x00, 0x16, 0x01, 0x09, 0x00, 0x15, 0x01, 0x0b, 0x00, 0x17, 0x01, 0x1f, 0x00, 
0x2f, 0x01, 0x00, 0x00, 0x02, 0x00, 0x00, 0x00, 0x00, 0x40, 0x00, 0x00, 0x00, 0x51, 0x00, 0x00, 
0x06, 0x40, 0x00, 0x00, 0xc0, 0x00, 0x00, 0x00, 0x04, 0x40, 0x00, 0x00, 0x10, 0x00, 0x00, 0x00, 
0x05, 0x01, 0x41, 0x00, 0x00, 0x01, 0x01, 0x00, 0x01, 0x01, 0x01, 0x00, 0x03, 0x01, 0x01, 0x00, 
0x02, 0x01, 0x01, 0x00, 0x10, 0x40, 0x00, 0x00, 0x00, 0x36, 0x00, 0x00, 0x21, 0x01, 0x02, 0x00, 
0x20, 0x01, 0x02, 0x00, 0x20, 0x40, 0x00, 0x00, 0xc0, 0x3b, 0x01, 0x00, 0x21, 0x40, 0x00, 0x00, 
0x00, 0x02, 0x00, 0x00, 0x22, 0x40, 0x00, 0x00, 0xe0, 0x39, 0x01, 0x00, 0x26, 0x01, 0x80, 0xff, 
0x16, 0x01, 0x05, 0x00, 0x2f, 0x01, 0x02, 0x00, 0x03, 0x00, 0x00, 0x00, 0x00, 0x40, 0x00, 0x00, 
0x00, 0x36, 0x00, 0x00, 0x00, 0x01, 0x00, 0x00, 0x01, 0x01, 0x00, 0x00, 0x03, 0x01, 0x00, 0x00, 
0x02, 0x01, 0x00, 0x00, 0x10, 0x40, 0x00, 0x00, 0x00, 0x51, 0x00, 0x00, 0x21, 0x01, 0x00, 0x00, 
0x20, 0x01, 0x00, 0x00, 0x20, 0x40, 0x00, 0x00, 0xa0, 0x3f, 0x01, 0x00, 0x21, 0x40, 0x00, 0x00, 
0xe0, 0x09, 0x00, 0x00, 0x22, 0x40, 0x00, 0x00, 0xc0, 0x3d, 0x01, 0x00, 0x26, 0x01, 0x00, 0x00, 
0x16, 0x01, 0x09, 0x00, 0x2f, 0x01, 0x01, 0x00, 0x02, 0x00, 0x00, 0x00, 0x00, 0x40, 0x00, 0x00, 
0x00, 0x51, 0x00, 0x00, 0x10, 0x40, 0x00, 0x00, 0x40, 0x02, 0x00, 0x00, 0x15, 0x40, 0x00, 0x00, 
0x80, 0x04, 0x00, 0x00, 0x14, 0x01, 0x41, 0x81, 0x26, 0x01, 0x80, 0xff, 0x16, 0x01, 0x07, 0x00, 
0x15, 0x01, 0x09, 0x00, 0x17, 0x01, 0x2f, 0x00, 0x2f, 0x01, 0x02, 0x00, 0x05, 0x00, 0x01, 0x00, 
0x00, 0x40, 0x00, 0x00, 0x00, 0x00, 0x00, 0x00, 0x04, 0x01, 0x5f, 0x00, 0x05, 0x40, 0x00, 0x00, 
0x80, 0x04, 0x00, 0x00, 0x10, 0x40, 0x00, 0x00, 0x00, 0x36, 0x00, 0x00, 0x13, 0x01, 0x5f, 0x00, 
0x16, 0x40, 0x00, 0x00, 0x01, 0x00, 0x00, 0x00, 0x14, 0x40, 0x00, 0x00, 0x60, 0x00, 0x00, 0x00, 
0x14, 0x01, 0x01, 0x00, 0x20, 0x40, 0x00, 0x00, 0x40, 0x4d, 0x01, 0x00, 0x21, 0x40, 0x00, 0x00, 
0xe0, 0x00, 0x00, 0x00, 0x22, 0x40, 0x00, 0x00, 0x80, 0x49, 0x01, 0x00, 0x23, 0x40, 0x00, 0x00, 
0xc0, 0x03, 0x00, 0x00, 0x16, 0x01, 0x05, 0x00, 0x15, 0x01, 0x0b, 0x00, 0x2f, 0x01, 0x03, 0x00, 
0x02, 0x00, 0x00, 0x00, 0x31, 0x40, 0x00, 0x00, 0x00, 0x00, 0x00, 0x00, 0x12, 0x00, 0x00, 0x00, 
0x10, 0x00, 0x00, 0x00, 0x0b, 0x01, 0x8f, 0x00, 0x0c, 0x01, 0x8f, 0x00, 0x0a, 0x01, 0x5f, 0x00, 
0x04, 0x01, 0x00, 0x00, 0x06, 0x40, 0x00, 0x00, 0x01, 0x00, 0x00, 0x00, 0x05, 0x40, 0x00, 0x00, 
0x60, 0x00, 0x00, 0x00, 0x04, 0x40, 0x00, 0x00, 0x01, 0x00, 0x00, 0x00, 0x05, 0x01, 0x01, 0x00, 
0x10, 0x40, 0x00, 0x00, 0x00, 0x6c, 0x00, 0x00, 0x1b, 0x01, 0x8f, 0x00, 0x1c, 0x01, 0x8f, 0x00, 
0x1a, 0x01, 0x5f, 0x00, 0x12, 0x01, 0x8f, 0x00, 0x11, 0x01, 0x5f, 0x00, 0x13, 0x01, 0x00, 0x00, 
0x15, 0x40, 0x00, 0x00, 0x01, 0x00, 0x00, 0x00, 0x14, 0x40, 0x00, 0x00, 0x90, 0x00, 0x00, 0x00, 
0x14, 0x01, 0x01, 0x01, 0x16, 0x01, 0x01, 0x00, 0x15, 0x01, 0x09, 0x00, 0x17, 0x01, 0x07, 0x00, 
0x2d, 0x01, 0x1e, 0x00, 0x11, 0x00, 0x00, 0x00, 0x05, 0x00, 0x01, 0x00, 0x00, 0x40, 0x00, 0x00, 
0x00, 0x6c, 0x00, 0x00, 0x0b, 0x01, 0x2f, 0x00, 0x0c, 0x01, 0x2f, 0x00, 0x0a, 0x01, 0x0b, 0x00, 
0x04, 0x01, 0x0b, 0x00, 0x05, 0x40, 0x00, 0x00, 0x90, 0x00, 0x00, 0x00, 0x04, 0x40, 0x00, 0x00, 
0x0c, 0x00, 0x00, 0x00, 0x10, 0x40, 0x00, 0x00, 0x00, 0x00, 0x00, 0x00, 0x1b, 0x01, 0x2f, 0x00, 
0x1c, 0x01, 0x2f, 0x00, 0x1a, 0x01, 0x0b, 0x00, 0x12, 0x01, 0x2f, 0x00, 0x11, 0x01, 0x0b, 0x00, 
0x13, 0x01, 0x0b, 0x00, 0x15, 0x40, 0x00, 0x00, 0x90, 0x00, 0x00, 0x00, 0x14, 0x40, 0x00, 0x00, 
0x0c, 0x00, 0x00, 0x00, 0x17, 0x01, 0x0f, 0x00, 0x05, 0x00, 0x01, 0x00, 0x00, 0x40, 0x00, 0x00, 
0x00, 0x00, 0x00, 0x00, 0x0a, 0x01, 0x8f, 0x00, 0x04, 0x01, 0x00, 0x00, 0x04, 0x40, 0x00, 0x00, 
0x01, 0x00, 0x00, 0x00, 0x10, 0x40, 0x00, 0x00, 0x00, 0x6c, 0x00, 0x00, 0x1a, 0x01, 0x8f, 0x00, 
0x11, 0x01, 0x8f, 0x00, 0x13, 0x01, 0x00, 0x00, 0x15, 0x40, 0x00, 0x00, 0x01, 0x00, 0x00, 0x00, 
0x14, 0x40, 0x00, 0x00, 0x30, 0x00, 0x00, 0x00, 0x16, 0x01, 0x07, 0x00, 0x15, 0x01, 0x3b, 0x00, 
0x17, 0x01, 0x07, 0x00, 0x2d, 0x01, 0x0e, 0x00, 0x05, 0x00, 0x01, 0x00, 0x00, 0x40, 0x00, 0x00, 
0x00, 0x6c, 0x00, 0x00, 0x0b, 0x01, 0x0b, 0x00, 0x0c, 0x01, 0x0b, 0x00, 0x0a, 0x01, 0x0b, 0x00, 
0x04, 0x01, 0x2f, 0x00, 0x05, 0x40, 0x00, 0x00, 0x40, 0x02, 0x00, 0x00, 0x04, 0x40, 0x00, 0x00, 
0x30, 0x00, 0x00, 0x00, 0x10, 0x40, 0x00, 0x00, 0x00, 0x00, 0x00, 0x00, 0x1b, 0x01, 0x0b, 0x00, 
0x1c, 0x01, 0x0b, 0x00, 0x1a, 0x01, 0x0b, 0x00, 0x12, 0x01, 0x0b, 0x00, 0x11, 0x01, 0x0b, 0x00, 
0x13, 0x01, 0x2f, 0x00, 0x16, 0x40, 0x00, 0x00, 0xc0, 0x00, 0x00, 0x00, 0x15, 0x40, 0x00, 0x00, 
0x80, 0x04, 0x00, 0x00, 0x14, 0x40, 0x00, 0x00, 0x10, 0x00, 0x00, 0x00, 0x14, 0x01, 0x41, 0x81, 
0x15, 0x01, 0x09, 0x00, 0x17, 0x01, 0x2f, 0x00, 0x2f, 0x01, 0x01, 0x00, 0x05, 0x00, 0x01, 0x00, 
0x31, 0x40, 0x00, 0x00, 0x00, 0x6c, 0x00, 0x00, 0x12, 0x00, 0x00, 0x00, 0x10, 0x00, 0x00, 0x00, 
0x0b, 0x01, 0x8f, 0x00, 0x0c, 0x01, 0x8f, 0x00, 0x0a, 0x01, 0x5f, 0x00, 0x04, 0x01, 0x00, 0x00, 
0x05, 0x40, 0x00, 0x00, 0x60, 0x00, 0x00, 0x00, 0x04, 0x40, 0x00, 0x00, 0x01, 0x00, 0x00, 0x00, 
0x10, 0x40, 0x00, 0x00, 0x00, 0x36, 0x00, 0x00, 0x1b, 0x01, 0x8f, 0x00, 0x1c, 0x01, 0x8f, 0x00, 
0x1a, 0x01, 0x5f, 0x00, 0x12, 0x01, 0x8f, 0x00, 0x11, 0x01, 0x5f, 0x00, 0x13, 0x01, 0x00, 0x00, 
0x16, 0x40, 0x00, 0x00, 0x01, 0x00, 0x00, 0x00, 0x15, 0x40, 0x00, 0x00, 0x01, 0x00, 0x00, 0x00, 
0x14, 0x40, 0x00, 0x00, 0x90, 0x00, 0x00, 0x00, 0x14, 0x01, 0x01, 0x01, 0x16, 0x01, 0x01, 0x00, 
0x17, 0x01, 0x07, 0x00, 0x2d, 0x01, 0x1e, 0x00, 0x2f, 0x01, 0x03, 0x00, 0x11, 0x00, 0x00, 0x00, 
0x05, 0x00, 0x01, 0x00, 0x00, 0x40, 0x00, 0x00, 0x00, 0x51, 0x00, 0x00, 0x0b, 0x01, 0x2f, 0x00, 
0x0c, 0x01, 0x2f, 0x00, 0x0a, 0x01, 0x0b, 0x00, 0x04, 0x01, 0x0b, 0x00, 0x05, 0x40, 0x00, 0x00, 
0x90, 0x00, 0x00, 0x00, 0x04, 0x40, 0x00, 0x00, 0x0c, 0x00, 0x00, 0x00, 0x10, 0x40, 0x00, 0x00, 
0x00, 0x6c, 0x00, 0x00, 0x1b, 0x01, 0x2f, 0x00, 0x1c, 0x01, 0x2f, 0x00, 0x1a, 0x01, 0x0b, 0x00, 
0x12, 0x01, 0x2f, 0x00, 0x11, 0x01, 0x0b, 0x00, 0x13, 0x01, 0x0b, 0x00, 0x15, 0x40, 0x00, 0x00, 
0x90, 0x00, 0x00, 0x00, 0x14, 0x40, 0x00, 0x00, 0x0c, 0x00, 0x00, 0x00, 0x17, 0x01, 0x0f, 0x00, 
0x05, 0x00, 0x01, 0x00, 0x00, 0x40, 0x00, 0x00, 0x00, 0x6c, 0x00, 0x00, 0x0a, 0x01, 0x8f, 0x00, 
0x04, 0x01, 0x00, 0x00, 0x04, 0x40, 0x00, 0x00, 0x01, 0x00, 0x00, 0x00, 0x10, 0x40, 0x00, 0x00, 
0x00, 0x36, 0x00, 0x00, 0x1a, 0x01, 0x8f, 0x00, 0x11, 0x01, 0x8f, 0x00, 0x13, 0x01, 0x00, 0x00, 
0x15, 0x40, 0x00, 0x00, 0x01, 0x00, 0x00, 0x00, 0x14, 0x40, 0x00, 0x00, 0x30, 0x00, 0x00, 0x00, 
0x16, 0x01, 0x07, 0x00, 0x15, 0x01, 0x3b, 0x00, 0x17, 0x01, 0x07, 0x00, 0x2d, 0x01, 0x0e, 0x00, 
0x05, 0x00, 0x01, 0x00, 0x00, 0x40, 0x00, 0x00, 0x00, 0x36, 0x00, 0x00, 0x0b, 0x01, 0x0b, 0x00, 
0x0c, 0x01, 0x0b, 0x00, 0x0a, 0x01, 0x0b, 0x00, 0x04, 0x01, 0x2f, 0x00, 0x05, 0x40, 0x00, 0x00, 
0x40, 0x02, 0x00, 0x00, 0x04, 0x40, 0x00, 0x00, 0x30, 0x00, 0x00, 0x00, 0x10, 0x40, 0x00, 0x00, 
0x00, 0x51, 0x00, 0x00, 0x1b, 0x01, 0x0b, 0x00, 0x1c, 0x01, 0x0b, 0x00, 0x1a, 0x01, 0x0b, 0x00, 
0x12, 0x01, 0x0b, 0x00, 0x11, 0x01, 0x0b, 0x00, 0x13, 0x01, 0x2f, 0x00, 0x16, 0x40, 0x00, 0x00, 
0xc0, 0x00, 0x00, 0x00, 0x15, 0x40, 0x00, 0x00, 0x40, 0x02, 0x00, 0x00, 0x14, 0x40, 0x00, 0x00, 
0x10, 0x00, 0x00, 0x00, 0x14, 0x01, 0x41, 0x00, 0x20, 0x40, 0x00, 0x00, 0x00, 0x50, 0x01, 0x00, 
0x21, 0x40, 0x00, 0x00, 0xe0, 0x09, 0x00, 0x00, 0x22, 0x40, 0x00, 0x00, 0x20, 0x4e, 0x01, 0x00, 
0x23, 0x40, 0x00, 0x00, 0xe0, 0x01, 0x00, 0x00, 0x26, 0x01, 0x00, 0x00, 0x16, 0x01, 0x09, 0x00, 
0x15, 0x01, 0x0b, 0x00, 0x17, 0x01, 0x1f, 0x00, 0x2f, 0x01, 0x00, 0x00, 0x02, 0x00, 0x00, 0x00, 
0x00, 0x40, 0x00, 0x00, 0x00, 0x51, 0x00, 0x00, 0x06, 0x40, 0x00, 0x00, 0xc0, 0x00, 0x00, 0x00, 
0x04, 0x40, 0x00, 0x00, 0x10, 0x00, 0x00, 0x00, 0x05, 0x01, 0x41, 0x00, 0x00, 0x01, 0x01, 0x00, 
0x01, 0x01, 0x01, 0x00, 0x03, 0x01, 0x01, 0x00, 0x02, 0x01, 0x01, 0x00, 0x10, 0x40, 0x00, 0x00, 
0x00, 0x36, 0x00, 0x00, 0x21, 0x01, 0x02, 0x00, 0x20, 0x01, 0x02, 0x00, 0x20, 0x40, 0x00, 0x00, 
0xc0, 0x5b, 0x01, 0x00, 0x21, 0x40, 0x00, 0x00, 0x00, 0x02, 0x00, 0x00, 0x22, 0x40, 0x00, 0x00, 
0xe0, 0x59, 0x01, 0x00, 0x26, 0x01, 0x80, 0xff, 0x16, 0x01, 0x05, 0x00, 0x2f, 0x01, 0x02, 0x00, 
0x03, 0x00, 0x00, 0x00, 0x00, 0x40, 0x00, 0x00, 0x00, 0x36, 0x00, 0x00, 0x00, 0x01, 0x00, 0x00, 
0x01, 0x01, 0x00, 0x00, 0x03, 0x01, 0x00, 0x00, 0x02, 0x01, 0x00, 0x00, 0x10, 0x40, 0x00, 0x00, 
0x00, 0x51, 0x00, 0x00, 0x21, 0x01, 0x00, 0x00, 0x20, 0x01, 0x00, 0x00, 0x20, 0x40, 0x00, 0x00, 
0xa0, 0x5f, 0x01, 0x00, 0x21, 0x40, 0x00, 0x00, 0x00, 0x0a, 0x00, 0x00, 0x22, 0x40, 0x00, 0x00, 
0xc0, 0x5d, 0x01, 0x00, 0x26, 0x01, 0x00, 0x00, 0x16, 0x01, 0x09, 0x00, 0x2f, 0x01, 0x01, 0x00, 
0x02, 0x00, 0x00, 0x00, 0x00, 0x40, 0x00, 0x00, 0x00, 0x51, 0x00, 0x00, 0x10, 0x40, 0x00, 0x00, 
0x40, 0x02, 0x00, 0x00, 0x15, 0x40, 0x00, 0x00, 0x80, 0x04, 0x00, 0x00, 0x14, 0x01, 0x41, 0x81, 
0x26, 0x01, 0x80, 0xff, 0x16, 0x01, 0x07, 0x00, 0x15, 0x01, 0x09, 0x00, 0x17, 0x01, 0x2f, 0x00, 
0x2f, 0x01, 0x02, 0x00, 0x05, 0x00, 0x01, 0x00, 0x00, 0x40, 0x00, 0x00, 0x00, 0x00, 0x00, 0x00, 
0x04, 0x01, 0x5f, 0x00, 0x05, 0x40, 0x00, 0x00, 0x80, 0x04, 0x00, 0x00, 0x10, 0x40, 0x00, 0x00, 
0x00, 0x36, 0x00, 0x00, 0x13, 0x01, 0x5f, 0x00, 0x16, 0x40, 0x00, 0x00, 0x01, 0x00, 0x00, 0x00, 
0x14, 0x40, 0x00, 0x00, 0x60, 0x00, 0x00, 0x00, 0x14, 0x01, 0x01, 0x00, 0x20, 0x40, 0x00, 0x00, 
0x60, 0x6d, 0x01, 0x00, 0x21, 0x40, 0x00, 0x00, 0xe0, 0x00, 0x00, 0x00, 0x22, 0x40, 0x00, 0x00, 
0xa0, 0x69, 0x01, 0x00, 0x23, 0x40, 0x00, 0x00, 0xc0, 0x03, 0x00, 0x00, 0x16, 0x01, 0x05, 0x00, 
0x15, 0x01, 0x0b, 0x00, 0x2f, 0x01, 0x03, 0x00, 0x02, 0x00, 0x00, 0x00, 0x31, 0x40, 0x00, 0x00, 
0x00, 0x00, 0x00, 0x00, 0x12, 0x00, 0x00, 0x00, 0x10, 0x00, 0x00, 0x00, 0x0b, 0x01, 0x8f, 0x00, 
0x0c, 0x01, 0x8f, 0x00, 0x0a, 0x01, 0x5f, 0x00, 0x04, 0x01, 0x00, 0x00, 0x06, 0x40, 0x00, 0x00, 
0x01, 0x00, 0x00, 0x00, 0x05, 0x40, 0x00, 0x00, 0x60, 0x00, 0x00, 0x00, 0x04, 0x40, 0x00, 0x00, 
0x01, 0x00, 0x00, 0x00, 0x05, 0x01, 0x01, 0x00, 0x10, 0x40, 0x00, 0x00, 0x00, 0x6c, 0x00, 0x00, 
0x1b, 0x01, 0x8f, 0x00, 0x1c, 0x01, 0x8f, 0x00, 0x1a, 0x01, 0x5f, 0x00, 0x12, 0x01, 0x8f, 0x00, 
0x11, 0x01, 0x5f, 0x00, 0x13, 0x01, 0x00, 0x00, 0x15, 0x40, 0x00, 0x00, 0x01, 0x00, 0x00, 0x00, 
0x14, 0x40, 0x00, 0x00, 0x90, 0x00, 0x00, 0x00, 0x14, 0x01, 0x01, 0x01, 0x16, 0x01, 0x01, 0x00, 
0x15, 0x01, 0x09, 0x00, 0x17, 0x01, 0x07, 0x00, 0x2d, 0x01, 0x1e, 0x00, 0x11, 0x00, 0x00, 0x00, 
0x05, 0x00, 0x01, 0x00, 0x00, 0x40, 0x00, 0x00, 0x00, 0x6c, 0x00, 0x00, 0x0b, 0x01, 0x2f, 0x00, 
0x0c, 0x01, 0x2f, 0x00, 0x0a, 0x01, 0x0b, 0x00, 0x04, 0x01, 0x0b, 0x00, 0x05, 0x40, 0x00, 0x00, 
0x90, 0x00, 0x00, 0x00, 0x04, 0x40, 0x00, 0x00, 0x0c, 0x00, 0x00, 0x00, 0x10, 0x40, 0x00, 0x00, 
0x00, 0x00, 0x00, 0x00, 0x1b, 0x01, 0x2f, 0x00, 0x1c, 0x01, 0x2f, 0x00, 0x1a, 0x01, 0x0b, 0x00, 
0x12, 0x01, 0x2f, 0x00, 0x11, 0x01, 0x0b, 0x00, 0x13, 0x01, 0x0b, 0x00, 0x15, 0x40, 0x00, 0x00, 
0x90, 0x00, 0x00, 0x00, 0x14, 0x40, 0x00, 0x00, 0x0c, 0x00, 0x00, 0x00, 0x17, 0x01, 0x0f, 0x00, 
0x05, 0x00, 0x01, 0x00, 0x00, 0x40, 0x00, 0x00, 0x00, 0x00, 0x00, 0x00, 0x0a, 0x01, 0x8f, 0x00, 
0x04, 0x01, 0x00, 0x00, 0x04, 0x40, 0x00, 0x00, 0x01, 0x00, 0x00, 0x00, 0x10, 0x40, 0x00, 0x00, 
0x00, 0x6c, 0x00, 0x00, 0x1a, 0x01, 0x8f, 0x00, 0x11, 0x01, 0x8f, 0x00, 0x13, 0x01, 0x00, 0x00, 
0x15, 0x40, 0x00, 0x00, 0x01, 0x00, 0x00, 0x00, 0x14, 0x40, 0x00, 0x00, 0x30, 0x00, 0x00, 0x00, 
0x16, 0x01, 0x07, 0x00, 0x15, 0x01, 0x3b, 0x00, 0x17, 0x01, 0x07, 0x00, 0x2d, 0x01, 0x0e, 0x00, 
0x05, 0x00, 0x01, 0x00, 0x00, 0x40, 0x00, 0x00, 0x00, 0x6c, 0x00, 0x00, 0x0b, 0x01, 0x0b, 0x00, 
0x0c, 0x01, 0x0b, 0x00, 0x0a, 0x01, 0x0b, 0x00, 0x04, 0x01, 0x2f, 0x00, 0x05, 0x40, 0x00, 0x00, 
0x40, 0x02, 0x00, 0x00, 0x04, 0x40, 0x00, 0x00, 0x30, 0x00, 0x00, 0x00, 0x10, 0x40, 0x00, 0x00, 
0x00, 0x00, 0x00, 0x00, 0x1b, 0x01, 0x0b, 0x00, 0x1c, 0x01, 0x0b, 0x00, 0x1a, 0x01, 0x0b, 0x00, 
0x12, 0x01, 0x0b, 0x00, 0x11, 0x01, 0x0b, 0x00, 0x13, 0x01, 0x2f, 0x00, 0x16, 0x40, 0x00, 0x00, 
0xc0, 0x00, 0x00, 0x00, 0x15, 0x40, 0x00, 0x00, 0x80, 0x04, 0x00, 0x00, 0x14, 0x40, 0x00, 0x00, 
0x10, 0x00, 0x00, 0x00, 0x14, 0x01, 0x41, 0x81, 0x15, 0x01, 0x09, 0x00, 0x17, 0x01, 0x2f, 0x00, 
0x2f, 0x01, 0x01, 0x00, 0x05, 0x00, 0x01, 0x00, 0x31, 0x40, 0x00, 0x00, 0x00, 0x6c, 0x00, 0x00, 
0x12, 0x00, 0x00, 0x00, 0x10, 0x00, 0x00, 0x00, 0x0b, 0x01, 0x8f, 0x00, 0x0c, 0x01, 0x8f, 0x00, 
0x0a, 0x01, 0x5f, 0x00, 0x04, 0x01, 0x00, 0x00, 0x05, 0x40, 0x00, 0x00, 0x60, 0x00, 0x00, 0x00, 
0x04, 0x40, 0x00, 0x00, 0x01, 0x00, 0x00, 0x00, 0x10, 0x40, 0x00, 0x00, 0x00, 0x36, 0x00, 0x00, 
0x1b, 0x01, 0x8f, 0x00, 0x1c, 0x01, 0x8f, 0x00, 0x1a, 0x01, 0x5f, 0x00, 0x12, 0x01, 0x8f, 0x00, 
0x11, 0x01, 0x5f, 0x00, 0x13, 0x01, 0x00, 0x00, 0x16, 0x40, 0x00, 0x00, 0x01, 0x00, 0x00, 0x00, 
0x15, 0x40, 0x00, 0x00, 0x01, 0x00, 0x00, 0x00, 0x14, 0x40, 0x00, 0x00, 0x90, 0x00, 0x00, 0x00, 
0x14, 0x01, 0x01, 0x01, 0x16, 0x01, 0x01, 0x00, 0x17, 0x01, 0x07, 0x00, 0x2d, 0x01, 0x1e, 0x00, 
0x24, 0x40, 0x20, 0x00, 0x01, 0xdb, 0x4e, 0xcd, 0x2f, 0x01, 0x03, 0x00, 0x11, 0x00, 0x00, 0x00, 
0x05, 0x00, 0x01, 0x00, 0x00, 0x40, 0x00, 0x00, 0x00, 0x51, 0x00, 0x00, 0x0b, 0x01, 0x2f, 0x00, 
0x0c, 0x01, 0x2f, 0x00, 0x0a, 0x01, 0x0b, 0x00, 0x04, 0x01, 0x0b, 0x00, 0x05, 0x40, 0x00, 0x00, 
0x90, 0x00, 0x00, 0x00, 0x04, 0x40, 0x00, 0x00, 0x0c, 0x00, 0x00, 0x00, 0x10, 0x40, 0x00, 0x00, 
0x00, 0x6c, 0x00, 0x00, 0x1b, 0x01, 0x2f, 0x00, 0x1c, 0x01, 0x2f, 0x00, 0x1a, 0x01, 0x0b, 0x00, 
0x12, 0x01, 0x2f, 0x00, 0x11, 0x01, 0x0b, 0x00, 0x13, 0x01, 0x0b, 0x00, 0x15, 0x40, 0x00, 0x00, 
0x90, 0x00, 0x00, 0x00, 0x14, 0x40, 0x00, 0x00, 0x0c, 0x00, 0x00, 0x00, 0x17, 0x01, 0x0f, 0x00, 
0x24, 0x40, 0x1f, 0x00, 0x01, 0x00, 0x00, 0x80, 0x05, 0x00, 0x01, 0x00, 0x00, 0x40, 0x00, 0x00, 
0x00, 0x6c, 0x00, 0x00, 0x0a, 0x01, 0x8f, 0x00, 0x04, 0x01, 0x00, 0x00, 0x04, 0x40, 0x00, 0x00, 
0x01, 0x00, 0x00, 0x00, 0x10, 0x40, 0x00, 0x00, 0x00, 0x36, 0x00, 0x00, 0x1a, 0x01, 0x8f, 0x00, 
0x11, 0x01, 0x8f, 0x00, 0x13, 0x01, 0x00, 0x00, 0x15, 0x40, 0x00, 0x00, 0x01, 0x00, 0x00, 0x00, 
0x14, 0x40, 0x00, 0x00, 0x30, 0x00, 0x00, 0x00, 0x16, 0x01, 0x07, 0x00, 0x15, 0x01, 0x3b, 0x00, 
0x17, 0x01, 0x07, 0x00, 0x2d, 0x01, 0x0e, 0x00, 0x05, 0x00, 0x01, 0x00, 0x00, 0x40, 0x00, 0x00, 
0x00, 0x36, 0x00, 0x00, 0x0b, 0x01, 0x0b, 0x00, 0x0c, 0x01, 0x0b, 0x00, 0x0a, 0x01, 0x0b, 0x00, 
0x04, 0x01, 0x2f, 0x00, 0x05, 0x40, 0x00, 0x00, 0x40, 0x02, 0x00, 0x00, 0x04, 0x40, 0x00, 0x00, 
0x30, 0x00, 0x00, 0x00, 0x10, 0x40, 0x00, 0x00, 0x00, 0x51, 0x00, 0x00, 0x1b, 0x01, 0x0b, 0x00, 
0x1c, 0x01, 0x0b, 0x00, 0x1a, 0x01, 0x0b, 0x00, 0x12, 0x01, 0x0b, 0x00, 0x11, 0x01, 0x0b, 0x00, 
0x13, 0x01, 0x2f, 0x00, 0x16, 0x40, 0x00, 0x00, 0xc0, 0x00, 0x00, 0x00, 0x15, 0x40, 0x00, 0x00, 
0x40, 0x02, 0x00, 0x00, 0x14, 0x40, 0x00, 0x00, 0x10, 0x00, 0x00, 0x00, 0x14, 0x01, 0x41, 0x00, 
0x20, 0x40, 0x00, 0x00, 0x20, 0x70, 0x01, 0x00, 0x21, 0x40, 0x00, 0x00, 0x30, 0x0a, 0x00, 0x00, 
0x22, 0x40, 0x00, 0x00, 0x40, 0x6e, 0x01, 0x00, 0x23, 0x40, 0x00, 0x00, 0xe0, 0x01, 0x00, 0x00, 
0x26, 0x01, 0x00, 0x00, 0x16, 0x01, 0x09, 0x00, 0x15, 0x01, 0x0b, 0x00, 0x17, 0x01, 0x1f, 0x00, 
0x2f, 0x01, 0x00, 0x00, 0x02, 0x00, 0x00, 0x00, 0x00, 0x40, 0x00, 0x00, 0x00, 0x51, 0x00, 0x00, 
0x06, 0x40, 0x00, 0x00, 0xc0, 0x00, 0x00, 0x00, 0x04, 0x40, 0x00, 0x00, 0x10, 0x00, 0x00, 0x00, 
0x05, 0x01, 0x41, 0x00, 0x00, 0x01, 0x01, 0x00, 0x01, 0x01, 0x01, 0x00, 0x03, 0x01, 0x01, 0x00, 
0x02, 0x01, 0x01, 0x00, 0x10, 0x40, 0x00, 0x00, 0x00, 0x36, 0x00, 0x00, 0x21, 0x01, 0x02, 0x00, 
0x20, 0x01, 0x02, 0x00, 0x20, 0x40, 0x00, 0x00, 0x30, 0x7c, 0x01, 0x00, 0x21, 0x40, 0x00, 0x00, 
0x00, 0x02, 0x00, 0x00, 0x22, 0x40, 0x00, 0x00, 0x50, 0x7a, 0x01, 0x00, 0x26, 0x01, 0x80, 0xff, 
0x16, 0x01, 0x05, 0x00, 0x2f, 0x01, 0x02, 0x00, 0x03, 0x00, 0x00, 0x00, 0x00, 0x40, 0x00, 0x00, 
0x00, 0x36, 0x00, 0x00, 0x00, 0x01, 0x00, 0x00, 0x01, 0x01, 0x00, 0x00, 0x03, 0x01, 0x00, 0x00, 
0x02, 0x01, 0x00, 0x00, 0x10, 0x40, 0x00, 0x00, 0x00, 0x51, 0x00, 0x00, 0x21, 0x01, 0x00, 0x00, 
0x20, 0x01, 0x00, 0x00, 0x20, 0x40, 0x00, 0x00, 0x10, 0x80, 0x01, 0x00, 0x21, 0x40, 0x00, 0x00, 
0x00, 0x0a, 0x00, 0x00, 0x22, 0x40, 0x00, 0x00, 0x30, 0x7e, 0x01, 0x00, 0x26, 0x01, 0x00, 0x00, 
0x16, 0x01, 0x09, 0x00, 0x2f, 0x01, 0x01, 0x00, 0x02, 0x00, 0x00, 0x00, 0x00, 0x40, 0x00, 0x00, 
0x00, 0x51, 0x00, 0x00, 0x10, 0x40, 0x00, 0x00, 0x40, 0x02, 0x00, 0x00, 0x15, 0x40, 0x00, 0x00, 
0x80, 0x04, 0x00, 0x00, 0x14, 0x01, 0x41, 0x81, 0x26, 0x01, 0x80, 0xff, 0x16, 0x01, 0x07, 0x00, 
0x15, 0x01, 0x09, 0x00, 0x17, 0x01, 0x2f, 0x00, 0x2f, 0x01, 0x02, 0x00, 0x05, 0x00, 0x01, 0x00, 
0x00, 0x40, 0x00, 0x00, 0x00, 0x00, 0x00, 0x00, 0x04, 0x01, 0x5f, 0x00, 0x05, 0x40, 0x00, 0x00, 
0x80, 0x04, 0x00, 0x00, 0x10, 0x40, 0x00, 0x00, 0x00, 0x36, 0x00, 0x00, 0x13, 0x01, 0x5f, 0x00, 
0x16, 0x40, 0x00, 0x00, 0x01, 0x00, 0x00, 0x00, 0x14, 0x40, 0x00, 0x00, 0x60, 0x00, 0x00, 0x00, 
0x14, 0x01, 0x01, 0x00, 0x20, 0x40, 0x00, 0x00, 0xd0, 0x8d, 0x01, 0x00, 0x21, 0x40, 0x00, 0x00, 
0xe0, 0x00, 0x00, 0x00, 0x22, 0x40, 0x00, 0x00, 0x10, 0x8a, 0x01, 0x00, 0x23, 0x40, 0x00, 0x00, 
0xc0, 0x03, 0x00, 0x00, 0x16, 0x01, 0x05, 0x00, 0x15, 0x01, 0x0b, 0x00, 0x2f, 0x01, 0x03, 0x00, 
0x02, 0x00, 0x00, 0x00, 0x31, 0x40, 0x00, 0x00, 0x00, 0x00, 0x00, 0x00, 0x12, 0x00, 0x00, 0x00, 
0x10, 0x00, 0x00, 0x00, 0x0b, 0x01, 0x8f, 0x00, 0x0c, 0x01, 0x8f, 0x00, 0x0a, 0x01, 0x5f, 0x00, 
0x04, 0x01, 0x00, 0x00, 0x06, 0x40, 0x00, 0x00, 0x01, 0x00, 0x00, 0x00, 0x05, 0x40, 0x00, 0x00, 
0x60, 0x00, 0x00, 0x00, 0x04, 0x40, 0x00, 0x00, 0x01, 0x00, 0x00, 0x00, 0x05, 0x01, 0x01, 0x00, 
0x10, 0x40, 0x00, 0x00, 0x00, 0x6c, 0x00, 0x00, 0x1b, 0x01, 0x8f, 0x00, 0x1c, 0x01, 0x8f, 0x00, 
0x1a, 0x01, 0x5f, 0x00, 0x12, 0x01, 0x8f, 0x00, 0x11, 0x01, 0x5f, 0x00, 0x13, 0x01, 0x00, 0x00, 
0x15, 0x40, 0x00, 0x00, 0x01, 0x00, 0x00, 0x00, 0x14, 0x40, 0x00, 0x00, 0x90, 0x00, 0x00, 0x00, 
0x14, 0x01, 0x01, 0x01, 0x16, 0x01, 0x01, 0x00, 0x15, 0x01, 0x09, 0x00, 0x17, 0x01, 0x07, 0x00, 
0x2d, 0x01, 0x1e, 0x00, 0x11, 0x00, 0x00, 0x00, 0x05, 0x00, 0x01, 0x00, 0x00, 0x40, 0x00, 0x00, 
0x00, 0x6c, 0x00, 0x00, 0x0b, 0x01, 0x2f, 0x00, 0x0c, 0x01, 0x2f, 0x00, 0x0a, 0x01, 0x0b, 0x00, 
0x04, 0x01, 0x0b, 0x00, 0x05, 0x40, 0x00, 0x00, 0x90, 0x00, 0x00, 0x00, 0x04, 0x40, 0x00, 0x00, 
0x0c, 0x00, 0x00, 0x00, 0x10, 0x40, 0x00, 0x00, 0x00, 0x00, 0x00, 0x00, 0x1b, 0x01, 0x2f, 0x00, 
0x1c, 0x01, 0x2f, 0x00, 0x1a, 0x01, 0x0b, 0x00, 0x12, 0x01, 0x2f, 0x00, 0x11, 0x01, 0x0b, 0x00, 
0x13, 0x01, 0x0b, 0x00, 0x15, 0x40, 0x00, 0x00, 0x90, 0x00, 0x00, 0x00, 0x14, 0x40, 0x00, 0x00, 
0x0c, 0x00, 0x00, 0x00, 0x17, 0x01, 0x0f, 0x00, 0x05, 0x00, 0x01, 0x00, 0x00, 0x40, 0x00, 0x00, 
0x00, 0x00, 0x00, 0x00, 0x0a, 0x01, 0x8f, 0x00, 0x04, 0x01, 0x00, 0x00, 0x04, 0x40, 0x00, 0x00, 
0x01, 0x00, 0x00, 0x00, 0x10, 0x40, 0x00, 0x00, 0x00, 0x6c, 0x00, 0x00, 0x1a, 0x01, 0x8f, 0x00, 
0x11, 0x01, 0x8f, 0x00, 0x13, 0x01, 0x00, 0x00, 0x15, 0x40, 0x00, 0x00, 0x01, 0x00, 0x00, 0x00, 
0x14, 0x40, 0x00, 0x00, 0x30, 0x00, 0x00, 0x00, 0x16, 0x01, 0x07, 0x00, 0x15, 0x01, 0x3b, 0x00, 
0x17, 0x01, 0x07, 0x00, 0x2d, 0x01, 0x0e, 0x00, 0x05, 0x00, 0x01, 0x00, 0x00, 0x40, 0x00, 0x00, 
0x00, 0x6c, 0x00, 0x00, 0x0b, 0x01, 0x0b, 0x00, 0x0c, 0x01, 0x0b, 0x00, 0x0a, 0x01, 0x0b, 0x00, 
0x04, 0x01, 0x2f, 0x00, 0x05, 0x40, 0x00, 0x00, 0x40, 0x02, 0x00, 0x00, 0x04, 0x40, 0x00, 0x00, 
0x30, 0x00, 0x00, 0x00, 0x10, 0x40, 0x00, 0x00, 0x00, 0x00, 0x00, 0x00, 0x1b, 0x01, 0x0b, 0x00, 
0x1c, 0x01, 0x0b, 0x00, 0x1a, 0x01, 0x0b, 0x00, 0x12, 0x01, 0x0b, 0x00, 0x11, 0x01, 0x0b, 0x00, 
0x13, 0x01, 0x2f, 0x00, 0x16, 0x40, 0x00, 0x00, 0xc0, 0x00, 0x00, 0x00, 0x15, 0x40, 0x00, 0x00, 
0x80, 0x04, 0x00, 0x00, 0x14, 0x40, 0x00, 0x00, 0x10, 0x00, 0x00, 0x00, 0x14, 0x01, 0x41, 0x81, 
0x15, 0x01, 0x09, 0x00, 0x17, 0x01, 0x2f, 0x00, 0x2f, 0x01, 0x01, 0x00, 0x05, 0x00, 0x01, 0x00, 
0x31, 0x40, 0x00, 0x00, 0x00, 0x6c, 0x00, 0x00, 0x12, 0x00, 0x00, 0x00, 0x10, 0x00, 0x00, 0x00, 
0x0b, 0x01, 0x8f, 0x00, 0x0c, 0x01, 0x8f, 0x00, 0x0a, 0x01, 0x5f, 0x00, 0x04, 0x01, 0x00, 0x00, 
0x05, 0x40, 0x00, 0x00, 0x60, 0x00, 0x00, 0x00, 0x04, 0x40, 0x00, 0x00, 0x01, 0x00, 0x00, 0x00, 
0x10, 0x40, 0x00, 0x00, 0x00, 0x36, 0x00, 0x00, 0x1b, 0x01, 0x8f, 0x00, 0x1c, 0x01, 0x8f, 0x00, 
0x1a, 0x01, 0x5f, 0x00, 0x12, 0x01, 0x8f, 0x00, 0x11, 0x01, 0x5f, 0x00, 0x13, 0x01, 0x00, 0x00, 
0x16, 0x40, 0x00, 0x00, 0x01, 0x00, 0x00, 0x00, 0x15, 0x40, 0x00, 0x00, 0x01, 0x00, 0x00, 0x00, 
0x14, 0x40, 0x00, 0x00, 0x90, 0x00, 0x00, 0x00, 0x14, 0x01, 0x01, 0x01, 0x16, 0x01, 0x01, 0x00, 
0x17, 0x01, 0x07, 0x00, 0x2d, 0x01, 0x1e, 0x00, 0x24, 0x40, 0x20, 0x00, 0x01, 0x9e, 0x77, 0xdb, 
0x2f, 0x01, 0x03, 0x00, 0x11, 0x00, 0x00, 0x00, 0x05, 0x00, 0x01, 0x00, 0x00, 0x40, 0x00, 0x00, 
0x00, 0x51, 0x00, 0x00, 0x0b, 0x01, 0x2f, 0x00, 0x0c, 0x01, 0x2f, 0x00, 0x0a, 0x01, 0x0b, 0x00, 
0x04, 0x01, 0x0b, 0x00, 0x05, 0x40, 0x00, 0x00, 0x90, 0x00, 0x00, 0x00, 0x04, 0x40, 0x00, 0x00, 
0x0c, 0x00, 0x00, 0x00, 0x10, 0x40, 0x00, 0x00, 0x00, 0x6c, 0x00, 0x00, 0x1b, 0x01, 0x2f, 0x00, 
0x1c, 0x01, 0x2f, 0x00, 0x1a, 0x01, 0x0b, 0x00, 0x12, 0x01, 0x2f, 0x00, 0x11, 0x01, 0x0b, 0x00, 
0x13, 0x01, 0x0b, 0x00, 0x15, 0x40, 0x00, 0x00, 0x90, 0x00, 0x00, 0x00, 0x14, 0x40, 0x00, 0x00, 
0x0c, 0x00, 0x00, 0x00, 0x17, 0x01, 0x0f, 0x00, 0x24, 0x40, 0x1f, 0x00, 0x01, 0x00, 0x00, 0x80, 
0x05, 0x00, 0x01, 0x00, 0x00, 0x40, 0x00, 0x00, 0x00, 0x6c, 0x00, 0x00, 0x0a, 0x01, 0x8f, 0x00, 
0x04, 0x01, 0x00, 0x00, 0x04, 0x40, 0x00, 0x00, 0x01, 0x00, 0x00, 0x00, 0x10, 0x40, 0x00, 0x00, 
0x00, 0x36, 0x00, 0x00, 0x1a, 0x01, 0x8f, 0x00, 0x11, 0x01, 0x8f, 0x00, 0x13, 0x01, 0x00, 0x00, 
0x15, 0x40, 0x00, 0x00, 0x01, 0x00, 0x00, 0x00, 0x14, 0x40, 0x00, 0x00, 0x30, 0x00, 0x00, 0x00, 
0x16, 0x01, 0x07, 0x00, 0x15, 0x01, 0x3b, 0x00, 0x17, 0x01, 0x07, 0x00, 0x2d, 0x01, 0x0e, 0x00, 
0x05, 0x00, 0x01, 0x00, 0x00, 0x40, 0x00, 0x00, 0x00, 0x36, 0x00, 0x00, 0x0b, 0x01, 0x0b, 0x00, 
0x0c, 0x01, 0x0b, 0x00, 0x0a, 0x01, 0x0b, 0x00, 0x04, 0x01, 0x2f, 0x00, 0x05, 0x40, 0x00, 0x00, 
0x40, 0x02, 0x00, 0x00, 0x04, 0x40, 0x00, 0x00, 0x30, 0x00, 0x00, 0x00, 0x10, 0x40, 0x00, 0x00, 
0x00, 0x51, 0x00, 0x00, 0x1b, 0x01, 0x0b, 0x00, 0x1c, 0x01, 0x0b, 0x00, 0x1a, 0x01, 0x0b, 0x00, 
0x12, 0x01, 0x0b, 0x00, 0x11, 0x01, 0x0b, 0x00, 0x13, 0x01, 0x2f, 0x00, 0x16, 0x40, 0x00, 0x00, 
0xc0, 0x00, 0x00, 0x00, 0x15, 0x40, 0x00, 0x00, 0x40, 0x02, 0x00, 0x00, 0x14, 0x40, 0x00, 0x00, 
0x10, 0x00, 0x00, 0x00, 0x14, 0x01, 0x41, 0x00, 0x20, 0x40, 0x00, 0x00, 0x90, 0x90, 0x01, 0x00, 
0x21, 0x40, 0x00, 0x00, 0x40, 0x0a, 0x00, 0x00, 0x22, 0x40, 0x00, 0x00, 0xb0, 0x8e, 0x01, 0x00, 
0x23, 0x40, 0x00, 0x00, 0xe0, 0x01, 0x00, 0x00, 0x26, 0x01, 0x00, 0x00, 0x16, 0x01, 0x09, 0x00, 
0x15, 0x01, 0x0b, 0x00, 0x17, 0x01, 0x1f, 0x00, 0x2f, 0x01, 0x00, 0x00, 0x02, 0x00, 0x00, 0x00, 
0x00, 0x40, 0x00, 0x00, 0x00, 0x51, 0x00, 0x00, 0x06, 0x40, 0x00, 0x00, 0xc0, 0x00, 0x00, 0x00, 
0x04, 0x40, 0x00, 0x00, 0x10, 0x00, 0x00, 0x00, 0x05, 0x01, 0x41, 0x00, 0x00, 0x01, 0x01, 0x00, 
0x01, 0x01, 0x01, 0x00, 0x03, 0x01, 0x01, 0x00, 0x02, 0x01, 0x01, 0x00, 0x10, 0x40, 0x00, 0x00, 
0x00, 0x36, 0x00, 0x00, 0x18, 0x01, 0xff, 0xff, 0x21, 0x01, 0x02, 0x00, 0x20, 0x01, 0x02, 0x00, 
0x20, 0x40, 0x00, 0x00, 0xb0, 0x9c, 0x01, 0x00, 0x21, 0x40, 0x00, 0x00, 0x00, 0x02, 0x00, 0x00, 
0x22, 0x40, 0x00, 0x00, 0xd0, 0x9a, 0x01, 0x00, 0x26, 0x01, 0x80, 0xff, 0x16, 0x01, 0x05, 0x00, 
0x2f, 0x01, 0x02, 0x00, 0x03, 0x00, 0x00, 0x00, 0x00, 0x40, 0x00, 0x00, 0x00, 0x36, 0x00, 0x00, 
0x09, 0x01, 0xff, 0xff, 0x00, 0x01, 0x00, 0x00, 0x01, 0x01, 0x00, 0x00, 0x03, 0x01, 0x00, 0x00, 
0x02, 0x01, 0x00, 0x00, 0x10, 0x40, 0x00, 0x00, 0x00, 0x51, 0x00, 0x00, 0x18, 0x01, 0x00, 0x00, 
0x21, 0x01, 0x00, 0x00, 0x20, 0x01, 0x00, 0x00, 0x20, 0x40, 0x00, 0x00, 0x90, 0xa0, 0x01, 0x00, 
0x21, 0x40, 0x00, 0x00, 0x50, 0x0a, 0x00, 0x00, 0x22, 0x40, 0x00, 0x00, 0xb0, 0x9e, 0x01, 0x00, 
0x26, 0x01, 0x00, 0x00, 0x16, 0x01, 0x09, 0x00, 0x2f, 0x01, 0x01, 0x00, 0x02, 0x00, 0x00, 0x00, 
0x00, 0x40, 0x00, 0x00, 0x00, 0x51, 0x00, 0x00, 0x09, 0x01, 0x00, 0x00, 0x10, 0x40, 0x00, 0x00, 
0x40, 0x02, 0x00, 0x00, 0x15, 0x40, 0x00, 0x00, 0x80, 0x04, 0x00, 0x00, 0x14, 0x01, 0x41, 0x81, 
0x26, 0x01, 0x80, 0xff, 0x16, 0x01, 0x07, 0x00, 0x15, 0x01, 0x09, 0x00, 0x17, 0x01, 0x2f, 0x00, 
0x2f, 0x01, 0x02, 0x00, 0x05, 0x00, 0x01, 0x00, 0x00, 0x40, 0x00, 0x00, 0x00, 0x00, 0x00, 0x00, 
0x04, 0x01, 0x5f, 0x00, 0x05, 0x40, 0x00, 0x00, 0x80, 0x04, 0x00, 0x00, 0x10, 0x40, 0x00, 0x00, 
0x00, 0x36, 0x00, 0x00, 0x13, 0x01, 0x5f, 0x00, 0x16, 0x40, 0x00, 0x00, 0x01, 0x00, 0x00, 0x00, 
0x14, 0x40, 0x00, 0x00, 0x60, 0x00, 0x00, 0x00, 0x14, 0x01, 0x01, 0x00, 0x20, 0x40, 0x00, 0x00, 
0xa0, 0xae, 0x01, 0x00, 0x21, 0x40, 0x00, 0x00, 0xe0, 0x00, 0x00, 0x00, 0x22, 0x40, 0x00, 0x00, 
0xe0, 0xaa, 0x01, 0x00, 0x23, 0x40, 0x00, 0x00, 0xc0, 0x03, 0x00, 0x00, 0x16, 0x01, 0x05, 0x00, 
0x15, 0x01, 0x0b, 0x00, 0x2f, 0x01, 0x03, 0x00, 0x02, 0x00, 0x00, 0x00, 0x31, 0x40, 0x00, 0x00, 
0x00, 0x00, 0x00, 0x00, 0x12, 0x00, 0x00, 0x00, 0x10, 0x00, 0x00, 0x00, 0x0b, 0x01, 0x8f, 0x00, 
0x0c, 0x01, 0x8f, 0x00, 0x0a, 0x01, 0x5f, 0x00, 0x04, 0x01, 0x00, 0x00, 0x06, 0x40, 0x00, 0x00, 
0x01, 0x00, 0x00, 0x00, 0x05, 0x40, 0x00, 0x00, 0x60, 0x00, 0x00, 0x00, 0x04, 0x40, 0x00, 0x00, 
0x01, 0x00, 0x00, 0x00, 0x05, 0x01, 0x01, 0x00, 0x10, 0x40, 0x00, 0x00, 0x00, 0x6c, 0x00, 0x00, 
0x1b, 0x01, 0x8f, 0x00, 0x1c, 0x01, 0x8f, 0x00, 0x1a, 0x01, 0x5f, 0x00, 0x12, 0x01, 0x8f, 0x00, 
0x11, 0x01, 0x5f, 0x00, 0x13, 0x01, 0x00, 0x00, 0x15, 0x40, 0x00, 0x00, 0x01, 0x00, 0x00, 0x00, 
0x14, 0x40, 0x00, 0x00, 0x90, 0x00, 0x00, 0x00, 0x14, 0x01, 0x01, 0x01, 0x16, 0x01, 0x01, 0x00, 
0x15, 0x01, 0x09, 0x00, 0x17, 0x01, 0x07, 0x00, 0x2d, 0x01, 0x1e, 0x00, 0x11, 0x00, 0x00, 0x00, 
0x05, 0x00, 0x01, 0x00, 0x00, 0x40, 0x00, 0x00, 0x00, 0x6c, 0x00, 0x00, 0x0b, 0x01, 0x2f, 0x00, 
0x0c, 0x01, 0x2f, 0x00, 0x0a, 0x01, 0x0b, 0x00, 0x04, 0x01, 0x0b, 0x00, 0x05, 0x40, 0x00, 0x00, 
0x90, 0x00, 0x00, 0x00, 0x04, 0x40, 0x00, 0x00, 0x0c, 0x00, 0x00, 0x00, 0x10, 0x40, 0x00, 0x00, 
0x00, 0x00, 0x00, 0x00, 0x1b, 0x01, 0x2f, 0x00, 0x1c, 0x01, 0x2f, 0x00, 0x1a, 0x01, 0x0b, 0x00, 
0x12, 0x01, 0x2f, 0x00, 0x11, 0x01, 0x0b, 0x00, 0x13, 0x01, 0x0b, 0x00, 0x15, 0x40, 0x00, 0x00, 
0x90, 0x00, 0x00, 0x00, 0x14, 0x40, 0x00, 0x00, 0x0c, 0x00, 0x00, 0x00, 0x17, 0x01, 0x0f, 0x00, 
0x05, 0x00, 0x01, 0x00, 0x00, 0x40, 0x00, 0x00, 0x00, 0x00, 0x00, 0x00, 0x0a, 0x01, 0x8f, 0x00, 
0x04, 0x01, 0x00, 0x00, 0x04, 0x40, 0x00, 0x00, 0x01, 0x00, 0x00, 0x00, 0x10, 0x40, 0x00, 0x00, 
0x00, 0x6c, 0x00, 0x00, 0x1a, 0x01, 0x8f, 0x00, 0x11, 0x01, 0x8f, 0x00, 0x13, 0x01, 0x00, 0x00, 
0x15, 0x40, 0x00, 0x00, 0x01, 0x00, 0x00, 0x00, 0x14, 0x40, 0x00, 0x00, 0x30, 0x00, 0x00, 0x00, 
0x16, 0x01, 0x07, 0x00, 0x15, 0x01, 0x3b, 0x00, 0x17, 0x01, 0x07, 0x00, 0x2d, 0x01, 0x0e, 0x00, 
0x05, 0x00, 0x01, 0x00, 0x00, 0x40, 0x00, 0x00, 0x00, 0x6c, 0x00, 0x00, 0x0b, 0x01, 0x0b, 0x00, 
0x0c, 0x01, 0x0b, 0x00, 0x0a, 0x01, 0x0b, 0x00, 0x04, 0x01, 0x2f, 0x00, 0x05, 0x40, 0x00, 0x00, 
0x40, 0x02, 0x00, 0x00, 0x04, 0x40, 0x00, 0x00, 0x30, 0x00, 0x00, 0x00, 0x10, 0x40, 0x00, 0x00, 
0x00, 0x00, 0x00, 0x00, 0x1b, 0x01, 0x0b, 0x00, 0x1c, 0x01, 0x0b, 0x00, 0x1a, 0x01, 0x0b, 0x00, 
0x12, 0x01, 0x0b, 0x00, 0x11, 0x01, 0x0b, 0x00, 0x13, 0x01, 0x2f, 0x00, 0x16, 0x40, 0x00, 0x00, 
0xc0, 0x00, 0x00, 0x00, 0x15, 0x40, 0x00, 0x00, 0x80, 0x04, 0x00, 0x00, 0x14, 0x40, 0x00, 0x00, 
0x10, 0x00, 0x00, 0x00, 0x14, 0x01, 0x41, 0x81, 0x15, 0x01, 0x09, 0x00, 0x17, 0x01, 0x2f, 0x00, 
0x2f, 0x01, 0x01, 0x00, 0x05, 0x00, 0x01, 0x00, 0x31, 0x40, 0x00, 0x00, 0x00, 0x6c, 0x00, 0x00, 
0x12, 0x00, 0x00, 0x00, 0x10, 0x00, 0x00, 0x00, 0x0b, 0x01, 0x8f, 0x00, 0x0c, 0x01, 0x8f, 0x00, 
0x0a, 0x01, 0x5f, 0x00, 0x04, 0x01, 0x00, 0x00, 0x05, 0x40, 0x00, 0x00, 0x60, 0x00, 0x00, 0x00, 
0x04, 0x40, 0x00, 0x00, 0x01, 0x00, 0x00, 0x00, 0x10, 0x40, 0x00, 0x00, 0x00, 0x36, 0x00, 0x00, 
0x1b, 0x01, 0x8f, 0x00, 0x1c, 0x01, 0x8f, 0x00, 0x1a, 0x01, 0x5f, 0x00, 0x12, 0x01, 0x8f, 0x00, 
0x11, 0x01, 0x5f, 0x00, 0x13, 0x01, 0x00, 0x00, 0x16, 0x40, 0x00, 0x00, 0x01, 0x00, 0x00, 0x00, 
0x15, 0x40, 0x00, 0x00, 0x01, 0x00, 0x00, 0x00, 0x14, 0x40, 0x00, 0x00, 0x90, 0x00, 0x00, 0x00, 
0x14, 0x01, 0x01, 0x01, 0x16, 0x01, 0x01, 0x00, 0x17, 0x01, 0x07, 0x00, 0x2d, 0x01, 0x1e, 0x00, 
0x24, 0x40, 0x1c, 0x00, 0xc1, 0x4b, 0x04, 0x16, 0x2f, 0x01, 0x03, 0x00, 0x11, 0x00, 0x00, 0x00, 
0x05, 0x00, 0x01, 0x00, 0x00, 0x40, 0x00, 0x00, 0x00, 0x51, 0x00, 0x00, 0x0b, 0x01, 0x2f, 0x00, 
0x0c, 0x01, 0x2f, 0x00, 0x0a, 0x01, 0x0b, 0x00, 0x04, 0x01, 0x0b, 0x00, 0x05, 0x40, 0x00, 0x00, 
0x90, 0x00, 0x00, 0x00, 0x04, 0x40, 0x00, 0x00, 0x0c, 0x00, 0x00, 0x00, 0x10, 0x40, 0x00, 0x00, 
0x00, 0x6c, 0x00, 0x00, 0x1b, 0x01, 0x2f, 0x00, 0x1c, 0x01, 0x2f, 0x00, 0x1a, 0x01, 0x0b, 0x00, 
0x12, 0x01, 0x2f, 0x00, 0x11, 0x01, 0x0b, 0x00, 0x13, 0x01, 0x0b, 0x00, 0x15, 0x40, 0x00, 0x00, 
0x90, 0x00, 0x00, 0x00, 0x14, 0x40, 0x00, 0x00, 0x0c, 0x00, 0x00, 0x00, 0x17, 0x01, 0x0f, 0x00, 
0x24, 0x40, 0x1f, 0x00, 0x01, 0x00, 0x00, 0x80, 0x05, 0x00, 0x01, 0x00, 0x00, 0x40, 0x00, 0x00, 
0x00, 0x6c, 0x00, 0x00, 0x0a, 0x01, 0x8f, 0x00, 0x04, 0x01, 0x00, 0x00, 0x04, 0x40, 0x00, 0x00, 
0x01, 0x00, 0x00, 0x00, 0x10, 0x40, 0x00, 0x00, 0x00, 0x36, 0x00, 0x00, 0x1a, 0x01, 0x8f, 0x00, 
0x11, 0x01, 0x8f, 0x00, 0x13, 0x01, 0x00, 0x00, 0x15, 0x40, 0x00, 0x00, 0x01, 0x00, 0x00, 0x00, 
0x14, 0x40, 0x00, 0x00, 0x30, 0x00, 0x00, 0x00, 0x16, 0x01, 0x07, 0x00, 0x15, 0x01, 0x3b, 0x00, 
0x17, 0x01, 0x07, 0x00, 0x2d, 0x01, 0x0e, 0x00, 0x05, 0x00, 0x01, 0x00, 0x00, 0x40, 0x00, 0x00, 
0x00, 0x36, 0x00, 0x00, 0x0b, 0x01, 0x0b, 0x00, 0x0c, 0x01, 0x0b, 0x00, 0x0a, 0x01, 0x0b, 0x00, 
0x04, 0x01, 0x2f, 0x00, 0x05, 0x40, 0x00, 0x00, 0x40, 0x02, 0x00, 0x00, 0x04, 0x40, 0x00, 0x00, 
0x30, 0x00, 0x00, 0x00, 0x10, 0x40, 0x00, 0x00, 0x00, 0x51, 0x00, 0x00, 0x1b, 0x01, 0x0b, 0x00, 
0x1c, 0x01, 0x0b, 0x00, 0x1a, 0x01, 0x0b, 0x00, 0x12, 0x01, 0x0b, 0x00, 0x11, 0x01, 0x0b, 0x00, 
0x13, 0x01, 0x2f, 0x00, 0x16, 0x40, 0x00, 0x00, 0xc0, 0x00, 0x00, 0x00, 0x15, 0x40, 0x00, 0x00, 
0x40, 0x02, 0x00, 0x00, 0x14, 0x40, 0x00, 0x00, 0x10, 0x00, 0x00, 0x00, 0x14, 0x01, 0x41, 0x00, 
0x20, 0x40, 0x00, 0x00, 0x60, 0xb1, 0x01, 0x00, 0x21, 0x40, 0x00, 0x00, 0x10, 0x0a, 0x00, 0x00, 
0x22, 0x40, 0x00, 0x00, 0x80, 0xaf, 0x01, 0x00, 0x23, 0x40, 0x00, 0x00, 0xe0, 0x01, 0x00, 0x00, 
0x26, 0x01, 0x00, 0x00, 0x16, 0x01, 0x09, 0x00, 0x15, 0x01, 0x0b, 0x00, 0x17, 0x01, 0x1f, 0x00, 
0x2f, 0x01, 0x00, 0x00, 0x02, 0x00, 0x00, 0x00, 0x00, 0x40, 0x00, 0x00, 0x00, 0x51, 0x00, 0x00, 
0x06, 0x40, 0x00, 0x00, 0xc0, 0x00, 0x00, 0x00, 0x04, 0x40, 0x00, 0x00, 0x10, 0x00, 0x00, 0x00, 
0x05, 0x01, 0x41, 0x00, 0x00, 0x01, 0x01, 0x00, 0x01, 0x01, 0x01, 0x00, 0x03, 0x01, 0x01, 0x00, 
0x02, 0x01, 0x01, 0x00, 0x10, 0x40, 0x00, 0x00, 0x00, 0x36, 0x00, 0x00, 0x18, 0x01, 0xff, 0xff, 
0x21, 0x01, 0x02, 0x00, 0x20, 0x01, 0x02, 0x00, 0x20, 0x40, 0x00, 0x00, 0x50, 0xbd, 0x01, 0x00, 
0x21, 0x40, 0x00, 0x00, 0x00, 0x02, 0x00, 0x00, 0x22, 0x40, 0x00, 0x00, 0x70, 0xbb, 0x01, 0x00, 
0x26, 0x01, 0x80, 0xff, 0x16, 0x01, 0x05, 0x00, 0x2f, 0x01, 0x02, 0x00, 0x03, 0x00, 0x00, 0x00, 
0x00, 0x40, 0x00, 0x00, 0x00, 0x36, 0x00, 0x00, 0x09, 0x01, 0xff, 0xff, 0x00, 0x01, 0x00, 0x00, 
0x01, 0x01, 0x00, 0x00, 0x03, 0x01, 0x00, 0x00, 0x02, 0x01, 0x00, 0x00, 0x10, 0x40, 0x00, 0x00, 
0x00, 0x51, 0x00, 0x00, 0x18, 0x01, 0x00, 0x00, 0x21, 0x01, 0x00, 0x00, 0x20, 0x01, 0x00, 0x00, 
0x20, 0x40, 0x00, 0x00, 0x30, 0xc1, 0x01, 0x00, 0x21, 0x40, 0x00, 0x00, 0x30, 0x0a, 0x00, 0x00, 
0x22, 0x40, 0x00, 0x00, 0x50, 0xbf, 0x01, 0x00, 0x26, 0x01, 0x00, 0x00, 0x16, 0x01, 0x09, 0x00, 
0x2f, 0x01, 0x01, 0x00, 0x02, 0x00, 0x00, 0x00, 0x00, 0x40, 0x00, 0x00, 0x00, 0x51, 0x00, 0x00, 
0x09, 0x01, 0x00, 0x00, 0x10, 0x40, 0x00, 0x00, 0x40, 0x02, 0x00, 0x00, 0x15, 0x40, 0x00, 0x00, 
0x80, 0x04, 0x00, 0x00, 0x14, 0x01, 0x41, 0x81, 0x26, 0x01, 0x80, 0xff, 0x16, 0x01, 0x07, 0x00, 
0x15, 0x01, 0x09, 0x00, 0x17, 0x01, 0x2f, 0x00, 0x2f, 0x01, 0x02, 0x00, 0x05, 0x00, 0x01, 0x00, 
0x00, 0x40, 0x00, 0x00, 0x00, 0x00, 0x00, 0x00, 0x04, 0x01, 0x5f, 0x00, 0x05, 0x40, 0x00, 0x00, 
0x80, 0x04, 0x00, 0x00, 0x10, 0x40, 0x00, 0x00, 0x00, 0x36, 0x00, 0x00, 0x13, 0x01, 0x5f, 0x00, 
0x16, 0x40, 0x00, 0x00, 0x01, 0x00, 0x00, 0x00, 0x14, 0x40, 0x00, 0x00, 0x60, 0x00, 0x00, 0x00, 
0x14, 0x01, 0x01, 0x00, 0x20, 0x40, 0x00, 0x00, 0x20, 0xcf, 0x01, 0x00, 0x21, 0x40, 0x00, 0x00, 
0xe0, 0x00, 0x00, 0x00, 0x22, 0x40, 0x00, 0x00, 0x60, 0xcb, 0x01, 0x00, 0x23, 0x40, 0x00, 0x00, 
0xc0, 0x03, 0x00, 0x00, 0x16, 0x01, 0x05, 0x00, 0x15, 0x01, 0x0b, 0x00, 0x2f, 0x01, 0x03, 0x00, 
0x02, 0x00, 0x00, 0x00, 0x31, 0x40, 0x00, 0x00, 0x00, 0x00, 0x00, 0x00, 0x12, 0x00, 0x00, 0x00, 
0x10, 0x00, 0x00, 0x00, 0x0b, 0x01, 0x8f, 0x00, 0x0c, 0x01, 0x8f, 0x00, 0x0a, 0x01, 0x5f, 0x00, 
0x04, 0x01, 0x00, 0x00, 0x06, 0x40, 0x00, 0x00, 0x01, 0x00, 0x00, 0x00, 0x05, 0x40, 0x00, 0x00, 
0x60, 0x00, 0x00, 0x00, 0x04, 0x40, 0x00, 0x00, 0x01, 0x00, 0x00, 0x00, 0x05, 0x01, 0x01, 0x00, 
0x10, 0x40, 0x00, 0x00, 0x00, 0x6c, 0x00, 0x00, 0x1b, 0x01, 0x8f, 0x00, 0x1c, 0x01, 0x8f, 0x00, 
0x1a, 0x01, 0x5f, 0x00, 0x12, 0x01, 0x8f, 0x00, 0x11, 0x01, 0x5f, 0x00, 0x13, 0x01, 0x00, 0x00, 
0x15, 0x40, 0x00, 0x00, 0x01, 0x00, 0x00, 0x00, 0x14, 0x40, 0x00, 0x00, 0x90, 0x00, 0x00, 0x00, 
0x14, 0x01, 0x01, 0x01, 0x16, 0x01, 0x01, 0x00, 0x15, 0x01, 0x09, 0x00, 0x17, 0x01, 0x07, 0x00, 
0x2d, 0x01, 0x1e, 0x00, 0x11, 0x00, 0x00, 0x00, 0x05, 0x00, 0x01, 0x00, 0x00, 0x40, 0x00, 0x00, 
0x00, 0x6c, 0x00, 0x00, 0x0b, 0x01, 0x2f, 0x00, 0x0c, 0x01, 0x2f, 0x00, 0x0a, 0x01, 0x0b, 0x00, 
0x04, 0x01, 0x0b, 0x00, 0x05, 0x40, 0x00, 0x00, 0x90, 0x00, 0x00, 0x00, 0x04, 0x40, 0x00, 0x00, 
0x0c, 0x00, 0x00, 0x00, 0x10, 0x40, 0x00, 0x00, 0x00, 0x00, 0x00, 0x00, 0x1b, 0x01, 0x2f, 0x00, 
0x1c, 0x01, 0x2f, 0x00, 0x1a, 0x01, 0x0b, 0x00, 0x12, 0x01, 0x2f, 0x00, 0x11, 0x01, 0x0b, 0x00, 
0x13, 0x01, 0x0b, 0x00, 0x15, 0x40, 0x00, 0x00, 0x90, 0x00, 0x00, 0x00, 0x14, 0x40, 0x00, 0x00, 
0x0c, 0x00, 0x00, 0x00, 0x17, 0x01, 0x0f, 0x00, 0x05, 0x00, 0x01, 0x00, 0x00, 0x40, 0x00, 0x00, 
0x00, 0x00, 0x00, 0x00, 0x0a, 0x01, 0x8f, 0x00, 0x04, 0x01, 0x00, 0x00, 0x04, 0x40, 0x00, 0x00, 
0x01, 0x00, 0x00, 0x00, 0x10, 0x40, 0x00, 0x00, 0x00, 0x6c, 0x00, 0x00, 0x1a, 0x01, 0x8f, 0x00, 
0x11, 0x01, 0x8f, 0x00, 0x13, 0x01, 0x00, 0x00, 0x15, 0x40, 0x00, 0x00, 0x01, 0x00, 0x00, 0x00, 
0x14, 0x40, 0x00, 0x00, 0x30, 0x00, 0x00, 0x00, 0x16, 0x01, 0x07, 0x00, 0x15, 0x01, 0x3b, 0x00, 
0x17, 0x01, 0x07, 0x00, 0x2d, 0x01, 0x0e, 0x00, 0x05, 0x00, 0x01, 0x00, 0x00, 0x40, 0x00, 0x00, 
0x00, 0x6c, 0x00, 0x00, 0x0b, 0x01, 0x0b, 0x00, 0x0c, 0x01, 0x0b, 0x00, 0x0a, 0x01, 0x0b, 0x00, 
0x04, 0x01, 0x2f, 0x00, 0x05, 0x40, 0x00, 0x00, 0x40, 0x02, 0x00, 0x00, 0x04, 0x40, 0x00, 0x00, 
0x30, 0x00, 0x00, 0x00, 0x10, 0x40, 0x00, 0x00, 0x00, 0x00, 0x00, 0x00, 0x1b, 0x01, 0x0b, 0x00, 
0x1c, 0x01, 0x0b, 0x00, 0x1a, 0x01, 0x0b, 0x00, 0x12, 0x01, 0x0b, 0x00, 0x11, 0x01, 0x0b, 0x00, 
0x13, 0x01, 0x2f, 0x00, 0x16, 0x40, 0x00, 0x00, 0xc0, 0x00, 0x00, 0x00, 0x15, 0x40, 0x00, 0x00, 
0x80, 0x04, 0x00, 0x00, 0x14, 0x40, 0x00, 0x00, 0x10, 0x00, 0x00, 0x00, 0x14, 0x01, 0x41, 0x81, 
0x15, 0x01, 0x09, 0x00, 0x17, 0x01, 0x2f, 0x00, 0x2f, 0x01, 0x01, 0x00, 0x05, 0x00, 0x01, 0x00, 
0x31, 0x40, 0x00, 0x00, 0x00, 0x6c, 0x00, 0x00, 0x12, 0x00, 0x00, 0x00, 0x10, 0x00, 0x00, 0x00, 
0x0b, 0x01, 0x8f, 0x00, 0x0c, 0x01, 0x8f, 0x00, 0x0a, 0x01, 0x5f, 0x00, 0x04, 0x01, 0x00, 0x00, 
0x05, 0x40, 0x00, 0x00, 0x60, 0x00, 0x00, 0x00, 0x04, 0x40, 0x00, 0x00, 0x01, 0x00, 0x00, 0x00, 
0x10, 0x40, 0x00, 0x00, 0x00, 0x36, 0x00, 0x00, 0x1b, 0x01, 0x8f, 0x00, 0x1c, 0x01, 0x8f, 0x00, 
0x1a, 0x01, 0x5f, 0x00, 0x12, 0x01, 0x8f, 0x00, 0x11, 0x01, 0x5f, 0x00, 0x13, 0x01, 0x00, 0x00, 
0x16, 0x40, 0x00, 0x00, 0x01, 0x00, 0x00, 0x00, 0x15, 0x40, 0x00, 0x00, 0x01, 0x00, 0x00, 0x00, 
0x14, 0x40, 0x00, 0x00, 0x90, 0x00, 0x00, 0x00, 0x14, 0x01, 0x01, 0x01, 0x16, 0x01, 0x01, 0x00, 
0x17, 0x01, 0x07, 0x00, 0x2d, 0x01, 0x1e, 0x00, 0x2f, 0x01, 0x03, 0x00, 0x11, 0x00, 0x00, 0x00, 
0x05, 0x00, 0x01, 0x00, 0x00, 0x40, 0x00, 0x00, 0x00, 0x51, 0x00, 0x00, 0x0b, 0x01, 0x2f, 0x00, 
0x0c, 0x01, 0x2f, 0x00, 0x0a, 0x01, 0x0b, 0x00, 0x04, 0x01, 0x0b, 0x00, 0x05, 0x40, 0x00, 0x00, 
0x90, 0x00, 0x00, 0x00, 0x04, 0x40, 0x00, 0x00, 0x0c, 0x00, 0x00, 0x00, 0x10, 0x40, 0x00, 0x00, 
0x00, 0x6c, 0x00, 0x00, 0x1b, 0x01, 0x2f, 0x00, 0x1c, 0x01, 0x2f, 0x00, 0x1a, 0x01, 0x0b, 0x00, 
0x12, 0x01, 0x2f, 0x00, 0x11, 0x01, 0x0b, 0x00, 0x13, 0x01, 0x0b, 0x00, 0x15, 0x40, 0x00, 0x00, 
0x90, 0x00, 0x00, 0x00, 0x14, 0x40, 0x00, 0x00, 0x0c, 0x00, 0x00, 0x00, 0x17, 0x01, 0x0f, 0x00, 
0x05, 0x00, 0x01, 0x00, 0x00, 0x40, 0x00, 0x00, 0x00, 0x6c, 0x00, 0x00, 0x0a, 0x01, 0x8f, 0x00, 
0x04, 0x01, 0x00, 0x00, 0x04, 0x40, 0x00, 0x00, 0x01, 0x00, 0x00, 0x00, 0x10, 0x40, 0x00, 0x00, 
0x00, 0x36, 0x00, 0x00, 0x1a, 0x01, 0x8f, 0x00, 0x11, 0x01, 0x8f, 0x00, 0x13, 0x01, 0x00, 0x00, 
0x15, 0x40, 0x00, 0x00, 0x01, 0x00, 0x00, 0x00, 0x14, 0x40, 0x00, 0x00, 0x30, 0x00, 0x00, 0x00, 
0x16, 0x01, 0x07, 0x00, 0x15, 0x01, 0x3b, 0x00, 0x17, 0x01, 0x07, 0x00, 0x2d, 0x01, 0x0e, 0x00, 
0x05, 0x00, 0x01, 0x00, 0x00, 0x40, 0x00, 0x00, 0x00, 0x36, 0x00, 0x00, 0x0b, 0x01, 0x0b, 0x00, 
0x0c, 0x01, 0x0b, 0x00, 0x0a, 0x01, 0x0b, 0x00, 0x04, 0x01, 0x2f, 0x00, 0x05, 0x40, 0x00, 0x00, 
0x40, 0x02, 0x00, 0x00, 0x04, 0x40, 0x00, 0x00, 0x30, 0x00, 0x00, 0x00, 0x10, 0x40, 0x00, 0x00, 
0x00, 0x51, 0x00, 0x00, 0x1b, 0x01, 0x0b, 0x00, 0x1c, 0x01, 0x0b, 0x00, 0x1a, 0x01, 0x0b, 0x00, 
0x12, 0x01, 0x0b, 0x00, 0x11, 0x01, 0x0b, 0x00, 0x13, 0x01, 0x2f, 0x00, 0x16, 0x40, 0x00, 0x00, 
0xc0, 0x00, 0x00, 0x00, 0x15, 0x40, 0x00, 0x00, 0x40, 0x02, 0x00, 0x00, 0x14, 0x40, 0x00, 0x00, 
0x10, 0x00, 0x00, 0x00, 0x14, 0x01, 0x41, 0x00, 0x20, 0x40, 0x00, 0x00, 0xe0, 0xd1, 0x01, 0x00, 
0x21, 0x40, 0x00, 0x00, 0x20, 0x0a, 0x00, 0x00, 0x22, 0x40, 0x00, 0x00, 0x00, 0xd0, 0x01, 0x00, 
0x23, 0x40, 0x00, 0x00, 0xe0, 0x01, 0x00, 0x00, 0x26, 0x01, 0x00, 0x00, 0x16, 0x01, 0x09, 0x00, 
0x15, 0x01, 0x0b, 0x00, 0x17, 0x01, 0x1f, 0x00, 0x2f, 0x01, 0x00, 0x00, 0x02, 0x00, 0x00, 0x00, 
0x00, 0x40, 0x00, 0x00, 0x00, 0x51, 0x00, 0x00, 0x06, 0x40, 0x00, 0x00, 0xc0, 0x00, 0x00, 0x00, 
0x04, 0x40, 0x00, 0x00, 0x10, 0x00, 0x00, 0x00, 0x05, 0x01, 0x41, 0x00, 0x00, 0x01, 0x01, 0x00, 
0x01, 0x01, 0x01, 0x00, 0x03, 0x01, 0x01, 0x00, 0x02, 0x01, 0x01, 0x00, 0x10, 0x40, 0x00, 0x00, 
0x00, 0x36, 0x00, 0x00, 0x21, 0x01, 0x02, 0x00, 0x20, 0x01, 0x02, 0x00, 0x20, 0x40, 0x00, 0x00, 
0xe0, 0xdd, 0x01, 0x00, 0x21, 0x40, 0x00, 0x00, 0x00, 0x02, 0x00, 0x00, 0x22, 0x40, 0x00, 0x00, 
0x00, 0xdc, 0x01, 0x00, 0x26, 0x01, 0x80, 0xff, 0x16, 0x01, 0x05, 0x00, 0x2f, 0x01, 0x02, 0x00, 
0x03, 0x00, 0x00, 0x00, 0x00, 0x40, 0x00, 0x00, 0x00, 0x36, 0x00, 0x00, 0x00, 0x01, 0x00, 0x00, 
0x01, 0x01, 0x00, 0x00, 0x03, 0x01, 0x00, 0x00, 0x02, 0x01, 0x00, 0x00, 0x10, 0x40, 0x00, 0x00, 
0x00, 0x51, 0x00, 0x00, 0x21, 0x01, 0x00, 0x00, 0x20, 0x01, 0x00, 0x00, 0x20, 0x40, 0x00, 0x00, 
0xc0, 0xe1, 0x01, 0x00, 0x21, 0x40, 0x00, 0x00, 0x20, 0x0a, 0x00, 0x00, 0x22, 0x40, 0x00, 0x00, 
0xe0, 0xdf, 0x01, 0x00, 0x26, 0x01, 0x00, 0x00, 0x16, 0x01, 0x09, 0x00, 0x2f, 0x01, 0x01, 0x00, 
0x02, 0x00, 0x00, 0x00, 0x00, 0x40, 0x00, 0x00, 0x00, 0x51, 0x00, 0x00, 0x10, 0x40, 0x00, 0x00, 
0x40, 0x02, 0x00, 0x00, 0x15, 0x40, 0x00, 0x00, 0x80, 0x04, 0x00, 0x00, 0x14, 0x01, 0x41, 0x81, 
0x26, 0x01, 0x80, 0xff, 0x16, 0x01, 0x07, 0x00, 0x15, 0x01, 0x09, 0x00, 0x17, 0x01, 0x2f, 0x00, 
0x2f, 0x01, 0x02, 0x00, 0x05, 0x00, 0x01, 0x00, 0x00, 0x40, 0x00, 0x00, 0x00, 0x00, 0x00, 0x00, 
0x04, 0x01, 0x5f, 0x00, 0x05, 0x40, 0x00, 0x00, 0x80, 0x04, 0x00, 0x00, 0x10, 0x40, 0x00, 0x00, 
0x00, 0x36, 0x00, 0x00, 0x13, 0x01, 0x5f, 0x00, 0x16, 0x40, 0x00, 0x00, 0x01, 0x00, 0x00, 0x00, 
0x14, 0x40, 0x00, 0x00, 0x60, 0x00, 0x00, 0x00, 0x14, 0x01, 0x01, 0x00, 0x20, 0x40, 0x00, 0x00, 
0xa0, 0xef, 0x01, 0x00, 0x21, 0x40, 0x00, 0x00, 0xe0, 0x00, 0x00, 0x00, 0x22, 0x40, 0x00, 0x00, 
0xe0, 0xeb, 0x01, 0x00, 0x23, 0x40, 0x00, 0x00, 0xc0, 0x03, 0x00, 0x00, 0x16, 0x01, 0x05, 0x00, 
0x15, 0x01, 0x0b, 0x00, 0x2f, 0x01, 0x03, 0x00, 0x02, 0x00, 0x00, 0x00, 0x31, 0x40, 0x00, 0x00, 
0x00, 0x00, 0x00, 0x00, 0x12, 0x00, 0x00, 0x00, 0x10, 0x00, 0x00, 0x00, 0x0b, 0x01, 0x8f, 0x00, 
0x0c, 0x01, 0x8f, 0x00, 0x0a, 0x01, 0x5f, 0x00, 0x04, 0x01, 0x00, 0x00, 0x06, 0x40, 0x00, 0x00, 
0x01, 0x00, 0x00, 0x00, 0x05, 0x40, 0x00, 0x00, 0x60, 0x00, 0x00, 0x00, 0x04, 0x40, 0x00, 0x00, 
0x01, 0x00, 0x00, 0x00, 0x05, 0x01, 0x01, 0x00, 0x10, 0x40, 0x00, 0x00, 0x00, 0x6c, 0x00, 0x00, 
0x1b, 0x01, 0x8f, 0x00, 0x1c, 0x01, 0x8f, 0x00, 0x1a, 0x01, 0x5f, 0x00, 0x12, 0x01, 0x8f, 0x00, 
0x11, 0x01, 0x5f, 0x00, 0x13, 0x01, 0x00, 0x00, 0x15, 0x40, 0x00, 0x00, 0x01, 0x00, 0x00, 0x00, 
0x14, 0x40, 0x00, 0x00, 0x90, 0x00, 0x00, 0x00, 0x14, 0x01, 0x01, 0x01, 0x16, 0x01, 0x01, 0x00, 
0x15, 0x01, 0x09, 0x00, 0x17, 0x01, 0x07, 0x00, 0x2d, 0x01, 0x1e, 0x00, 0x11, 0x00, 0x00, 0x00, 
0x05, 0x00, 0x01, 0x00, 0x00, 0x40, 0x00, 0x00, 0x00, 0x6c, 0x00, 0x00, 0x0b, 0x01, 0x2f, 0x00, 
0x0c, 0x01, 0x2f, 0x00, 0x0a, 0x01, 0x0b, 0x00, 0x04, 0x01, 0x0b, 0x00, 0x05, 0x40, 0x00, 0x00, 
0x90, 0x00, 0x00, 0x00, 0x04, 0x40, 0x00, 0x00, 0x0c, 0x00, 0x00, 0x00, 0x10, 0x40, 0x00, 0x00, 
0x00, 0x00, 0x00, 0x00, 0x1b, 0x01, 0x2f, 0x00, 0x1c, 0x01, 0x2f, 0x00, 0x1a, 0x01, 0x0b, 0x00, 
0x12, 0x01, 0x2f, 0x00, 0x11, 0x01, 0x0b, 0x00, 0x13, 0x01, 0x0b, 0x00, 0x15, 0x40, 0x00, 0x00, 
0x90, 0x00, 0x00, 0x00, 0x14, 0x40, 0x00, 0x00, 0x0c, 0x00, 0x00, 0x00, 0x17, 0x01, 0x0f, 0x00, 
0x05, 0x00, 0x01, 0x00, 0x00, 0x40, 0x00, 0x00, 0x00, 0x00, 0x00, 0x00, 0x0a, 0x01, 0x8f, 0x00, 
0x04, 0x01, 0x00, 0x00, 0x04, 0x40, 0x00, 0x00, 0x01, 0x00, 0x00, 0x00, 0x10, 0x40, 0x00, 0x00, 
0x00, 0x6c, 0x00, 0x00, 0x1a, 0x01, 0x8f, 0x00, 0x11, 0x01, 0x8f, 0x00, 0x13, 0x01, 0x00, 0x00, 
0x15, 0x40, 0x00, 0x00, 0x01, 0x00, 0x00, 0x00, 0x14, 0x40, 0x00, 0x00, 0x30, 0x00, 0x00, 0x00, 
0x16, 0x01, 0x07, 0x00, 0x15, 0x01, 0x3b, 0x00, 0x17, 0x01, 0x07, 0x00, 0x2d, 0x01, 0x0e, 0x00, 
0x05, 0x00, 0x01, 0x00, 0x00, 0x40, 0x00, 0x00, 0x00, 0x6c, 0x00, 0x00, 0x0b, 0x01, 0x0b, 0x00, 
0x0c, 0x01, 0x0b, 0x00, 0x0a, 0x01, 0x0b, 0x00, 0x04, 0x01, 0x2f, 0x00, 0x05, 0x40, 0x00, 0x00, 
0x40, 0x02, 0x00, 0x00, 0x04, 0x40, 0x00, 0x00, 0x30, 0x00, 0x00, 0x00, 0x10, 0x40, 0x00, 0x00, 
0x00, 0x00, 0x00, 0x00, 0x1b, 0x01, 0x0b, 0x00, 0x1c, 0x01, 0x0b, 0x00, 0x1a, 0x01, 0x0b, 0x00, 
0x12, 0x01, 0x0b, 0x00, 0x11, 0x01, 0x0b, 0x00, 0x13, 0x01, 0x2f, 0x00, 0x15, 0x40, 0x00, 0x00, 
0x80, 0x04, 0x00, 0x00, 0x14, 0x40, 0x00, 0x00, 0x60, 0x00, 0x00, 0x00, 0x14, 0x01, 0x01, 0x81, 
0x15, 0x01, 0x09, 0x00, 0x17, 0x01, 0x2f, 0x00, 0x2f, 0x01, 0x01, 0x00, 0x05, 0x00, 0x01, 0x00, 
0x31, 0x40, 0x00, 0x00, 0x00, 0x6c, 0x00, 0x00, 0x12, 0x00, 0x00, 0x00, 0x10, 0x00, 0x00, 0x00, 
0x0b, 0x01, 0x8f, 0x00, 0x0c, 0x01, 0x8f, 0x00, 0x0a, 0x01, 0x5f, 0x00, 0x04, 0x01, 0x00, 0x00, 
0x05, 0x40, 0x00, 0x00, 0x60, 0x00, 0x00, 0x00, 0x04, 0x40, 0x00, 0x00, 0x01, 0x00, 0x00, 0x00, 
0x10, 0x40, 0x00, 0x00, 0x00, 0x36, 0x00, 0x00, 0x1b, 0x01, 0x8f, 0x00, 0x1c, 0x01, 0x8f, 0x00, 
0x1a, 0x01, 0x5f, 0x00, 0x12, 0x01, 0x8f, 0x00, 0x11, 0x01, 0x5f, 0x00, 0x13, 0x01, 0x00, 0x00, 
0x15, 0x40, 0x00, 0x00, 0x01, 0x00, 0x00, 0x00, 0x14, 0x40, 0x00, 0x00, 0x90, 0x00, 0x00, 0x00, 
0x14, 0x01, 0x01, 0x01, 0x16, 0x01, 0x01, 0x00, 0x17, 0x01, 0x07, 0x00, 0x2d, 0x01, 0x1e, 0x00, 
0x24, 0x40, 0x20, 0x00, 0x01, 0x53, 0x2b, 0xe2, 0x2f, 0x01, 0x03, 0x00, 0x11, 0x00, 0x00, 0x00, 
0x05, 0x00, 0x01, 0x00, 0x00, 0x40, 0x00, 0x00, 0x00, 0x51, 0x00, 0x00, 0x0b, 0x01, 0x2f, 0x00, 
0x0c, 0x01, 0x2f, 0x00, 0x0a, 0x01, 0x0b, 0x00, 0x04, 0x01, 0x0b, 0x00, 0x05, 0x40, 0x00, 0x00, 
0x90, 0x00, 0x00, 0x00, 0x04, 0x40, 0x00, 0x00, 0x0c, 0x00, 0x00, 0x00, 0x10, 0x40, 0x00, 0x00, 
0x00, 0x6c, 0x00, 0x00, 0x1b, 0x01, 0x2f, 0x00, 0x1c, 0x01, 0x2f, 0x00, 0x1a, 0x01, 0x0b, 0x00, 
0x12, 0x01, 0x2f, 0x00, 0x11, 0x01, 0x0b, 0x00, 0x13, 0x01, 0x0b, 0x00, 0x15, 0x40, 0x00, 0x00, 
0x90, 0x00, 0x00, 0x00, 0x14, 0x40, 0x00, 0x00, 0x0c, 0x00, 0x00, 0x00, 0x17, 0x01, 0x0f, 0x00, 
0x24, 0x40, 0x1f, 0x00, 0x01, 0x00, 0x00, 0x80, 0x05, 0x00, 0x01, 0x00, 0x00, 0x40, 0x00, 0x00, 
0x00, 0x6c, 0x00, 0x00, 0x0a, 0x01, 0x8f, 0x00, 0x04, 0x01, 0x00, 0x00, 0x04, 0x40, 0x00, 0x00, 
0x01, 0x00, 0x00, 0x00, 0x10, 0x40, 0x00, 0x00, 0x00, 0x36, 0x00, 0x00, 0x1a, 0x01, 0x8f, 0x00, 
0x11, 0x01, 0x8f, 0x00, 0x13, 0x01, 0x00, 0x00, 0x15, 0x40, 0x00, 0x00, 0x01, 0x00, 0x00, 0x00, 
0x14, 0x40, 0x00, 0x00, 0x30, 0x00, 0x00, 0x00, 0x16, 0x01, 0x07, 0x00, 0x15, 0x01, 0x3b, 0x00, 
0x17, 0x01, 0x07, 0x00, 0x2d, 0x01, 0x0e, 0x00, 0x05, 0x00, 0x01, 0x00, 0x00, 0x40, 0x00, 0x00, 
0x00, 0x36, 0x00, 0x00, 0x0b, 0x01, 0x0b, 0x00, 0x0c, 0x01, 0x0b, 0x00, 0x0a, 0x01, 0x0b, 0x00, 
0x04, 0x01, 0x2f, 0x00, 0x05, 0x40, 0x00, 0x00, 0x40, 0x02, 0x00, 0x00, 0x04, 0x40, 0x00, 0x00, 
0x30, 0x00, 0x00, 0x00, 0x10, 0x40, 0x00, 0x00, 0x00, 0x51, 0x00, 0x00, 0x1b, 0x01, 0x0b, 0x00, 
0x1c, 0x01, 0x0b, 0x00, 0x1a, 0x01, 0x0b, 0x00, 0x12, 0x01, 0x0b, 0x00, 0x11, 0x01, 0x0b, 0x00, 
0x13, 0x01, 0x2f, 0x00, 0x16, 0x40, 0x00, 0x00, 0xc0, 0x00, 0x00, 0x00, 0x15, 0x40, 0x00, 0x00, 
0x40, 0x02, 0x00, 0x00, 0x14, 0x40, 0x00, 0x00, 0x10, 0x00, 0x00, 0x00, 0x14, 0x01, 0x41, 0x00, 
0x20, 0x40, 0x00, 0x00, 0x60, 0xf2, 0x01, 0x00, 0x21, 0x40, 0x00, 0x00, 0x30, 0x0a, 0x00, 0x00, 
0x22, 0x40, 0x00, 0x00, 0x80, 0xf0, 0x01, 0x00, 0x23, 0x40, 0x00, 0x00, 0xe0, 0x01, 0x00, 0x00, 
0x26, 0x01, 0x00, 0x00, 0x16, 0x01, 0x09, 0x00, 0x15, 0x01, 0x0b, 0x00, 0x17, 0x01, 0x1f, 0x00, 
0x2f, 0x01, 0x00, 0x00, 0x02, 0x00, 0x00, 0x00, 0x00, 0x40, 0x00, 0x00, 0x00, 0x51, 0x00, 0x00, 
0x06, 0x40, 0x00, 0x00, 0xc0, 0x00, 0x00, 0x00, 0x04, 0x40, 0x00, 0x00, 0x10, 0x00, 0x00, 0x00, 
0x05, 0x01, 0x41, 0x00, 0x00, 0x01, 0x01, 0x00, 0x01, 0x01, 0x01, 0x00, 0x03, 0x01, 0x01, 0x00, 
0x02, 0x01, 0x01, 0x00, 0x10, 0x40, 0x00, 0x00, 0x00, 0x36, 0x00, 0x00, 0x21, 0x01, 0x02, 0x00, 
0x20, 0x01, 0x02, 0x00, 0x20, 0x40, 0x00, 0x00, 0x70, 0xfe, 0x01, 0x00, 0x21, 0x40, 0x00, 0x00, 
0x00, 0x02, 0x00, 0x00, 0x22, 0x40, 0x00, 0x00, 0x90, 0xfc, 0x01, 0x00, 0x26, 0x01, 0x80, 0xff, 
0x16, 0x01, 0x05, 0x00, 0x2f, 0x01, 0x02, 0x00, 0x03, 0x00, 0x00, 0x00, 0x00, 0x40, 0x00, 0x00, 
0x00, 0x36, 0x00, 0x00, 0x00, 0x01, 0x00, 0x00, 0x01, 0x01, 0x00, 0x00, 0x03, 0x01, 0x00, 0x00, 
0x02, 0x01, 0x00, 0x00, 0x10, 0x40, 0x00, 0x00, 0x00, 0x51, 0x00, 0x00, 0x21, 0x01, 0x00, 0x00, 
0x20, 0x01, 0x00, 0x00, 0x20, 0x40, 0x00, 0x00, 0x50, 0x02, 0x02, 0x00, 0x21, 0x40, 0x00, 0x00, 
0x30, 0x0a, 0x00, 0x00, 0x22, 0x40, 0x00, 0x00, 0x70, 0x00, 0x02, 0x00, 0x26, 0x01, 0x00, 0x00, 
0x16, 0x01, 0x09, 0x00, 0x2f, 0x01, 0x01, 0x00, 0x02, 0x00, 0x00, 0x00, 0x00, 0x40, 0x00, 0x00, 
0x00, 0x51, 0x00, 0x00, 0x10, 0x40, 0x00, 0x00, 0x30, 0x00, 0x00, 0x00, 0x16, 0x40, 0x00, 0x00, 
0x01, 0x00, 0x00, 0x00, 0x15, 0x40, 0x00, 0x00, 0x80, 0x04, 0x00, 0x00, 0x14, 0x40, 0x00, 0x00, 
0x60, 0x00, 0x00, 0x00, 0x14, 0x01, 0x01, 0x81, 0x26, 0x01, 0x80, 0xff, 0x16, 0x01, 0x07, 0x00, 
0x15, 0x01, 0x09, 0x00, 0x17, 0x01, 0x2f, 0x00, 0x2f, 0x01, 0x02, 0x00, 0x05, 0x00, 0x01, 0x00, 
0x00, 0x40, 0x00, 0x00, 0x00, 0x00, 0x00, 0x00, 0x04, 0x01, 0x5f, 0x00, 0x06, 0x40, 0x00, 0x00, 
0x01, 0x00, 0x00, 0x00, 0x05, 0x40, 0x00, 0x00, 0x80, 0x04, 0x00, 0x00, 0x04, 0x40, 0x00, 0x00, 
0x60, 0x00, 0x00, 0x00, 0x05, 0x01, 0x01, 0x00, 0x03, 0x01, 0x01, 0x00, 0x02, 0x01, 0x01, 0x00, 
0x10, 0x40, 0x00, 0x00, 0x00, 0x36, 0x00, 0x00, 0x1b, 0x01, 0x05, 0x00, 0x1c, 0x01, 0x05, 0x00, 
0x1a, 0x01, 0x05, 0x00, 0x12, 0x01, 0x05, 0x00, 0x11, 0x01, 0x05, 0x00, 0x13, 0x01, 0x5f, 0x00, 
0x16, 0x40, 0x00, 0x00, 0x60, 0x00, 0x00, 0x00, 0x15, 0x40, 0x00, 0x00, 0x40, 0x02, 0x00, 0x00, 
0x14, 0x40, 0x00, 0x00, 0x10, 0x00, 0x00, 0x00, 0x14, 0x01, 0x41, 0x00, 0x21, 0x01, 0x02, 0x00, 
0x20, 0x01, 0x02, 0x00, 0x22, 0x01, 0x03, 0x00, 0x20, 0x40, 0x00, 0x00, 0x40, 0x10, 0x02, 0x00, 
0x21, 0x40, 0x00, 0x00, 0x00, 0x04, 0x00, 0x00, 0x22, 0x40, 0x00, 0x00, 0x80, 0x0c, 0x02, 0x00, 
0x23, 0x40, 0x00, 0x00, 0xc0, 0x03, 0x00, 0x00, 0x16, 0x01, 0x05, 0x00, 0x15, 0x01, 0x05, 0x00, 
0x0d, 0x01, 0x1a, 0x00, 0x2d, 0x01, 0x1e, 0x00, 0x2f, 0x01, 0x00, 0x00, 0x03, 0x00, 0x00, 0x00, 
0x00, 0x40, 0x00, 0x00, 0x00, 0x36, 0x00, 0x00, 0x0b, 0x01, 0x05, 0x00, 0x0c, 0x01, 0x05, 0x00, 
0x0a, 0x01, 0x05, 0x00, 0x06, 0x40, 0x00, 0x00, 0x60, 0x00, 0x00, 0x00, 0x05, 0x40, 0x00, 0x00, 
0x40, 0x02, 0x00, 0x00, 0x04, 0x40, 0x00, 0x00, 0x10, 0x00, 0x00, 0x00, 0x05, 0x01, 0x41, 0x00, 
0x03, 0x01, 0x00, 0x00, 0x02, 0x01, 0x00, 0x00, 0x10, 0x40, 0x00, 0x00, 0x00, 0x51, 0x00, 0x00, 
0x21, 0x01, 0x00, 0x00, 0x20, 0x01, 0x00, 0x00, 0x22, 0x01, 0x00, 0x00, 0x20, 0x40, 0x00, 0x00, 
0x00, 0x18, 0x02, 0x00, 0x21, 0x40, 0x00, 0x00, 0xb0, 0x22, 0x00, 0x00, 0x22, 0x40, 0x00, 0x00, 
0x40, 0x14, 0x02, 0x00, 0x26, 0x01, 0x00, 0x00, 0x17, 0x01, 0x5f, 0x00, 0x0d, 0x01, 0x0a, 0x00, 
0x2d, 0x01, 0x0e, 0x00, 0x2f, 0x01, 0x01, 0x00, 0x02, 0x00, 0x00, 0x00, 0x00, 0x40, 0x00, 0x00, 
0x00, 0x51, 0x00, 0x00, 0x10, 0x40, 0x00, 0x00, 0x00, 0x36, 0x00, 0x00, 0x15, 0x40, 0x00, 0x00, 
0x80, 0x04, 0x00, 0x00, 0x14, 0x01, 0x41, 0x81, 0x26, 0x01, 0x80, 0xff, 0x16, 0x01, 0x03, 0x00, 
0x15, 0x01, 0x03, 0x00, 0x17, 0x01, 0x7f, 0x00, 0x2d, 0x01, 0x1e, 0x00, 0x2f, 0x01, 0x00, 0x00, 
0x05, 0x00, 0x01, 0x00, 0x00, 0x40, 0x00, 0x00, 0x00, 0x00, 0x00, 0x00, 0x0b, 0x01, 0x0b, 0x00, 
0x0c, 0x01, 0x0b, 0x00, 0x0a, 0x01, 0x0b, 0x00, 0x06, 0x40, 0x00, 0x00, 0x01, 0x00, 0x00, 0x00, 
0x05, 0x40, 0x00, 0x00, 0x80, 0x04, 0x00, 0x00, 0x04, 0x40, 0x00, 0x00, 0x60, 0x00, 0x00, 0x00, 
0x05, 0x01, 0x01, 0x00, 0x10, 0x40, 0x00, 0x00, 0x00, 0x51, 0x00, 0x00, 0x1b, 0x01, 0x0b, 0x00, 
0x1c, 0x01, 0x0b, 0x00, 0x1a, 0x01, 0x0b, 0x00, 0x12, 0x01, 0x0b, 0x00, 0x11, 0x01, 0x0b, 0x00, 
0x16, 0x40, 0x00, 0x00, 0xc0, 0x00, 0x00, 0x00, 0x14, 0x01, 0x41, 0x00, 0x20, 0x40, 0x00, 0x00, 
0x70, 0x3e, 0x02, 0x00, 0x21, 0x40, 0x00, 0x00, 0x60, 0x22, 0x00, 0x00, 0x22, 0x40, 0x00, 0x00, 
0xb0, 0x3a, 0x02, 0x00, 0x26, 0x01, 0x00, 0x00, 0x16, 0x01, 0x05, 0x00, 0x15, 0x01, 0x0b, 0x00, 
0x17, 0x01, 0x2f, 0x00, 0x2d, 0x01, 0x0e, 0x00, 0x2f, 0x01, 0x03, 0x00, 0x02, 0x00, 0x00, 0x00, 
0x00, 0x40, 0x00, 0x00, 0x00, 0x51, 0x00, 0x00, 0x06, 0x40, 0x00, 0x00, 0xc0, 0x00, 0x00, 0x00, 
0x04, 0x40, 0x00, 0x00, 0x10, 0x00, 0x00, 0x00, 0x05, 0x01, 0x41, 0x00, 0x03, 0x01, 0x01, 0x00, 
0x02, 0x01, 0x01, 0x00, 0x10, 0x40, 0x00, 0x00, 0x00, 0x87, 0x00, 0x00, 0x1b, 0x01, 0x05, 0x00, 
0x1c, 0x01, 0x05, 0x00, 0x1a, 0x01, 0x05, 0x00, 0x12, 0x01, 0x05, 0x00, 0x11, 0x01, 0x05, 0x00, 
0x16, 0x40, 0x00, 0x00, 0x60, 0x00, 0x00, 0x00, 0x15, 0x40, 0x00, 0x00, 0x40, 0x02, 0x00, 0x00, 
0x21, 0x01, 0x02, 0x00, 0x20, 0x01, 0x02, 0x00, 0x22, 0x01, 0x03, 0x00, 0x20, 0x40, 0x00, 0x00, 
0x90, 0x64, 0x02, 0x00, 0x21, 0x40, 0x00, 0x00, 0x00, 0x04, 0x00, 0x00, 0x22, 0x40, 0x00, 0x00, 
0xd0, 0x60, 0x02, 0x00, 0x26, 0x01, 0x80, 0xff, 0x15, 0x01, 0x05, 0x00, 0x0d, 0x01, 0x1a, 0x00, 
0x2d, 0x01, 0x1e, 0x00, 0x2f, 0x01, 0x00, 0x00, 0x03, 0x00, 0x00, 0x00, 0x00, 0x40, 0x00, 0x00, 
0x00, 0x87, 0x00, 0x00, 0x0b, 0x01, 0x05, 0x00, 0x0c, 0x01, 0x05, 0x00, 0x0a, 0x01, 0x05, 0x00, 
0x06, 0x40, 0x00, 0x00, 0x60, 0x00, 0x00, 0x00, 0x05, 0x40, 0x00, 0x00, 0x40, 0x02, 0x00, 0x00, 
0x03, 0x01, 0x00, 0x00, 0x02, 0x01, 0x00, 0x00, 0x10, 0x40, 0x00, 0x00, 0x00, 0x51, 0x00, 0x00, 
0x21, 0x01, 0x00, 0x00, 0x20, 0x01, 0x00, 0x00, 0x22, 0x01, 0x00, 0x00, 0x20, 0x40, 0x00, 0x00, 
0x50, 0x6c, 0x02, 0x00, 0x21, 0x40, 0x00, 0x00, 0xc0, 0x22, 0x00, 0x00, 0x22, 0x40, 0x00, 0x00, 
0x90, 0x68, 0x02, 0x00, 0x26, 0x01, 0x00, 0x00, 0x17, 0x01, 0x5f, 0x00, 0x0d, 0x01, 0x0a, 0x00, 
0x2d, 0x01, 0x0e, 0x00, 0x2f, 0x01, 0x01, 0x00, 0x02, 0x00, 0x00, 0x00, 0x00, 0x40, 0x00, 0x00, 
0x00, 0x51, 0x00, 0x00, 0x10, 0x40, 0x00, 0x00, 0x40, 0x38, 0x00, 0x00, 0x15, 0x40, 0x00, 0x00, 
0x80, 0x04, 0x00, 0x00, 0x14, 0x01, 0x41, 0x81, 0x26, 0x01, 0x80, 0xff, 0x16, 0x01, 0x03, 0x00, 
0x15, 0x01, 0x03, 0x00, 0x17, 0x01, 0x7f, 0x00, 0x2d, 0x01, 0x1e, 0x00, 0x2f, 0x01, 0x00, 0x00, 
0x05, 0x00, 0x01, 0x00, 0x00, 0x40, 0x00, 0x00, 0x00, 0x36, 0x00, 0x00, 0x04, 0x01, 0xbf, 0x00, 
0x05, 0x40, 0x00, 0x00, 0x80, 0x04, 0x00, 0x00, 0x10, 0x40, 0x00, 0x00, 0x00, 0x51, 0x00, 0x00, 
0x13, 0x01, 0xbf, 0x00, 0x16, 0x40, 0x00, 0x00, 0x01, 0x00, 0x00, 0x00, 0x14, 0x40, 0x00, 0x00, 
0xc0, 0x00, 0x00, 0x00, 0x14, 0x01, 0x01, 0x00, 0x20, 0x40, 0x00, 0x00, 0x90, 0x96, 0x02, 0x00, 
0x21, 0x40, 0x00, 0x00, 0xc0, 0x02, 0x00, 0x00, 0x22, 0x40, 0x00, 0x00, 0x10, 0x8f, 0x02, 0x00, 
0x23, 0x40, 0x00, 0x00, 0x80, 0x07, 0x00, 0x00, 0x16, 0x01, 0x05, 0x00, 0x15, 0x01, 0x05, 0x00, 
0x17, 0x01, 0x5f, 0x00, 0x2d, 0x01, 0x0e, 0x00, 0x2f, 0x01, 0x02, 0x00, 0x02, 0x00, 0x00, 0x00, 
0x30, 0x40, 0x00, 0x00, 0x00, 0x51, 0x00, 0x00, 0x31, 0x40, 0x00, 0x00, 0x00, 0x36, 0x00, 0x00, 
0x32, 0x40, 0x00, 0x00, 0x00, 0x1b, 0x00, 0x00, 0x12, 0x00, 0x00, 0x00, 0x10, 0x00, 0x00, 0x00, 
0x0b, 0x01, 0x23, 0x00, 0x0c, 0x01, 0x23, 0x00, 0x0a, 0x01, 0xbf, 0x00, 0x04, 0x01, 0x00, 0x00, 
0x06, 0x40, 0x00, 0x00, 0x01, 0x00, 0x00, 0x00, 0x05, 0x40, 0x00, 0x00, 0xc0, 0x00, 0x00, 0x00, 
0x04, 0x40, 0x00, 0x00, 0x01, 0x00, 0x00, 0x00, 0x05, 0x01, 0x01, 0x00, 0x10, 0x40, 0x00, 0x00, 
0x00, 0x6c, 0x00, 0x00, 0x1b, 0x01, 0x23, 0x00, 0x1c, 0x01, 0x23, 0x00, 0x1a, 0x01, 0xbf, 0x00, 
0x12, 0x01, 0x23, 0x00, 0x11, 0x01, 0xbf, 0x00, 0x13, 0x01, 0x00, 0x00, 0x15, 0x40, 0x00, 0x00, 
0x01, 0x00, 0x00, 0x00, 0x14, 0x40, 0x00, 0x00, 0x24, 0x00, 0x00, 0x00, 0x14, 0x01, 0x01, 0x01, 
0x16, 0x01, 0x07, 0x00, 0x15, 0x01, 0x37, 0x00, 0x17, 0x01, 0x07, 0x00, 0x2f, 0x01, 0x03, 0x00, 
0x11, 0x00, 0x00, 0x00, 0x05, 0x00, 0x01, 0x00, 0x00, 0x40, 0x00, 0x00, 0x00, 0x6c, 0x00, 0x00, 
0x0b, 0x01, 0x5f, 0x00, 0x0c, 0x01, 0x5f, 0x00, 0x0a, 0x01, 0x05, 0x00, 0x04, 0x01, 0x05, 0x00, 
0x05, 0x40, 0x00, 0x00, 0x24, 0x00, 0x00, 0x00, 0x04, 0x40, 0x00, 0x00, 0x06, 0x00, 0x00, 0x00, 
0x10, 0x40, 0x00, 0x00, 0x00, 0x36, 0x00, 0x00, 0x1b, 0x01, 0x5f, 0x00, 0x1c, 0x01, 0x5f, 0x00, 
0x1a, 0x01, 0x05, 0x00, 0x12, 0x01, 0x5f, 0x00, 0x11, 0x01, 0x05, 0x00, 0x13, 0x01, 0x05, 0x00, 
0x15, 0x40, 0x00, 0x00, 0x24, 0x00, 0x00, 0x00, 0x14, 0x40, 0x00, 0x00, 0x06, 0x00, 0x00, 0x00, 
0x16, 0x01, 0x09, 0x00, 0x15, 0x01, 0x01, 0x00, 0x2d, 0x01, 0x1e, 0x00, 0x05, 0x00, 0x01, 0x00, 
0x00, 0x40, 0x00, 0x00, 0x00, 0x36, 0x00, 0x00, 0x0a, 0x01, 0x23, 0x00, 0x04, 0x01, 0x00, 0x00, 
0x04, 0x40, 0x00, 0x00, 0x01, 0x00, 0x00, 0x00, 0x10, 0x40, 0x00, 0x00, 0x00, 0x6c, 0x00, 0x00, 
0x1a, 0x01, 0x23, 0x00, 0x11, 0x01, 0x23, 0x00, 0x13, 0x01, 0x00, 0x00, 0x15, 0x40, 0x00, 0x00, 
0x01, 0x00, 0x00, 0x00, 0x14, 0x40, 0x00, 0x00, 0x60, 0x00, 0x00, 0x00, 0x16, 0x01, 0x07, 0x00, 
0x15, 0x01, 0x1d, 0x00, 0x05, 0x00, 0x01, 0x00, 0x00, 0x40, 0x00, 0x00, 0x00, 0x6c, 0x00, 0x00, 
0x0b, 0x01, 0x05, 0x00, 0x0c, 0x01, 0x05, 0x00, 0x0a, 0x01, 0x05, 0x00, 0x04, 0x01, 0x5f, 0x00, 
0x05, 0x40, 0x00, 0x00, 0x40, 0x02, 0x00, 0x00, 0x04, 0x40, 0x00, 0x00, 0x60, 0x00, 0x00, 0x00, 
0x10, 0x40, 0x00, 0x00, 0x00, 0x36, 0x00, 0x00, 0x1b, 0x01, 0x05, 0x00, 0x1c, 0x01, 0x05, 0x00, 
0x1a, 0x01, 0x05, 0x00, 0x12, 0x01, 0x05, 0x00, 0x11, 0x01, 0x05, 0x00, 0x13, 0x01, 0x5f, 0x00, 
0x16, 0x40, 0x00, 0x00, 0x60, 0x00, 0x00, 0x00, 0x15, 0x40, 0x00, 0x00, 0x80, 0x04, 0x00, 0x00, 
0x14, 0x40, 0x00, 0x00, 0x10, 0x00, 0x00, 0x00, 0x14, 0x01, 0x41, 0x81, 0x16, 0x01, 0x03, 0x00, 
0x15, 0x01, 0x03, 0x00, 0x17, 0x01, 0x7f, 0x00, 0x2f, 0x01, 0x01, 0x00, 0x05, 0x00, 0x01, 0x00, 
0x31, 0x40, 0x00, 0x00, 0x00, 0x6c, 0x00, 0x00, 0x12, 0x00, 0x00, 0x00, 0x10, 0x00, 0x00, 0x00, 
0x0b, 0x01, 0x23, 0x00, 0x0c, 0x01, 0x23, 0x00, 0x0a, 0x01, 0xbf, 0x00, 0x04, 0x01, 0x00, 0x00, 
0x05, 0x40, 0x00, 0x00, 0xc0, 0x00, 0x00, 0x00, 0x04, 0x40, 0x00, 0x00, 0x01, 0x00, 0x00, 0x00, 
0x10, 0x40, 0x00, 0x00, 0x00, 0x51, 0x00, 0x00, 0x1b, 0x01, 0x23, 0x00, 0x1c, 0x01, 0x23, 0x00, 
0x1a, 0x01, 0xbf, 0x00, 0x12, 0x01, 0x23, 0x00, 0x11, 0x01, 0xbf, 0x00, 0x13, 0x01, 0x00, 0x00, 
0x16, 0x40, 0x00, 0x00, 0x01, 0x00, 0x00, 0x00, 0x15, 0x40, 0x00, 0x00, 0x01, 0x00, 0x00, 0x00, 
0x14, 0x40, 0x00, 0x00, 0x24, 0x00, 0x00, 0x00, 0x14, 0x01, 0x01, 0x01, 0x16, 0x01, 0x07, 0x00, 
0x15, 0x01, 0x37, 0x00, 0x17, 0x01, 0x07, 0x00, 0x2d, 0x01, 0x0e, 0x00, 0x2f, 0x01, 0x03, 0x00, 
0x11, 0x00, 0x00, 0x00, 0x05, 0x00, 0x01, 0x00, 0x00, 0x40, 0x00, 0x00, 0x80, 0x5e, 0x00, 0x00, 
0x0b, 0x01, 0x5f, 0x00, 0x0c, 0x01, 0x5f, 0x00, 0x0a, 0x01, 0x05, 0x00, 0x04, 0x01, 0x05, 0x00, 
0x05, 0x40, 0x00, 0x00, 0x24, 0x00, 0x00, 0x00, 0x04, 0x40, 0x00, 0x00, 0x06, 0x00, 0x00, 0x00, 
0x10, 0x40, 0x00, 0x00, 0x00, 0x6c, 0x00, 0x00, 0x1b, 0x01, 0x5f, 0x00, 0x1c, 0x01, 0x5f, 0x00, 
0x1a, 0x01, 0x05, 0x00, 0x12, 0x01, 0x5f, 0x00, 0x11, 0x01, 0x05, 0x00, 0x13, 0x01, 0x05, 0x00, 
0x15, 0x40, 0x00, 0x00, 0x24, 0x00, 0x00, 0x00, 0x14, 0x40, 0x00, 0x00, 0x06, 0x00, 0x00, 0x00, 
0x16, 0x01, 0x09, 0x00, 0x15, 0x01, 0x01, 0x00, 0x2d, 0x01, 0x1e, 0x00, 0x2f, 0x01, 0x02, 0x00, 
0x05, 0x00, 0x01, 0x00, 0x00, 0x40, 0x00, 0x00, 0x00, 0x6c, 0x00, 0x00, 0x0a, 0x01, 0x23, 0x00, 
0x04, 0x01, 0x00, 0x00, 0x04, 0x40, 0x00, 0x00, 0x01, 0x00, 0x00, 0x00, 0x10, 0x40, 0x00, 0x00, 
0x00, 0x51, 0x00, 0x00, 0x1a, 0x01, 0x23, 0x00, 0x11, 0x01, 0x23, 0x00, 0x13, 0x01, 0x00, 0x00, 
0x15, 0x40, 0x00, 0x00, 0x01, 0x00, 0x00, 0x00, 0x14, 0x40, 0x00, 0x00, 0x60, 0x00, 0x00, 0x00, 
0x16, 0x01, 0x07, 0x00, 0x15, 0x01, 0x1d, 0x00, 0x2f, 0x01, 0x03, 0x00, 0x05, 0x00, 0x01, 0x00, 
0x00, 0x40, 0x00, 0x00, 0x00, 0x51, 0x00, 0x00, 0x0b, 0x01, 0x05, 0x00, 0x0c, 0x01, 0x05, 0x00, 
0x0a, 0x01, 0x05, 0x00, 0x04, 0x01, 0x5f, 0x00, 0x05, 0x40, 0x00, 0x00, 0x40, 0x02, 0x00, 0x00, 
0x04, 0x40, 0x00, 0x00, 0x60, 0x00, 0x00, 0x00, 0x10, 0x40, 0x00, 0x00, 0x80, 0x5e, 0x00, 0x00, 
0x1b, 0x01, 0x05, 0x00, 0x1c, 0x01, 0x05, 0x00, 0x1a, 0x01, 0x05, 0x00, 0x12, 0x01, 0x05, 0x00, 
0x11, 0x01, 0x05, 0x00, 0x13, 0x01, 0x5f, 0x00, 0x16, 0x40, 0x00, 0x00, 0x60, 0x00, 0x00, 0x00, 
0x15, 0x40, 0x00, 0x00, 0x40, 0x02, 0x00, 0x00, 0x14, 0x40, 0x00, 0x00, 0x10, 0x00, 0x00, 0x00, 
0x14, 0x01, 0x41, 0x00, 0x20, 0x40, 0x00, 0x00, 0x10, 0x9d, 0x02, 0x00, 0x21, 0x40, 0x00, 0x00, 
0xa0, 0x22, 0x00, 0x00, 0x22, 0x40, 0x00, 0x00, 0x50, 0x99, 0x02, 0x00, 0x23, 0x40, 0x00, 0x00, 
0xc0, 0x03, 0x00, 0x00, 0x26, 0x01, 0x00, 0x00, 0x16, 0x01, 0x05, 0x00, 0x15, 0x01, 0x05, 0x00, 
0x17, 0x01, 0x5f, 0x00, 0x2d, 0x01, 0x0e, 0x00, 0x2f, 0x01, 0x00, 0x00, 0x02, 0x00, 0x00, 0x00, 
0x00, 0x40, 0x00, 0x00, 0x80, 0x5e, 0x00, 0x00, 0x06, 0x40, 0x00, 0x00, 0x60, 0x00, 0x00, 0x00, 
0x04, 0x40, 0x00, 0x00, 0x10, 0x00, 0x00, 0x00, 0x05, 0x01, 0x41, 0x00, 0x00, 0x01, 0x01, 0x00, 
0x01, 0x01, 0x01, 0x00, 0x03, 0x01, 0x01, 0x00, 0x02, 0x01, 0x01, 0x00, 0x10, 0x40, 0x00, 0x00, 
0x00, 0x51, 0x00, 0x00, 0x21, 0x01, 0x02, 0x00, 0x20, 0x01, 0x02, 0x00, 0x20, 0x40, 0x00, 0x00, 
0x70, 0xc3, 0x02, 0x00, 0x21, 0x40, 0x00, 0x00, 0x00, 0x04, 0x00, 0x00, 0x22, 0x40, 0x00, 0x00, 
0xb0, 0xbf, 0x02, 0x00, 0x26, 0x01, 0x80, 0xff, 0x17, 0x01, 0x1f, 0x00, 0x2d, 0x01, 0x1e, 0x00, 
0x03, 0x00, 0x00, 0x00, 0x00, 0x40, 0x00, 0x00, 0x00, 0x51, 0x00, 0x00, 0x00, 0x01, 0x00, 0x00, 
0x01, 0x01, 0x00, 0x00, 0x03, 0x01, 0x00, 0x00, 0x02, 0x01, 0x00, 0x00, 0x10, 0x40, 0x00, 0x00, 
0x80, 0x5e, 0x00, 0x00, 0x21, 0x01, 0x00, 0x00, 0x20, 0x01, 0x00, 0x00, 0x20, 0x40, 0x00, 0x00, 
0x30, 0xcb, 0x02, 0x00, 0x21, 0x40, 0x00, 0x00, 0x10, 0x22, 0x00, 0x00, 0x22, 0x40, 0x00, 0x00, 
0x70, 0xc7, 0x02, 0x00, 0x26, 0x01, 0x00, 0x00, 0x17, 0x01, 0x5f, 0x00, 0x2d, 0x01, 0x0e, 0x00, 
0x2f, 0x01, 0x02, 0x00, 0x02, 0x00, 0x00, 0x00, 0x00, 0x40, 0x00, 0x00, 0x80, 0x5e, 0x00, 0x00, 
0x10, 0x40, 0x00, 0x00, 0x40, 0x38, 0x00, 0x00, 0x15, 0x40, 0x00, 0x00, 0x80, 0x04, 0x00, 0x00, 
0x14, 0x01, 0x41, 0x81, 0x26, 0x01, 0x80, 0xff, 0x16, 0x01, 0x03, 0x00, 0x15, 0x01, 0x03, 0x00, 
0x17, 0x01, 0x7f, 0x00, 0x2d, 0x01, 0x1e, 0x00, 0x2f, 0x01, 0x00, 0x00, 0x05, 0x00, 0x01, 0x00, 
0x00, 0x40, 0x00, 0x00, 0x00, 0x36, 0x00, 0x00, 0x04, 0x01, 0xbf, 0x00, 0x05, 0x40, 0x00, 0x00, 
0x80, 0x04, 0x00, 0x00, 0x10, 0x40, 0x00, 0x00, 0x00, 0x51, 0x00, 0x00, 0x13, 0x01, 0xbf, 0x00, 
0x16, 0x40, 0x00, 0x00, 0x01, 0x00, 0x00, 0x00, 0x14, 0x40, 0x00, 0x00, 0xc0, 0x00, 0x00, 0x00, 
0x14, 0x01, 0x01, 0x00, 0x20, 0x40, 0x00, 0x00, 0xc0, 0xf4, 0x02, 0x00, 0x21, 0x40, 0x00, 0x00, 
0xc0, 0x02, 0x00, 0x00, 0x22, 0x40, 0x00, 0x00, 0x40, 0xed, 0x02, 0x00, 0x23, 0x40, 0x00, 0x00, 
0x80, 0x07, 0x00, 0x00, 0x16, 0x01, 0x05, 0x00, 0x15, 0x01, 0x05, 0x00, 0x17, 0x01, 0x5f, 0x00, 
0x2d, 0x01, 0x0e, 0x00, 0x2f, 0x01, 0x02, 0x00, 0x02, 0x00, 0x00, 0x00, 0x31, 0x40, 0x00, 0x00, 
0x00, 0x36, 0x00, 0x00, 0x12, 0x00, 0x00, 0x00, 0x10, 0x00, 0x00, 0x00, 0x0b, 0x01, 0x23, 0x00, 
0x0c, 0x01, 0x23, 0x00, 0x0a, 0x01, 0xbf, 0x00, 0x04, 0x01, 0x00, 0x00, 0x06, 0x40, 0x00, 0x00, 
0x01, 0x00, 0x00, 0x00, 0x05, 0x40, 0x00, 0x00, 0xc0, 0x00, 0x00, 0x00, 0x04, 0x40, 0x00, 0x00, 
0x01, 0x00, 0x00, 0x00, 0x05, 0x01, 0x01, 0x00, 0x10, 0x40, 0x00, 0x00, 0x00, 0x6c, 0x00, 0x00, 
0x1b, 0x01, 0x23, 0x00, 0x1c, 0x01, 0x23, 0x00, 0x1a, 0x01, 0xbf, 0x00, 0x12, 0x01, 0x23, 0x00, 
0x11, 0x01, 0xbf, 0x00, 0x13, 0x01, 0x00, 0x00, 0x15, 0x40, 0x00, 0x00, 0x01, 0x00, 0x00, 0x00, 
0x14, 0x40, 0x00, 0x00, 0x24, 0x00, 0x00, 0x00, 0x14, 0x01, 0x01, 0x01, 0x16, 0x01, 0x07, 0x00, 
0x15, 0x01, 0x37, 0x00, 0x17, 0x01, 0x07, 0x00, 0x2f, 0x01, 0x03, 0x00, 0x11, 0x00, 0x00, 0x00, 
0x05, 0x00, 0x01, 0x00, 0x00, 0x40, 0x00, 0x00, 0x00, 0x6c, 0x00, 0x00, 0x0b, 0x01, 0x5f, 0x00, 
0x0c, 0x01, 0x5f, 0x00, 0x0a, 0x01, 0x05, 0x00, 0x04, 0x01, 0x05, 0x00, 0x05, 0x40, 0x00, 0x00, 
0x24, 0x00, 0x00, 0x00, 0x04, 0x40, 0x00, 0x00, 0x06, 0x00, 0x00, 0x00, 0x10, 0x40, 0x00, 0x00, 
0x00, 0x36, 0x00, 0x00, 0x1b, 0x01, 0x5f, 0x00, 0x1c, 0x01, 0x5f, 0x00, 0x1a, 0x01, 0x05, 0x00, 
0x12, 0x01, 0x5f, 0x00, 0x11, 0x01, 0x05, 0x00, 0x13, 0x01, 0x05, 0x00, 0x15, 0x40, 0x00, 0x00, 
0x24, 0x00, 0x00, 0x00, 0x14, 0x40, 0x00, 0x00, 0x06, 0x00, 0x00, 0x00, 0x16, 0x01, 0x09, 0x00, 
0x15, 0x01, 0x01, 0x00, 0x2d, 0x01, 0x1e, 0x00, 0x05, 0x00, 0x01, 0x00, 0x00, 0x40, 0x00, 0x00, 
0x00, 0x36, 0x00, 0x00, 0x0a, 0x01, 0x23, 0x00, 0x04, 0x01, 0x00, 0x00, 0x04, 0x40, 0x00, 0x00, 
0x01, 0x00, 0x00, 0x00, 0x10, 0x40, 0x00, 0x00, 0x00, 0x6c, 0x00, 0x00, 0x1a, 0x01, 0x23, 0x00, 
0x11, 0x01, 0x23, 0x00, 0x13, 0x01, 0x00, 0x00, 0x15, 0x40, 0x00, 0x00, 0x01, 0x00, 0x00, 0x00, 
0x14, 0x40, 0x00, 0x00, 0x60, 0x00, 0x00, 0x00, 0x16, 0x01, 0x07, 0x00, 0x15, 0x01, 0x1d, 0x00, 
0x05, 0x00, 0x01, 0x00, 0x00, 0x40, 0x00, 0x00, 0x00, 0x6c, 0x00, 0x00, 0x0b, 0x01, 0x05, 0x00, 
0x0c, 0x01, 0x05, 0x00, 0x0a, 0x01, 0x05, 0x00, 0x04, 0x01, 0x5f, 0x00, 0x05, 0x40, 0x00, 0x00, 
0x40, 0x02, 0x00, 0x00, 0x04, 0x40, 0x00, 0x00, 0x60, 0x00, 0x00, 0x00, 0x10, 0x40, 0x00, 0x00, 
0x00, 0x36, 0x00, 0x00, 0x1b, 0x01, 0x05, 0x00, 0x1c, 0x01, 0x05, 0x00, 0x1a, 0x01, 0x05, 0x00, 
0x12, 0x01, 0x05, 0x00, 0x11, 0x01, 0x05, 0x00, 0x13, 0x01, 0x5f, 0x00, 0x16, 0x40, 0x00, 0x00, 
0x60, 0x00, 0x00, 0x00, 0x15, 0x40, 0x00, 0x00, 0x80, 0x04, 0x00, 0x00, 0x14, 0x40, 0x00, 0x00, 
0x10, 0x00, 0x00, 0x00, 0x14, 0x01, 0x41, 0x81, 0x16, 0x01, 0x03, 0x00, 0x15, 0x01, 0x03, 0x00, 
0x17, 0x01, 0x7f, 0x00, 0x2f, 0x01, 0x01, 0x00, 0x05, 0x00, 0x01, 0x00, 0x31, 0x40, 0x00, 0x00, 
0x00, 0x6c, 0x00, 0x00, 0x12, 0x00, 0x00, 0x00, 0x10, 0x00, 0x00, 0x00, 0x0b, 0x01, 0x23, 0x00, 
0x0c, 0x01, 0x23, 0x00, 0x0a, 0x01, 0xbf, 0x00, 0x04, 0x01, 0x00, 0x00, 0x05, 0x40, 0x00, 0x00, 
0xc0, 0x00, 0x00, 0x00, 0x04, 0x40, 0x00, 0x00, 0x01, 0x00, 0x00, 0x00, 0x10, 0x40, 0x00, 0x00, 
0x00, 0x51, 0x00, 0x00, 0x1b, 0x01, 0x23, 0x00, 0x1c, 0x01, 0x23, 0x00, 0x1a, 0x01, 0xbf, 0x00, 
0x12, 0x01, 0x23, 0x00, 0x11, 0x01, 0xbf, 0x00, 0x13, 0x01, 0x00, 0x00, 0x16, 0x40, 0x00, 0x00, 
0x01, 0x00, 0x00, 0x00, 0x15, 0x40, 0x00, 0x00, 0x01, 0x00, 0x00, 0x00, 0x14, 0x40, 0x00, 0x00, 
0x24, 0x00, 0x00, 0x00, 0x14, 0x01, 0x01, 0x01, 0x16, 0x01, 0x07, 0x00, 0x15, 0x01, 0x37, 0x00, 
0x17, 0x01, 0x07, 0x00, 0x2d, 0x01, 0x0e, 0x00, 0x2f, 0x01, 0x03, 0x00, 0x11, 0x00, 0x00, 0x00, 
0x05, 0x00, 0x01, 0x00, 0x00, 0x40, 0x00, 0x00, 0x80, 0x5e, 0x00, 0x00, 0x0b, 0x01, 0x5f, 0x00, 
0x0c, 0x01, 0x5f, 0x00, 0x0a, 0x01, 0x05, 0x00, 0x04, 0x01, 0x05, 0x00, 0x05, 0x40, 0x00, 0x00, 
0x24, 0x00, 0x00, 0x00, 0x04, 0x40, 0x00, 0x00, 0x06, 0x00, 0x00, 0x00, 0x10, 0x40, 0x00, 0x00, 
0x00, 0x6c, 0x00, 0x00, 0x1b, 0x01, 0x5f, 0x00, 0x1c, 0x01, 0x5f, 0x00, 0x1a, 0x01, 0x05, 0x00, 
0x12, 0x01, 0x5f, 0x00, 0x11, 0x01, 0x05, 0x00, 0x13, 0x01, 0x05, 0x00, 0x15, 0x40, 0x00, 0x00, 
0x24, 0x00, 0x00, 0x00, 0x14, 0x40, 0x00, 0x00, 0x06, 0x00, 0x00, 0x00, 0x16, 0x01, 0x09, 0x00, 
0x15, 0x01, 0x01, 0x00, 0x2d, 0x01, 0x1e, 0x00, 0x2f, 0x01, 0x02, 0x00, 0x05, 0x00, 0x01, 0x00, 
0x00, 0x40, 0x00, 0x00, 0x00, 0x6c, 0x00, 0x00, 0x0a, 0x01, 0x23, 0x00, 0x04, 0x01, 0x00, 0x00, 
0x04, 0x40, 0x00, 0x00, 0x01, 0x00, 0x00, 0x00, 0x10, 0x40, 0x00, 0x00, 0x00, 0x51, 0x00, 0x00, 
0x1a, 0x01, 0x23, 0x00, 0x11, 0x01, 0x23, 0x00, 0x13, 0x01, 0x00, 0x00, 0x15, 0x40, 0x00, 0x00, 
0x01, 0x00, 0x00, 0x00, 0x14, 0x40, 0x00, 0x00, 0x60, 0x00, 0x00, 0x00, 0x16, 0x01, 0x07, 0x00, 
0x15, 0x01, 0x1d, 0x00, 0x2f, 0x01, 0x03, 0x00, 0x05, 0x00, 0x01, 0x00, 0x00, 0x40, 0x00, 0x00, 
0x00, 0x51, 0x00, 0x00, 0x0b, 0x01, 0x05, 0x00, 0x0c, 0x01, 0x05, 0x00, 0x0a, 0x01, 0x05, 0x00, 
0x04, 0x01, 0x5f, 0x00, 0x05, 0x40, 0x00, 0x00, 0x40, 0x02, 0x00, 0x00, 0x04, 0x40, 0x00, 0x00, 
0x60, 0x00, 0x00, 0x00, 0x10, 0x40, 0x00, 0x00, 0x80, 0x5e, 0x00, 0x00, 0x1b, 0x01, 0x05, 0x00, 
0x1c, 0x01, 0x05, 0x00, 0x1a, 0x01, 0x05, 0x00, 0x12, 0x01, 0x05, 0x00, 0x11, 0x01, 0x05, 0x00, 
0x13, 0x01, 0x5f, 0x00, 0x16, 0x40, 0x00, 0x00, 0x60, 0x00, 0x00, 0x00, 0x15, 0x40, 0x00, 0x00, 
0x40, 0x02, 0x00, 0x00, 0x14, 0x40, 0x00, 0x00, 0x10, 0x00, 0x00, 0x00, 0x14, 0x01, 0x41, 0x00, 
0x20, 0x40, 0x00, 0x00, 0x40, 0xfb, 0x02, 0x00, 0x21, 0x40, 0x00, 0x00, 0x90, 0x22, 0x00, 0x00, 
0x22, 0x40, 0x00, 0x00, 0x80, 0xf7, 0x02, 0x00, 0x23, 0x40, 0x00, 0x00, 0xc0, 0x03, 0x00, 0x00, 
0x26, 0x01, 0x00, 0x00, 0x16, 0x01, 0x05, 0x00, 0x15, 0x01, 0x05, 0x00, 0x17, 0x01, 0x5f, 0x00, 
0x2d, 0x01, 0x0e, 0x00, 0x2f, 0x01, 0x00, 0x00, 0x02, 0x00, 0x00, 0x00, 0x00, 0x40, 0x00, 0x00, 
0x80, 0x5e, 0x00, 0x00, 0x06, 0x40, 0x00, 0x00, 0x60, 0x00, 0x00, 0x00, 0x04, 0x40, 0x00, 0x00, 
0x10, 0x00, 0x00, 0x00, 0x05, 0x01, 0x41, 0x00, 0x00, 0x01, 0x01, 0x00, 0x01, 0x01, 0x01, 0x00, 
0x03, 0x01, 0x01, 0x00, 0x02, 0x01, 0x01, 0x00, 0x10, 0x40, 0x00, 0x00, 0x00, 0x51, 0x00, 0x00, 
0x21, 0x01, 0x02, 0x00, 0x20, 0x01, 0x02, 0x00, 0x20, 0x40, 0x00, 0x00, 0x90, 0x21, 0x03, 0x00, 
0x21, 0x40, 0x00, 0x00, 0x00, 0x04, 0x00, 0x00, 0x22, 0x40, 0x00, 0x00, 0xd0, 0x1d, 0x03, 0x00, 
0x26, 0x01, 0x80, 0xff, 0x17, 0x01, 0x1f, 0x00, 0x2d, 0x01, 0x1e, 0x00, 0x03, 0x00, 0x00, 0x00, 
0x00, 0x40, 0x00, 0x00, 0x00, 0x51, 0x00, 0x00, 0x00, 0x01, 0x00, 0x00, 0x01, 0x01, 0x00, 0x00, 
0x03, 0x01, 0x00, 0x00, 0x02, 0x01, 0x00, 0x00, 0x10, 0x40, 0x00, 0x00, 0x80, 0x5e, 0x00, 0x00, 
0x21, 0x01, 0x00, 0x00, 0x20, 0x01, 0x00, 0x00, 0x20, 0x40, 0x00, 0x00, 0x50, 0x29, 0x03, 0x00, 
0x21, 0x40, 0x00, 0x00, 0x40, 0x22, 0x00, 0x00, 0x22, 0x40, 0x00, 0x00, 0x90, 0x25, 0x03, 0x00, 
0x26, 0x01, 0x00, 0x00, 0x17, 0x01, 0x5f, 0x00, 0x2d, 0x01, 0x0e, 0x00, 0x2f, 0x01, 0x02, 0x00, 
0x02, 0x00, 0x00, 0x00, 0x00, 0x40, 0x00, 0x00, 0x80, 0x5e, 0x00, 0x00, 0x10, 0x40, 0x00, 0x00, 
0x40, 0x38, 0x00, 0x00, 0x15, 0x40, 0x00, 0x00, 0x80, 0x04, 0x00, 0x00, 0x14, 0x01, 0x41, 0x81, 
0x26, 0x01, 0x80, 0xff, 0x16, 0x01, 0x03, 0x00, 0x15, 0x01, 0x03, 0x00, 0x17, 0x01, 0x7f, 0x00, 
0x2d, 0x01, 0x1e, 0x00, 0x2f, 0x01, 0x00, 0x00, 0x05, 0x00, 0x01, 0x00, 0x00, 0x40, 0x00, 0x00, 
0x00, 0x36, 0x00, 0x00, 0x04, 0x01, 0xbf, 0x00, 0x05, 0x40, 0x00, 0x00, 0x80, 0x04, 0x00, 0x00, 
0x10, 0x40, 0x00, 0x00, 0x00, 0x51, 0x00, 0x00, 0x13, 0x01, 0xbf, 0x00, 0x16, 0x40, 0x00, 0x00, 
0x01, 0x00, 0x00, 0x00, 0x14, 0x40, 0x00, 0x00, 0xc0, 0x00, 0x00, 0x00, 0x14, 0x01, 0x01, 0x00, 
0x20, 0x40, 0x00, 0x00, 0x10, 0x53, 0x03, 0x00, 0x21, 0x40, 0x00, 0x00, 0xc0, 0x02, 0x00, 0x00, 
0x22, 0x40, 0x00, 0x00, 0x90, 0x4b, 0x03, 0x00, 0x23, 0x40, 0x00, 0x00, 0x80, 0x07, 0x00, 0x00, 
0x16, 0x01, 0x05, 0x00, 0x15, 0x01, 0x05, 0x00, 0x17, 0x01, 0x5f, 0x00, 0x2d, 0x01, 0x0e, 0x00, 
0x2f, 0x01, 0x02, 0x00, 0x02, 0x00, 0x00, 0x00, 0x31, 0x40, 0x00, 0x00, 0x00, 0x36, 0x00, 0x00, 
0x12, 0x00, 0x00, 0x00, 0x10, 0x00, 0x00, 0x00, 0x0b, 0x01, 0x23, 0x00, 0x0c, 0x01, 0x23, 0x00, 
0x0a, 0x01, 0xbf, 0x00, 0x04, 0x01, 0x00, 0x00, 0x06, 0x40, 0x00, 0x00, 0x01, 0x00, 0x00, 0x00, 
0x05, 0x40, 0x00, 0x00, 0xc0, 0x00, 0x00, 0x00, 0x04, 0x40, 0x00, 0x00, 0x01, 0x00, 0x00, 0x00, 
0x05, 0x01, 0x01, 0x00, 0x10, 0x40, 0x00, 0x00, 0x00, 0x6c, 0x00, 0x00, 0x1b, 0x01, 0x23, 0x00, 
0x1c, 0x01, 0x23, 0x00, 0x1a, 0x01, 0xbf, 0x00, 0x12, 0x01, 0x23, 0x00, 0x11, 0x01, 0xbf, 0x00, 
0x13, 0x01, 0x00, 0x00, 0x15, 0x40, 0x00, 0x00, 0x01, 0x00, 0x00, 0x00, 0x14, 0x40, 0x00, 0x00, 
0x24, 0x00, 0x00, 0x00, 0x14, 0x01, 0x01, 0x01, 0x16, 0x01, 0x07, 0x00, 0x15, 0x01, 0x37, 0x00, 
0x17, 0x01, 0x07, 0x00, 0x2f, 0x01, 0x03, 0x00, 0x11, 0x00, 0x00, 0x00, 0x05, 0x00, 0x01, 0x00, 
0x00, 0x40, 0x00, 0x00, 0x00, 0x6c, 0x00, 0x00, 0x0b, 0x01, 0x5f, 0x00, 0x0c, 0x01, 0x5f, 0x00, 
0x0a, 0x01, 0x05, 0x00, 0x04, 0x01, 0x05, 0x00, 0x05, 0x40, 0x00, 0x00, 0x24, 0x00, 0x00, 0x00, 
0x04, 0x40, 0x00, 0x00, 0x06, 0x00, 0x00, 0x00, 0x10, 0x40, 0x00, 0x00, 0x00, 0x36, 0x00, 0x00, 
0x1b, 0x01, 0x5f, 0x00, 0x1c, 0x01, 0x5f, 0x00, 0x1a, 0x01, 0x05, 0x00, 0x12, 0x01, 0x5f, 0x00, 
0x11, 0x01, 0x05, 0x00, 0x13, 0x01, 0x05, 0x00, 0x15, 0x40, 0x00, 0x00, 0x24, 0x00, 0x00, 0x00, 
0x14, 0x40, 0x00, 0x00, 0x06, 0x00, 0x00, 0x00, 0x16, 0x01, 0x09, 0x00, 0x15, 0x01, 0x01, 0x00, 
0x2d, 0x01, 0x1e, 0x00, 0x05, 0x00, 0x01, 0x00, 0x00, 0x40, 0x00, 0x00, 0x00, 0x36, 0x00, 0x00, 
0x0a, 0x01, 0x23, 0x00, 0x04, 0x01, 0x00, 0x00, 0x04, 0x40, 0x00, 0x00, 0x01, 0x00, 0x00, 0x00, 
0x10, 0x40, 0x00, 0x00, 0x80, 0x43, 0x00, 0x00, 0x1a, 0x01, 0x23, 0x00, 0x11, 0x01, 0x23, 0x00, 
0x13, 0x01, 0x00, 0x00, 0x15, 0x40, 0x00, 0x00, 0x01, 0x00, 0x00, 0x00, 0x14, 0x40, 0x00, 0x00, 
0x60, 0x00, 0x00, 0x00, 0x16, 0x01, 0x07, 0x00, 0x15, 0x01, 0x1d, 0x00, 0x05, 0x00, 0x01, 0x00, 
0x00, 0x40, 0x00, 0x00, 0x80, 0x43, 0x00, 0x00, 0x0b, 0x01, 0x05, 0x00, 0x0c, 0x01, 0x05, 0x00, 
0x0a, 0x01, 0x05, 0x00, 0x04, 0x01, 0x5f, 0x00, 0x05, 0x40, 0x00, 0x00, 0x40, 0x02, 0x00, 0x00, 
0x04, 0x40, 0x00, 0x00, 0x60, 0x00, 0x00, 0x00, 0x10, 0x40, 0x00, 0x00, 0x00, 0x6c, 0x00, 0x00, 
0x1b, 0x01, 0x05, 0x00, 0x1c, 0x01, 0x05, 0x00, 0x1a, 0x01, 0x05, 0x00, 0x12, 0x01, 0x05, 0x00, 
0x11, 0x01, 0x05, 0x00, 0x13, 0x01, 0x5f, 0x00, 0x16, 0x40, 0x00, 0x00, 0x60, 0x00, 0x00, 0x00, 
0x15, 0x40, 0x00, 0x00, 0x40, 0x02, 0x00, 0x00, 0x14, 0x40, 0x00, 0x00, 0x10, 0x00, 0x00, 0x00, 
0x14, 0x01, 0x41, 0x01, 0x16, 0x01, 0x05, 0x00, 0x15, 0x01, 0x05, 0x00, 0x17, 0x01, 0x3f, 0x00, 
0x2d, 0x01, 0x0e, 0x00, 0x24, 0x40, 0x1f, 0x00, 0x99, 0x6f, 0x26, 0x7b, 0x2f, 0x01, 0x00, 0x00, 
0x05, 0x00, 0x01, 0x00, 0x00, 0x40, 0x00, 0x00, 0x00, 0x6c, 0x00, 0x00, 0x06, 0x40, 0x00, 0x00, 
0x60, 0x00, 0x00, 0x00, 0x04, 0x40, 0x00, 0x00, 0x10, 0x00, 0x00, 0x00, 0x05, 0x01, 0x41, 0x00, 
0x10, 0x40, 0x00, 0x00, 0x00, 0x36, 0x00, 0x00, 0x16, 0x40, 0x00, 0x00, 0x01, 0x00, 0x00, 0x00, 
0x15, 0x40, 0x00, 0x00, 0x80, 0x04, 0x00, 0x00, 0x14, 0x40, 0x00, 0x00, 0xc0, 0x00, 0x00, 0x00, 
0x14, 0x01, 0x01, 0x81, 0x16, 0x01, 0x03, 0x00, 0x15, 0x01, 0x03, 0x00, 0x17, 0x01, 0x7f, 0x00, 
0x2d, 0x01, 0x1e, 0x00, 0x24, 0x40, 0x1f, 0x00, 0x01, 0x00, 0x00, 0x80, 0x05, 0x00, 0x01, 0x00, 
0x31, 0x40, 0x00, 0x00, 0x00, 0x6c, 0x00, 0x00, 0x12, 0x00, 0x00, 0x00, 0x10, 0x00, 0x00, 0x00, 
0x0b, 0x01, 0x23, 0x00, 0x0c, 0x01, 0x23, 0x00, 0x0a, 0x01, 0xbf, 0x00, 0x04, 0x01, 0x00, 0x00, 
0x06, 0x40, 0x00, 0x00, 0x01, 0x00, 0x00, 0x00, 0x05, 0x40, 0x00, 0x00, 0xc0, 0x00, 0x00, 0x00, 
0x04, 0x40, 0x00, 0x00, 0x01, 0x00, 0x00, 0x00, 0x05, 0x01, 0x01, 0x00, 0x10, 0x40, 0x00, 0x00, 
0x00, 0x51, 0x00, 0x00, 0x1b, 0x01, 0x23, 0x00, 0x1c, 0x01, 0x23, 0x00, 0x1a, 0x01, 0xbf, 0x00, 
0x12, 0x01, 0x23, 0x00, 0x11, 0x01, 0xbf, 0x00, 0x13, 0x01, 0x00, 0x00, 0x15, 0x40, 0x00, 0x00, 
0x01, 0x00, 0x00, 0x00, 0x14, 0x40, 0x00, 0x00, 0x24, 0x00, 0x00, 0x00, 0x14, 0x01, 0x01, 0x01, 
0x16, 0x01, 0x07, 0x00, 0x15, 0x01, 0x37, 0x00, 0x17, 0x01, 0x07, 0x00, 0x2d, 0x01, 0x0e, 0x00, 
0x24, 0x40, 0x1c, 0x00, 0x01, 0xf7, 0x31, 0x15, 0x2f, 0x01, 0x03, 0x00, 0x11, 0x00, 0x00, 0x00, 
0x05, 0x00, 0x01, 0x00, 0x00, 0x40, 0x00, 0x00, 0x80, 0x5e, 0x00, 0x00, 0x0b, 0x01, 0x5f, 0x00, 
0x0c, 0x01, 0x5f, 0x00, 0x0a, 0x01, 0x05, 0x00, 0x04, 0x01, 0x05, 0x00, 0x05, 0x40, 0x00, 0x00, 
0x24, 0x00, 0x00, 0x00, 0x04, 0x40, 0x00, 0x00, 0x06, 0x00, 0x00, 0x00, 0x10, 0x40, 0x00, 0x00, 
0x00, 0x6c, 0x00, 0x00, 0x1b, 0x01, 0x5f, 0x00, 0x1c, 0x01, 0x5f, 0x00, 0x1a, 0x01, 0x05, 0x00, 
0x12, 0x01, 0x5f, 0x00, 0x11, 0x01, 0x05, 0x00, 0x13, 0x01, 0x05, 0x00, 0x15, 0x40, 0x00, 0x00, 
0x24, 0x00, 0x00, 0x00, 0x14, 0x40, 0x00, 0x00, 0x06, 0x00, 0x00, 0x00, 0x16, 0x01, 0x09, 0x00, 
0x15, 0x01, 0x01, 0x00, 0x2d, 0x01, 0x1e, 0x00, 0x24, 0x40, 0x1f, 0x00, 0x01, 0x00, 0x00, 0x80, 
0x2f, 0x01, 0x02, 0x00, 0x05, 0x00, 0x01, 0x00, 0x00, 0x40, 0x00, 0x00, 0x00, 0x6c, 0x00, 0x00, 
0x0a, 0x01, 0x23, 0x00, 0x04, 0x01, 0x00, 0x00, 0x04, 0x40, 0x00, 0x00, 0x01, 0x00, 0x00, 0x00, 
0x10, 0x40, 0x00, 0x00, 0x00, 0x51, 0x00, 0x00, 0x1a, 0x01, 0x23, 0x00, 0x11, 0x01, 0x23, 0x00, 
0x13, 0x01, 0x00, 0x00, 0x15, 0x40, 0x00, 0x00, 0x01, 0x00, 0x00, 0x00, 0x14, 0x40, 0x00, 0x00, 
0x60, 0x00, 0x00, 0x00, 0x16, 0x01, 0x07, 0x00, 0x15, 0x01, 0x1d, 0x00, 0x2f, 0x01, 0x03, 0x00, 
0x05, 0x00, 0x01, 0x00, 0x00, 0x40, 0x00, 0x00, 0x00, 0x51, 0x00, 0x00, 0x0b, 0x01, 0x05, 0x00, 
0x0c, 0x01, 0x05, 0x00, 0x0a, 0x01, 0x05, 0x00, 0x04, 0x01, 0x5f, 0x00, 0x05, 0x40, 0x00, 0x00, 
0x40, 0x02, 0x00, 0x00, 0x04, 0x40, 0x00, 0x00, 0x60, 0x00, 0x00, 0x00, 0x10, 0x40, 0x00, 0x00, 
0x80, 0x5e, 0x00, 0x00, 0x1b, 0x01, 0x05, 0x00, 0x1c, 0x01, 0x05, 0x00, 0x1a, 0x01, 0x05, 0x00, 
0x12, 0x01, 0x05, 0x00, 0x11, 0x01, 0x05, 0x00, 0x13, 0x01, 0x5f, 0x00, 0x16, 0x40, 0x00, 0x00, 
0x60, 0x00, 0x00, 0x00, 0x15, 0x40, 0x00, 0x00, 0x40, 0x02, 0x00, 0x00, 0x14, 0x40, 0x00, 0x00, 
0x10, 0x00, 0x00, 0x00, 0x14, 0x01, 0x41, 0x00, 0x20, 0x40, 0x00, 0x00, 0x90, 0x59, 0x03, 0x00, 
0x21, 0x40, 0x00, 0x00, 0x60, 0x22, 0x00, 0x00, 0x22, 0x40, 0x00, 0x00, 0xd0, 0x55, 0x03, 0x00, 
0x23, 0x40, 0x00, 0x00, 0xc0, 0x03, 0x00, 0x00, 0x26, 0x01, 0x00, 0x00, 0x16, 0x01, 0x05, 0x00, 
0x15, 0x01, 0x05, 0x00, 0x17, 0x01, 0x5f, 0x00, 0x2d, 0x01, 0x0e, 0x00, 0x2f, 0x01, 0x00, 0x00, 
0x02, 0x00, 0x00, 0x00, 0x00, 0x40, 0x00, 0x00, 0x80, 0x5e, 0x00, 0x00, 0x06, 0x40, 0x00, 0x00, 
0x60, 0x00, 0x00, 0x00, 0x04, 0x40, 0x00, 0x00, 0x10, 0x00, 0x00, 0x00, 0x05, 0x01, 0x41, 0x00, 
0x00, 0x01, 0x01, 0x00, 0x01, 0x01, 0x01, 0x00, 0x03, 0x01, 0x01, 0x00, 0x02, 0x01, 0x01, 0x00, 
0x10, 0x40, 0x00, 0x00, 0x00, 0x51, 0x00, 0x00, 0x21, 0x01, 0x02, 0x00, 0x20, 0x01, 0x02, 0x00, 
0x20, 0x40, 0x00, 0x00, 0xb0, 0x7f, 0x03, 0x00, 0x21, 0x40, 0x00, 0x00, 0xf0, 0x03, 0x00, 0x00, 
0x22, 0x40, 0x00, 0x00, 0xf0, 0x7b, 0x03, 0x00, 0x26, 0x01, 0x80, 0xff, 0x17, 0x01, 0x1f, 0x00, 
0x2d, 0x01, 0x1e, 0x00, 0x03, 0x00, 0x00, 0x00, 0x00, 0x40, 0x00, 0x00, 0x00, 0x51, 0x00, 0x00, 
0x00, 0x01, 0x00, 0x00, 0x01, 0x01, 0x00, 0x00, 0x03, 0x01, 0x00, 0x00, 0x02, 0x01, 0x00, 0x00, 
0x10, 0x40, 0x00, 0x00, 0x80, 0x5e, 0x00, 0x00, 0x21, 0x01, 0x00, 0x00, 0x20, 0x01, 0x00, 0x00, 
0x20, 0x40, 0x00, 0x00, 0x60, 0x87, 0x03, 0x00, 0x21, 0x40, 0x00, 0x00, 0xf0, 0x21, 0x00, 0x00, 
0x22, 0x40, 0x00, 0x00, 0xa0, 0x83, 0x03, 0x00, 0x26, 0x01, 0x00, 0x00, 0x17, 0x01, 0x5f, 0x00, 
0x2d, 0x01, 0x0e, 0x00, 0x2f, 0x01, 0x02, 0x00, 0x02, 0x00, 0x00, 0x00, 0x00, 0x40, 0x00, 0x00, 
0x80, 0x5e, 0x00, 0x00, 0x10, 0x40, 0x00, 0x00, 0x00, 0x51, 0x00, 0x00, 0x14, 0x01, 0x41, 0x01, 
0x26, 0x01, 0x80, 0xff, 0x17, 0x01, 0x3f, 0x00, 0x24, 0x40, 0x1f, 0x00, 0x99, 0x6f, 0x26, 0x7b, 
0x2f, 0x01, 0x00, 0x00, 0x05, 0x00, 0x01, 0x00, 0x00, 0x40, 0x00, 0x00, 0x00, 0x51, 0x00, 0x00, 
0x10, 0x40, 0x00, 0x00, 0x60, 0x36, 0x00, 0x00, 0x16, 0x40, 0x00, 0x00, 0x01, 0x00, 0x00, 0x00, 
0x15, 0x40, 0x00, 0x00, 0x80, 0x04, 0x00, 0x00, 0x14, 0x40, 0x00, 0x00, 0xc0, 0x00, 0x00, 0x00, 
0x14, 0x01, 0x01, 0x81, 0x16, 0x01, 0x03, 0x00, 0x15, 0x01, 0x03, 0x00, 0x17, 0x01, 0x7f, 0x00, 
0x2d, 0x01, 0x1e, 0x00, 0x24, 0x40, 0x1f, 0x00, 0x01, 0x00, 0x00, 0x80, 0x05, 0x00, 0x01, 0x00, 
0x00, 0x40, 0x00, 0x00, 0x00, 0x36, 0x00, 0x00, 0x04, 0x01, 0xbf, 0x00, 0x06, 0x40, 0x00, 0x00, 
0x01, 0x00, 0x00, 0x00, 0x05, 0x40, 0x00, 0x00, 0x80, 0x04, 0x00, 0x00, 0x04, 0x40, 0x00, 0x00, 
0xc0, 0x00, 0x00, 0x00, 0x05, 0x01, 0x01, 0x00, 0x10, 0x40, 0x00, 0x00, 0x00, 0x51, 0x00, 0x00, 
0x13, 0x01, 0x47, 0x00, 0x16, 0x40, 0x00, 0x00, 0x60, 0x00, 0x00, 0x00, 0x15, 0x40, 0x00, 0x00, 
0xe0, 0x01, 0x00, 0x00, 0x14, 0x40, 0x00, 0x00, 0x10, 0x00, 0x00, 0x00, 0x14, 0x01, 0x41, 0x00, 
0x20, 0x40, 0x00, 0x00, 0x20, 0xac, 0x03, 0x00, 0x21, 0x40, 0x00, 0x00, 0x40, 0x34, 0x00, 0x00, 
0x22, 0x40, 0x00, 0x00, 0x50, 0xa9, 0x03, 0x00, 0x23, 0x40, 0x00, 0x00, 0xd0, 0x02, 0x00, 0x00, 
0x26, 0x01, 0x00, 0x00, 0x16, 0x01, 0x05, 0x00, 0x15, 0x01, 0x05, 0x00, 0x17, 0x01, 0x47, 0x00, 
0x2d, 0x01, 0x0e, 0x00, 0x02, 0x00, 0x00, 0x00, 0x00, 0x40, 0x00, 0x00, 0x00, 0x51, 0x00, 0x00, 
0x04, 0x01, 0x47, 0x00, 0x06, 0x40, 0x00, 0x00, 0x60, 0x00, 0x00, 0x00, 0x05, 0x40, 0x00, 0x00, 
0xe0, 0x01, 0x00, 0x00, 0x04, 0x40, 0x00, 0x00, 0x10, 0x00, 0x00, 0x00, 0x05, 0x01, 0x41, 0x00, 
0x00, 0x01, 0x02, 0x00, 0x01, 0x01, 0x02, 0x00, 0x03, 0x01, 0x02, 0x00, 0x02, 0x01, 0x02, 0x00, 
0x10, 0x40, 0x00, 0x00, 0x40, 0x5c, 0x00, 0x00, 0x21, 0x01, 0x04, 0x00, 0x20, 0x01, 0x04, 0x00, 
0x20, 0x40, 0x00, 0x00, 0x30, 0xe3, 0x03, 0x00, 0x21, 0x40, 0x00, 0x00, 0x10, 0x08, 0x00, 0x00, 
0x22, 0x40, 0x00, 0x00, 0x60, 0xe0, 0x03, 0x00, 0x17, 0x01, 0x0f, 0x00, 0x2d, 0x01, 0x1e, 0x00, 
0x03, 0x00, 0x00, 0x00, 0x00, 0x40, 0x00, 0x00, 0x40, 0x5c, 0x00, 0x00, 0x00, 0x01, 0x00, 0x00, 
0x01, 0x01, 0x00, 0x00, 0x03, 0x01, 0x00, 0x00, 0x02, 0x01, 0x00, 0x00, 0x10, 0x40, 0x00, 0x00, 
0x80, 0x67, 0x00, 0x00, 0x21, 0x01, 0x00, 0x00, 0x20, 0x01, 0x00, 0x00, 0x20, 0x40, 0x00, 0x00, 
0x10, 0xee, 0x03, 0x00, 0x21, 0x40, 0x00, 0x00, 0xc0, 0x17, 0x00, 0x00, 0x22, 0x40, 0x00, 0x00, 
0x40, 0xeb, 0x03, 0x00, 0x26, 0x01, 0x80, 0xff, 0x17, 0x01, 0x47, 0x00, 0x2d, 0x01, 0x0e, 0x00, 
0x2f, 0x01, 0x02, 0x00, 0x02, 0x00, 0x00, 0x00, 0x00, 0x40, 0x00, 0x00, 0x80, 0x67, 0x00, 0x00, 
0x00, 0x01, 0x02, 0x00, 0x01, 0x01, 0x02, 0x00, 0x03, 0x01, 0x02, 0x00, 0x02, 0x01, 0x02, 0x00, 
0x10, 0x40, 0x00, 0x00, 0x40, 0x5c, 0x00, 0x00, 0x21, 0x01, 0x04, 0x00, 0x20, 0x01, 0x04, 0x00, 
0x20, 0x40, 0x00, 0x00, 0xa0, 0x08, 0x04, 0x00, 0x21, 0x40, 0x00, 0x00, 0x10, 0x08, 0x00, 0x00, 
0x22, 0x40, 0x00, 0x00, 0xd0, 0x05, 0x04, 0x00, 0x26, 0x01, 0x00, 0x00, 0x17, 0x01, 0x0f, 0x00, 
0x2d, 0x01, 0x1e, 0x00, 0x2f, 0x01, 0x00, 0x00, 0x03, 0x00, 0x00, 0x00, 0x00, 0x40, 0x00, 0x00, 
0x40, 0x5c, 0x00, 0x00, 0x00, 0x01, 0x00, 0x00, 0x01, 0x01, 0x00, 0x00, 0x03, 0x01, 0x00, 0x00, 
0x02, 0x01, 0x00, 0x00, 0x10, 0x40, 0x00, 0x00, 0x80, 0x67, 0x00, 0x00, 0x18, 0x01, 0xff, 0xff, 
0x21, 0x01, 0x00, 0x00, 0x20, 0x01, 0x00, 0x00, 0x20, 0x40, 0x00, 0x00, 0x80, 0x13, 0x04, 0x00, 
0x21, 0x40, 0x00, 0x00, 0xc0, 0x17, 0x00, 0x00, 0x22, 0x40, 0x00, 0x00, 0xb0, 0x10, 0x04, 0x00, 
0x26, 0x01, 0x80, 0xff, 0x17, 0x01, 0x47, 0x00, 0x2d, 0x01, 0x0e, 0x00, 0x2f, 0x01, 0x02, 0x00, 
0x02, 0x00, 0x00, 0x00, 0x00, 0x40, 0x00, 0x00, 0x80, 0x67, 0x00, 0x00, 0x09, 0x01, 0xff, 0xff, 
0x10, 0x40, 0x00, 0x00, 0xf0, 0x5d, 0x00, 0x00, 0x13, 0x01, 0x0b, 0x00, 0x16, 0x40, 0x00, 0x00, 
0x01, 0x00, 0x00, 0x00, 0x15, 0x40, 0x00, 0x00, 0x48, 0x00, 0x00, 0x00, 0x14, 0x40, 0x00, 0x00, 
0x0c, 0x00, 0x00, 0x00, 0x18, 0x01, 0x00, 0x00, 0x14, 0x01, 0x01, 0x00, 0x20, 0x40, 0x00, 0x00, 
0xc0, 0x2b, 0x04, 0x00, 0x21, 0x40, 0x00, 0x00, 0x20, 0x04, 0x00, 0x00, 0x22, 0x40, 0x00, 0x00, 
0x40, 0x2b, 0x04, 0x00, 0x23, 0x40, 0x00, 0x00, 0x80, 0x00, 0x00, 0x00, 0x17, 0x01, 0x0f, 0x00, 
0x2d, 0x01, 0x1e, 0x00, 0x2f, 0x01, 0x00, 0x00, 0x02, 0x00, 0x00, 0x00, 0x00, 0x40, 0x00, 0x00, 
0xf0, 0x5d, 0x00, 0x00, 0x0b, 0x01, 0x23, 0x00, 0x0c, 0x01, 0x23, 0x00, 0x0a, 0x01, 0x0b, 0x00, 
0x04, 0x01, 0x00, 0x00, 0x06, 0x40, 0x00, 0x00, 0x01, 0x00, 0x00, 0x00, 0x05, 0x40, 0x00, 0x00, 
0x0c, 0x00, 0x00, 0x00, 0x04, 0x40, 0x00, 0x00, 0x01, 0x00, 0x00, 0x00, 0x09, 0x01, 0x00, 0x00, 
0x05, 0x01, 0x01, 0x00, 0x10, 0x40, 0x00, 0x00, 0x40, 0x5c, 0x00, 0x00, 0x1b, 0x01, 0x23, 0x00, 
0x1c, 0x01, 0x23, 0x00, 0x1a, 0x01, 0x0b, 0x00, 0x12, 0x01, 0x23, 0x00, 0x11, 0x01, 0x0b, 0x00, 
0x13, 0x01, 0x00, 0x00, 0x15, 0x40, 0x00, 0x00, 0x01, 0x00, 0x00, 0x00, 0x14, 0x40, 0x00, 0x00, 
0x24, 0x00, 0x00, 0x00, 0x14, 0x01, 0x01, 0x01, 0x16, 0x01, 0x03, 0x00, 0x15, 0x01, 0x09, 0x00, 
0x17, 0x01, 0x07, 0x00, 0x05, 0x00, 0x01, 0x00, 0x00, 0x40, 0x00, 0x00, 0x00, 0x51, 0x00, 0x00, 
0x0b, 0x01, 0x05, 0x00, 0x0c, 0x01, 0x05, 0x00, 0x0a, 0x01, 0x05, 0x00, 0x04, 0x01, 0x47, 0x00, 
0x06, 0x40, 0x00, 0x00, 0x60, 0x00, 0x00, 0x00, 0x05, 0x40, 0x00, 0x00, 0xe0, 0x01, 0x00, 0x00, 
0x04, 0x40, 0x00, 0x00, 0x10, 0x00, 0x00, 0x00, 0x05, 0x01, 0x41, 0x00, 0x00, 0x01, 0x02, 0x00, 
0x01, 0x01, 0x02, 0x00, 0x03, 0x01, 0x02, 0x00, 0x02, 0x01, 0x02, 0x00, 0x10, 0x40, 0x00, 0x00, 
0xf0, 0x5d, 0x00, 0x00, 0x1b, 0x01, 0x05, 0x00, 0x1c, 0x01, 0x05, 0x00, 0x1a, 0x01, 0x05, 0x00, 
0x12, 0x01, 0x05, 0x00, 0x11, 0x01, 0x05, 0x00, 0x13, 0x01, 0x47, 0x00, 0x16, 0x40, 0x00, 0x00, 
0x60, 0x00, 0x00, 0x00, 0x15, 0x40, 0x00, 0x00, 0xe0, 0x01, 0x00, 0x00, 0x14, 0x40, 0x00, 0x00, 
0x10, 0x00, 0x00, 0x00, 0x14, 0x01, 0x41, 0x00, 0x21, 0x01, 0x04, 0x00, 0x20, 0x01, 0x04, 0x00, 
0x20, 0x40, 0x00, 0x00, 0xb0, 0x32, 0x04, 0x00, 0x21, 0x40, 0x00, 0x00, 0x10, 0x08, 0x00, 0x00, 
0x22, 0x40, 0x00, 0x00, 0xe0, 0x2f, 0x04, 0x00, 0x23, 0x40, 0x00, 0x00, 0xd0, 0x02, 0x00, 0x00, 
0x26, 0x01, 0x00, 0x00, 0x16, 0x01, 0x05, 0x00, 0x15, 0x01, 0x05, 0x00, 0x17, 0x01, 0x0f, 0x00, 
0x2f, 0x01, 0x03, 0x00, 0x03, 0x00, 0x00, 0x00, 0x00, 0x40, 0x00, 0x00, 0xf0, 0x5d, 0x00, 0x00, 
0x00, 0x01, 0x00, 0x00, 0x01, 0x01, 0x00, 0x00, 0x03, 0x01, 0x00, 0x00, 0x02, 0x01, 0x00, 0x00, 
0x10, 0x40, 0x00, 0x00, 0x00, 0x51, 0x00, 0x00, 0x21, 0x01, 0x00, 0x00, 0x20, 0x01, 0x00, 0x00, 
0x20, 0x40, 0x00, 0x00, 0x90, 0x3d, 0x04, 0x00, 0x21, 0x40, 0x00, 0x00, 0xc0, 0x17, 0x00, 0x00, 
0x22, 0x40, 0x00, 0x00, 0xc0, 0x3a, 0x04, 0x00, 0x26, 0x01, 0x80, 0xff, 0x17, 0x01, 0x47, 0x00, 
0x2d, 0x01, 0x0e, 0x00, 0x2f, 0x01, 0x02, 0x00, 0x02, 0x00, 0x00, 0x00, 0x00, 0x40, 0x00, 0x00, 
0x00, 0x51, 0x00, 0x00, 0x00, 0x01, 0x02, 0x00, 0x01, 0x01, 0x02, 0x00, 0x03, 0x01, 0x02, 0x00, 
0x02, 0x01, 0x02, 0x00, 0x10, 0x40, 0x00, 0x00, 0xf0, 0x5d, 0x00, 0x00, 0x21, 0x01, 0x04, 0x00, 
0x20, 0x01, 0x04, 0x00, 0x20, 0x40, 0x00, 0x00, 0x20, 0x58, 0x04, 0x00, 0x21, 0x40, 0x00, 0x00, 
0x00, 0x08, 0x00, 0x00, 0x22, 0x40, 0x00, 0x00, 0x50, 0x55, 0x04, 0x00, 0x26, 0x01, 0x00, 0x00, 
0x17, 0x01, 0x0f, 0x00, 0x2d, 0x01, 0x1e, 0x00, 0x2f, 0x01, 0x00, 0x00, 0x03, 0x00, 0x00, 0x00, 
0x00, 0x40, 0x00, 0x00, 0xf0, 0x5d, 0x00, 0x00, 0x00, 0x01, 0x00, 0x00, 0x01, 0x01, 0x00, 0x00, 
0x03, 0x01, 0x00, 0x00, 0x02, 0x01, 0x00, 0x00, 0x10, 0x40, 0x00, 0x00, 0x00, 0x51, 0x00, 0x00, 
0x21, 0x01, 0x00, 0x00, 0x20, 0x01, 0x00, 0x00, 0x20, 0x40, 0x00, 0x00, 0xf0, 0x62, 0x04, 0x00, 
0x21, 0x40, 0x00, 0x00, 0xc0, 0x17, 0x00, 0x00, 0x22, 0x40, 0x00, 0x00, 0x20, 0x60, 0x04, 0x00, 
0x26, 0x01, 0x80, 0xff, 0x17, 0x01, 0x47, 0x00, 0x2d, 0x01, 0x0e, 0x00, 0x2f, 0x01, 0x02, 0x00, 
0x02, 0x00, 0x00, 0x00, 0x00, 0x40, 0x00, 0x00, 0x00, 0x51, 0x00, 0x00, 0x10, 0x40, 0x00, 0x00, 
0x60, 0x5e, 0x00, 0x00, 0x13, 0x01, 0x02, 0x00, 0x16, 0x40, 0x00, 0x00, 0x01, 0x00, 0x00, 0x00, 
0x15, 0x40, 0x00, 0x00, 0x12, 0x00, 0x00, 0x00, 0x14, 0x40, 0x00, 0x00, 0x03, 0x00, 0x00, 0x00, 
0x14, 0x01, 0x01, 0x00, 0x20, 0x40, 0x00, 0x00, 0xd0, 0x7a, 0x04, 0x00, 0x21, 0x40, 0x00, 0x00, 
0x30, 0x01, 0x00, 0x00, 0x22, 0x40, 0x00, 0x00, 0xb0, 0x7a, 0x04, 0x00, 0x23, 0x40, 0x00, 0x00, 
0x20, 0x00, 0x00, 0x00, 0x17, 0x01, 0x07, 0x00, 0x2d, 0x01, 0x1e, 0x00, 0x2f, 0x01, 0x00, 0x00, 
0x02, 0x00, 0x00, 0x00, 0x00, 0x40, 0x00, 0x00, 0x60, 0x5e, 0x00, 0x00, 0x0b, 0x01, 0x23, 0x00, 
0x0c, 0x01, 0x23, 0x00, 0x0a, 0x01, 0x02, 0x00, 0x04, 0x01, 0x00, 0x00, 0x06, 0x40, 0x00, 0x00, 
0x01, 0x00, 0x00, 0x00, 0x05, 0x40, 0x00, 0x00, 0x03, 0x00, 0x00, 0x00, 0x04, 0x40, 0x00, 0x00, 
0x01, 0x00, 0x00, 0x00, 0x05, 0x01, 0x01, 0x00, 0x10, 0x40, 0x00, 0x00, 0xf0, 0x5d, 0x00, 0x00, 
0x1b, 0x01, 0x23, 0x00, 0x1c, 0x01, 0x23, 0x00, 0x1a, 0x01, 0x02, 0x00, 0x12, 0x01, 0x23, 0x00, 
0x11, 0x01, 0x02, 0x00, 0x13, 0x01, 0x00, 0x00, 0x15, 0x40, 0x00, 0x00, 0x01, 0x00, 0x00, 0x00, 
0x14, 0x40, 0x00, 0x00, 0x24, 0x00, 0x00, 0x00, 0x14, 0x01, 0x01, 0x01, 0x16, 0x01, 0x19, 0x00, 
0x15, 0x01, 0x01, 0x00, 0x05, 0x00, 0x01, 0x00, 0x00, 0x40, 0x00, 0x00, 0x00, 0x51, 0x00, 0x00, 
0x0b, 0x01, 0x05, 0x00, 0x0c, 0x01, 0x05, 0x00, 0x0a, 0x01, 0x05, 0x00, 0x04, 0x01, 0x47, 0x00, 
0x06, 0x40, 0x00, 0x00, 0x60, 0x00, 0x00, 0x00, 0x05, 0x40, 0x00, 0x00, 0xe0, 0x01, 0x00, 0x00, 
0x04, 0x40, 0x00, 0x00, 0x10, 0x00, 0x00, 0x00, 0x05, 0x01, 0x41, 0x00, 0x10, 0x40, 0x00, 0x00, 
0x60, 0x5e, 0x00, 0x00, 0x1b, 0x01, 0x05, 0x00, 0x1c, 0x01, 0x05, 0x00, 0x1a, 0x01, 0x05, 0x00, 
0x12, 0x01, 0x05, 0x00, 0x11, 0x01, 0x05, 0x00, 0x13, 0x01, 0x03, 0x00, 0x15, 0x40, 0x00, 0x00, 
0x18, 0x00, 0x00, 0x00, 0x14, 0x40, 0x00, 0x00, 0x04, 0x00, 0x00, 0x00, 0x14, 0x01, 0x01, 0x00, 
0x20, 0x40, 0x00, 0x00, 0x30, 0x7c, 0x04, 0x00, 0x21, 0x40, 0x00, 0x00, 0x70, 0x01, 0x00, 0x00, 
0x22, 0x40, 0x00, 0x00, 0x00, 0x7c, 0x04, 0x00, 0x23, 0x40, 0x00, 0x00, 0x30, 0x00, 0x00, 0x00, 
0x16, 0x01, 0x05, 0x00, 0x15, 0x01, 0x05, 0x00, 0x2f, 0x01, 0x03, 0x00, 0x02, 0x00, 0x00, 0x00, 
0x00, 0x40, 0x00, 0x00, 0x60, 0x5e, 0x00, 0x00, 0x0b, 0x01, 0x23, 0x00, 0x0c, 0x01, 0x23, 0x00, 
0x0a, 0x01, 0x03, 0x00, 0x04, 0x01, 0x00, 0x00, 0x06, 0x40, 0x00, 0x00, 0x01, 0x00, 0x00, 0x00, 
0x05, 0x40, 0x00, 0x00, 0x04, 0x00, 0x00, 0x00, 0x04, 0x40, 0x00, 0x00, 0x01, 0x00, 0x00, 0x00, 
0x05, 0x01, 0x01, 0x00, 0x10, 0x40, 0x00, 0x00, 0x00, 0x51, 0x00, 0x00, 0x1b, 0x01, 0x23, 0x00, 
0x1c, 0x01, 0x23, 0x00, 0x1a, 0x01, 0x03, 0x00, 0x12, 0x01, 0x23, 0x00, 0x11, 0x01, 0x03, 0x00, 
0x13, 0x01, 0x00, 0x00, 0x15, 0x40, 0x00, 0x00, 0x01, 0x00, 0x00, 0x00, 0x14, 0x40, 0x00, 0x00, 
0x24, 0x00, 0x00, 0x00, 0x14, 0x01, 0x01, 0x01, 0x16, 0x01, 0x03, 0x00, 0x15, 0x01, 0x03, 0x00, 
0x2f, 0x01, 0x00, 0x00, 0x05, 0x00, 0x01, 0x00, 0x00, 0x00, 0xff, 0xff
};
